game_date,home_team_abbr,away_team_abbr,home_score,away_score,SEASON
2000-10-06,WSH,LAK,1.0,4.0,20002001
2000-10-07,BUF,LAK,5.0,3.0,20002001
2000-10-09,CBJ,LAK,1.0,7.0,20002001
2000-10-11,LAK,STL,4.0,4.0,20002001
2000-10-13,LAK,BOS,5.0,0.0,20002001
2000-10-15,LAK,PHX,5.0,6.0,20002001
2000-10-17,NSH,LAK,1.0,1.0,20002001
2000-10-19,STL,LAK,7.0,1.0,20002001
2000-10-21,DAL,LAK,4.0,3.0,20002001
2000-10-23,ANA,LAK,4.0,5.0,20002001
2000-10-25,LAK,ANA,6.0,2.0,20002001
2000-10-28,PHX,LAK,3.0,1.0,20002001
2000-10-31,CBJ,LAK,4.0,1.0,20002001
2000-11-02,ATL,LAK,2.0,5.0,20002001
2000-11-04,NJD,LAK,1.0,2.0,20002001
2000-11-05,NYI,LAK,1.0,4.0,20002001
2000-11-07,LAK,PHX,3.0,3.0,20002001
2000-11-09,LAK,VAN,2.0,0.0,20002001
2000-11-11,LAK,DET,2.0,2.0,20002001
2000-11-16,LAK,NYI,5.0,1.0,20002001
2000-11-18,LAK,COL,6.0,4.0,20002001
2000-11-23,LAK,NJD,1.0,6.0,20002001
2000-11-25,PIT,LAK,2.0,2.0,20002001
2000-11-26,BOS,LAK,4.0,4.0,20002001
2000-11-28,NYR,LAK,7.0,6.0,20002001
2000-12-02,LAK,MIN,3.0,2.0,20002001
2000-12-03,ANA,LAK,4.0,0.0,20002001
2000-12-07,LAK,DAL,5.0,2.0,20002001
2000-12-09,EDM,LAK,2.0,4.0,20002001
2000-12-10,VAN,LAK,1.0,2.0,20002001
2000-12-14,LAK,NYR,5.0,5.0,20002001
2000-12-16,LAK,TBL,3.0,4.0,20002001
2000-12-19,LAK,ATL,6.0,7.0,20002001
2000-12-21,COL,LAK,5.0,2.0,20002001
2000-12-22,MIN,LAK,4.0,3.0,20002001
2000-12-26,LAK,SJS,1.0,2.0,20002001
2000-12-28,STL,LAK,2.0,5.0,20002001
2000-12-29,DAL,LAK,1.0,4.0,20002001
2000-12-31,DET,LAK,2.0,1.0,20002001
2001-01-02,COL,LAK,6.0,2.0,20002001
2001-01-04,LAK,FLA,3.0,4.0,20002001
2001-01-06,LAK,CGY,5.0,0.0,20002001
2001-01-11,LAK,BUF,3.0,2.0,20002001
2001-01-13,LAK,STL,2.0,4.0,20002001
2001-01-16,OTT,LAK,6.0,7.0,20002001
2001-01-17,TOR,LAK,1.0,2.0,20002001
2001-01-20,CAR,LAK,3.0,6.0,20002001
2001-01-22,PHI,LAK,3.0,0.0,20002001
2001-01-25,LAK,CGY,0.0,3.0,20002001
2001-01-27,LAK,MIN,1.0,4.0,20002001
2001-01-30,LAK,DAL,8.0,0.0,20002001
2001-02-01,LAK,NSH,4.0,6.0,20002001
2001-02-06,LAK,CHI,3.0,3.0,20002001
2001-02-08,LAK,CAR,4.0,2.0,20002001
2001-02-10,LAK,WSH,3.0,4.0,20002001
2001-02-12,LAK,EDM,3.0,6.0,20002001
2001-02-14,DAL,LAK,4.0,2.0,20002001
2001-02-16,MIN,LAK,0.0,4.0,20002001
2001-02-18,CHI,LAK,3.0,0.0,20002001
2001-02-20,EDM,LAK,5.0,0.0,20002001
2001-02-22,CGY,LAK,0.0,2.0,20002001
2001-02-24,LAK,CBJ,3.0,1.0,20002001
2001-02-27,NSH,LAK,1.0,2.0,20002001
2001-03-01,CHI,LAK,2.0,2.0,20002001
2001-03-03,LAK,DET,6.0,3.0,20002001
2001-03-04,ANA,LAK,4.0,0.0,20002001
2001-03-06,LAK,MTL,4.0,3.0,20002001
2001-03-08,LAK,NSH,4.0,1.0,20002001
2001-03-10,LAK,CHI,2.0,2.0,20002001
2001-03-14,SJS,LAK,1.0,4.0,20002001
2001-03-17,LAK,SJS,1.0,0.0,20002001
2001-03-19,LAK,PHX,6.0,2.0,20002001
2001-03-21,LAK,EDM,0.0,7.0,20002001
2001-03-24,LAK,ANA,3.0,3.0,20002001
2001-03-26,LAK,SJS,0.0,0.0,20002001
2001-03-27,SJS,LAK,3.0,2.0,20002001
2001-03-29,LAK,CBJ,3.0,0.0,20002001
2001-03-31,LAK,COL,4.0,0.0,20002001
2001-04-02,LAK,VAN,3.0,1.0,20002001
2001-04-03,PHX,LAK,2.0,2.0,20002001
2001-04-05,VAN,LAK,3.0,2.0,20002001
2001-04-07,CGY,LAK,2.0,3.0,20002001
2001-04-11,DET,LAK,5.0,3.0,20002001
2001-04-14,DET,LAK,4.0,0.0,20002001
2001-04-15,LAK,DET,2.0,1.0,20002001
2001-04-18,LAK,DET,4.0,3.0,20002001
2001-04-21,DET,LAK,2.0,3.0,20002001
2001-04-23,LAK,DET,3.0,2.0,20002001
2001-04-26,COL,LAK,3.0,4.0,20002001
2001-04-28,COL,LAK,2.0,0.0,20002001
2001-04-30,LAK,COL,3.0,4.0,20002001
2001-05-02,LAK,COL,0.0,3.0,20002001
2001-05-04,COL,LAK,0.0,1.0,20002001
2001-05-06,LAK,COL,1.0,0.0,20002001
2001-05-09,COL,LAK,5.0,1.0,20002001
2001-10-04,LAK,PHX,2.0,2.0,20012002
2001-10-07,LAK,MIN,3.0,4.0,20012002
2001-10-09,DAL,LAK,2.0,1.0,20012002
2001-10-11,STL,LAK,5.0,6.0,20012002
2001-10-13,LAK,TBL,0.0,1.0,20012002
2001-10-16,LAK,WSH,2.0,3.0,20012002
2001-10-18,LAK,ANA,4.0,1.0,20012002
2001-10-20,DET,LAK,3.0,2.0,20012002
2001-10-23,CBJ,LAK,1.0,7.0,20012002
2001-10-25,TBL,LAK,3.0,0.0,20012002
2001-10-26,FLA,LAK,3.0,2.0,20012002
2001-10-28,CAR,LAK,3.0,2.0,20012002
2001-10-30,CHI,LAK,5.0,1.0,20012002
2001-11-01,LAK,CHI,2.0,3.0,20012002
2001-11-03,LAK,ATL,4.0,1.0,20012002
2001-11-08,LAK,CGY,2.0,3.0,20012002
2001-11-10,LAK,DET,3.0,2.0,20012002
2001-11-15,LAK,DAL,3.0,4.0,20012002
2001-11-17,DET,LAK,4.0,2.0,20012002
2001-11-18,MIN,LAK,2.0,2.0,20012002
2001-11-20,CGY,LAK,5.0,5.0,20012002
2001-11-22,EDM,LAK,2.0,4.0,20012002
2001-11-24,LAK,SJS,3.0,1.0,20012002
2001-11-29,LAK,EDM,1.0,3.0,20012002
2001-12-01,LAK,NSH,4.0,2.0,20012002
2001-12-03,LAK,CGY,0.0,2.0,20012002
2001-12-06,LAK,STL,1.0,1.0,20012002
2001-12-08,STL,LAK,2.0,0.0,20012002
2001-12-09,CHI,LAK,2.0,5.0,20012002
2001-12-11,NSH,LAK,1.0,1.0,20012002
2001-12-13,LAK,VAN,6.0,3.0,20012002
2001-12-15,LAK,CBJ,3.0,2.0,20012002
2001-12-16,ANA,LAK,2.0,3.0,20012002
2001-12-18,TOR,LAK,1.0,3.0,20012002
2001-12-20,OTT,LAK,2.0,4.0,20012002
2001-12-22,MTL,LAK,2.0,1.0,20012002
2001-12-26,PHX,LAK,1.0,1.0,20012002
2001-12-27,LAK,ANA,2.0,2.0,20012002
2001-12-29,LAK,NYR,4.0,5.0,20012002
2002-01-02,LAK,FLA,3.0,1.0,20012002
2002-01-05,NYI,LAK,0.0,3.0,20012002
2002-01-07,NJD,LAK,2.0,3.0,20012002
2002-01-09,NYR,LAK,0.0,4.0,20012002
2002-01-10,BOS,LAK,5.0,0.0,20012002
2002-01-12,SJS,LAK,2.0,3.0,20012002
2002-01-15,LAK,NSH,2.0,0.0,20012002
2002-01-17,LAK,BUF,4.0,2.0,20012002
2002-01-19,LAK,NYI,2.0,3.0,20012002
2002-01-21,ANA,LAK,2.0,4.0,20012002
2002-01-24,LAK,MIN,4.0,1.0,20012002
2002-01-26,LAK,COL,2.0,4.0,20012002
2002-01-28,COL,LAK,4.0,6.0,20012002
2002-01-30,MIN,LAK,0.0,2.0,20012002
2002-02-04,LAK,PHI,1.0,3.0,20012002
2002-02-07,LAK,CAR,2.0,1.0,20012002
2002-02-08,PHX,LAK,6.0,5.0,20012002
2002-02-11,LAK,DAL,2.0,1.0,20012002
2002-02-13,LAK,PHX,2.0,2.0,20012002
2002-02-26,CBJ,LAK,1.0,5.0,20012002
2002-02-27,PIT,LAK,4.0,5.0,20012002
2002-03-02,LAK,CBJ,0.0,2.0,20012002
2002-03-04,LAK,OTT,1.0,1.0,20012002
2002-03-06,DAL,LAK,3.0,2.0,20012002
2002-03-07,NSH,LAK,2.0,3.0,20012002
2002-03-09,COL,LAK,4.0,3.0,20012002
2002-03-11,LAK,CHI,2.0,1.0,20012002
2002-03-14,LAK,STL,2.0,1.0,20012002
2002-03-16,LAK,PIT,4.0,3.0,20012002
2002-03-18,SJS,LAK,2.0,3.0,20012002
2002-03-21,LAK,COL,3.0,1.0,20012002
2002-03-23,LAK,SJS,3.0,0.0,20012002
2002-03-24,PHX,LAK,4.0,0.0,20012002
2002-03-26,VAN,LAK,4.0,0.0,20012002
2002-03-28,EDM,LAK,2.0,2.0,20012002
2002-03-30,CGY,LAK,5.0,3.0,20012002
2002-04-02,LAK,VAN,4.0,4.0,20012002
2002-04-04,LAK,DET,3.0,0.0,20012002
2002-04-06,LAK,EDM,4.0,3.0,20012002
2002-04-08,LAK,DAL,3.0,0.0,20012002
2002-04-11,VAN,LAK,5.0,2.0,20012002
2002-04-13,SJS,LAK,3.0,1.0,20012002
2002-04-14,LAK,ANA,1.0,0.0,20012002
2002-04-18,COL,LAK,4.0,3.0,20012002
2002-04-20,COL,LAK,5.0,3.0,20012002
2002-04-22,LAK,COL,3.0,1.0,20012002
2002-04-23,LAK,COL,0.0,1.0,20012002
2002-04-25,COL,LAK,0.0,1.0,20012002
2002-04-27,LAK,COL,3.0,1.0,20012002
2002-04-29,COL,LAK,4.0,0.0,20012002
2002-10-09,LAK,PHX,4.0,1.0,20022003
2002-10-12,LAK,DET,3.0,2.0,20022003
2002-10-16,ANA,LAK,2.0,4.0,20022003
2002-10-17,LAK,COL,1.0,4.0,20022003
2002-10-19,LAK,VAN,2.0,2.0,20022003
2002-10-23,DET,LAK,3.0,3.0,20022003
2002-10-25,NYR,LAK,2.0,6.0,20022003
2002-10-27,CBJ,LAK,5.0,1.0,20022003
2002-10-29,ATL,LAK,0.0,4.0,20022003
2002-10-31,CHI,LAK,2.0,1.0,20022003
2002-11-02,LAK,NSH,6.0,5.0,20022003
2002-11-04,LAK,MIN,2.0,5.0,20022003
2002-11-05,SJS,LAK,5.0,2.0,20022003
2002-11-08,OTT,LAK,2.0,3.0,20022003
2002-11-09,MTL,LAK,3.0,1.0,20022003
2002-11-12,TOR,LAK,4.0,3.0,20022003
2002-11-14,VAN,LAK,3.0,2.0,20022003
2002-11-16,EDM,LAK,1.0,4.0,20022003
2002-11-19,MIN,LAK,2.0,2.0,20022003
2002-11-21,STL,LAK,3.0,2.0,20022003
2002-11-23,LAK,DAL,2.0,0.0,20022003
2002-11-27,LAK,FLA,2.0,5.0,20022003
2002-11-29,ANA,LAK,2.0,2.0,20022003
2002-11-30,LAK,CHI,4.0,1.0,20022003
2002-12-05,LAK,NSH,2.0,3.0,20022003
2002-12-07,LAK,CBJ,2.0,4.0,20022003
2002-12-10,NSH,LAK,0.0,3.0,20022003
2002-12-11,DAL,LAK,0.0,3.0,20022003
2002-12-14,LAK,PIT,3.0,2.0,20022003
2002-12-15,PHX,LAK,2.0,1.0,20022003
2002-12-17,LAK,STL,6.0,2.0,20022003
2002-12-19,LAK,ANA,5.0,4.0,20022003
2002-12-22,CHI,LAK,3.0,1.0,20022003
2002-12-23,STL,LAK,5.0,0.0,20022003
2002-12-26,LAK,PHX,4.0,3.0,20022003
2002-12-29,COL,LAK,6.0,1.0,20022003
2002-12-30,LAK,CHI,0.0,2.0,20022003
2003-01-02,LAK,PHI,1.0,4.0,20022003
2003-01-04,LAK,DAL,2.0,3.0,20022003
2003-01-06,MIN,LAK,2.0,3.0,20022003
2003-01-07,DAL,LAK,7.0,4.0,20022003
2003-01-09,LAK,EDM,4.0,5.0,20022003
2003-01-11,LAK,STL,1.0,2.0,20022003
2003-01-13,LAK,SJS,3.0,2.0,20022003
2003-01-16,EDM,LAK,2.0,0.0,20022003
2003-01-18,CGY,LAK,2.0,1.0,20022003
2003-01-22,ANA,LAK,6.0,5.0,20022003
2003-01-23,LAK,MIN,1.0,2.0,20022003
2003-01-25,LAK,NJD,2.0,1.0,20022003
2003-01-27,LAK,SJS,0.0,3.0,20022003
2003-01-28,SJS,LAK,3.0,1.0,20022003
2003-01-30,LAK,OTT,3.0,0.0,20022003
2003-02-05,LAK,PHX,4.0,3.0,20022003
2003-02-07,LAK,CAR,8.0,2.0,20022003
2003-02-09,DAL,LAK,3.0,1.0,20022003
2003-02-11,NSH,LAK,2.0,3.0,20022003
2003-02-13,LAK,CGY,4.0,2.0,20022003
2003-02-15,LAK,NYI,2.0,3.0,20022003
2003-02-17,LAK,SJS,3.0,2.0,20022003
2003-02-20,PHI,LAK,5.0,0.0,20022003
2003-02-21,BUF,LAK,1.0,4.0,20022003
2003-02-24,DET,LAK,5.0,4.0,20022003
2003-02-25,PIT,LAK,3.0,5.0,20022003
2003-02-27,CBJ,LAK,3.0,1.0,20022003
2003-03-01,LAK,ATL,4.0,1.0,20022003
2003-03-04,LAK,ANA,1.0,2.0,20022003
2003-03-06,LAK,EDM,1.0,2.0,20022003
2003-03-08,LAK,MTL,2.0,1.0,20022003
2003-03-10,LAK,DET,2.0,3.0,20022003
2003-03-12,TBL,LAK,4.0,2.0,20022003
2003-03-14,WSH,LAK,1.0,3.0,20022003
2003-03-15,CAR,LAK,0.0,0.0,20022003
2003-03-18,LAK,CGY,1.0,4.0,20022003
2003-03-20,LAK,TBL,2.0,2.0,20022003
2003-03-22,LAK,BOS,3.0,4.0,20022003
2003-03-25,LAK,CBJ,1.0,2.0,20022003
2003-03-27,COL,LAK,3.0,0.0,20022003
2003-03-29,LAK,VAN,1.0,5.0,20022003
2003-03-31,PHX,LAK,4.0,5.0,20022003
2003-04-02,LAK,COL,5.0,3.0,20022003
2003-04-04,CGY,LAK,2.0,1.0,20022003
2003-04-06,VAN,LAK,0.0,2.0,20022003
2003-10-09,DET,LAK,3.0,2.0,20032004
2003-10-10,PIT,LAK,0.0,3.0,20032004
2003-10-12,CHI,LAK,2.0,4.0,20032004
2003-10-15,LAK,OTT,4.0,3.0,20032004
2003-10-18,LAK,BOS,3.0,4.0,20032004
2003-10-21,LAK,PHI,4.0,0.0,20032004
2003-10-23,LAK,BUF,1.0,5.0,20032004
2003-10-25,LAK,CHI,2.0,3.0,20032004
2003-10-30,LAK,VAN,1.0,3.0,20032004
2003-11-01,LAK,PHX,7.0,3.0,20032004
2003-11-05,FLA,LAK,2.0,3.0,20032004
2003-11-06,TBL,LAK,0.0,1.0,20032004
2003-11-08,CAR,LAK,3.0,2.0,20032004
2003-11-10,WSH,LAK,2.0,3.0,20032004
2003-11-13,LAK,TOR,4.0,4.0,20032004
2003-11-15,LAK,STL,0.0,1.0,20032004
2003-11-19,LAK,NSH,3.0,0.0,20032004
2003-11-21,DAL,LAK,3.0,1.0,20032004
2003-11-22,COL,LAK,0.0,2.0,20032004
2003-11-25,LAK,NJD,0.0,4.0,20032004
2003-11-27,PHX,LAK,6.0,4.0,20032004
2003-11-29,LAK,CHI,3.0,1.0,20032004
2003-11-30,DAL,LAK,1.0,2.0,20032004
2003-12-02,STL,LAK,4.0,1.0,20032004
2003-12-04,LAK,DAL,3.0,0.0,20032004
2003-12-06,LAK,WSH,7.0,3.0,20032004
2003-12-08,DET,LAK,3.0,2.0,20032004
2003-12-10,ATL,LAK,4.0,3.0,20032004
2003-12-11,NSH,LAK,1.0,4.0,20032004
2003-12-13,STL,LAK,2.0,1.0,20032004
2003-12-16,LAK,EDM,4.0,2.0,20032004
2003-12-18,LAK,PHX,4.0,4.0,20032004
2003-12-20,LAK,COL,3.0,3.0,20032004
2003-12-22,VAN,LAK,4.0,4.0,20032004
2003-12-26,SJS,LAK,5.0,0.0,20032004
2003-12-27,LAK,SJS,4.0,4.0,20032004
2003-12-30,LAK,NYR,2.0,3.0,20032004
2003-12-31,PHX,LAK,4.0,0.0,20032004
2004-01-03,LAK,DAL,2.0,2.0,20032004
2004-01-07,ANA,LAK,4.0,4.0,20032004
2004-01-08,LAK,VAN,1.0,3.0,20032004
2004-01-10,LAK,CBJ,2.0,2.0,20032004
2004-01-13,NSH,LAK,0.0,0.0,20032004
2004-01-14,MIN,LAK,2.0,2.0,20032004
2004-01-16,CBJ,LAK,3.0,2.0,20032004
2004-01-18,CHI,LAK,1.0,2.0,20032004
2004-01-20,LAK,CGY,4.0,1.0,20032004
2004-01-22,LAK,DET,4.0,5.0,20032004
2004-01-24,LAK,ANA,4.0,2.0,20032004
2004-01-26,LAK,MIN,2.0,2.0,20032004
2004-01-28,ANA,LAK,3.0,4.0,20032004
2004-01-29,LAK,COL,3.0,3.0,20032004
2004-01-31,EDM,LAK,3.0,4.0,20032004
2004-02-03,CGY,LAK,4.0,4.0,20032004
2004-02-10,MIN,LAK,1.0,3.0,20032004
2004-02-11,CBJ,LAK,3.0,2.0,20032004
2004-02-13,BUF,LAK,8.0,3.0,20032004
2004-02-15,NJD,LAK,3.0,2.0,20032004
2004-02-16,NYI,LAK,1.0,1.0,20032004
2004-02-18,LAK,DAL,3.0,4.0,20032004
2004-02-21,LAK,CBJ,4.0,3.0,20032004
2004-02-23,LAK,NSH,3.0,0.0,20032004
2004-02-25,DAL,LAK,1.0,1.0,20032004
2004-02-28,LAK,ANA,2.0,1.0,20032004
2004-02-29,ANA,LAK,6.0,3.0,20032004
2004-03-04,LAK,MIN,1.0,1.0,20032004
2004-03-06,LAK,MTL,2.0,4.0,20032004
2004-03-09,LAK,PHX,3.0,2.0,20032004
2004-03-10,PHX,LAK,1.0,3.0,20032004
2004-03-13,SJS,LAK,3.0,1.0,20032004
2004-03-14,LAK,ANA,5.0,1.0,20032004
2004-03-16,LAK,STL,3.0,5.0,20032004
2004-03-18,LAK,SJS,3.0,5.0,20032004
2004-03-20,LAK,DET,2.0,4.0,20032004
2004-03-22,LAK,EDM,1.0,2.0,20032004
2004-03-24,VAN,LAK,1.0,0.0,20032004
2004-03-26,EDM,LAK,3.0,1.0,20032004
2004-03-27,CGY,LAK,3.0,2.0,20032004
2004-03-29,COL,LAK,2.0,1.0,20032004
2004-03-31,LAK,SJS,0.0,3.0,20032004
2004-04-02,LAK,CGY,2.0,3.0,20032004
2004-04-04,SJS,LAK,4.0,3.0,20032004
2005-09-17,LAK,ANA,4.0,2.0,20052006
2005-09-18,SJS,LAK,4.0,3.0,20052006
2005-09-20,PHX,LAK,4.0,8.0,20052006
2005-09-24,LAK,COL,1.0,2.0,20052006
2005-09-25,LAK,PHX,7.0,4.0,20052006
2005-09-27,LAK,SJS,3.0,5.0,20052006
2005-09-29,COL,LAK,3.0,4.0,20052006
2005-09-30,ANA,LAK,4.0,5.0,20052006
2005-10-05,DAL,LAK,5.0,4.0,20052006
2005-10-06,LAK,PHX,3.0,2.0,20052006
2005-10-09,LAK,MIN,2.0,1.0,20052006
2005-10-11,LAK,EDM,3.0,1.0,20052006
2005-10-13,LAK,DET,2.0,5.0,20052006
2005-10-16,LAK,CBJ,3.0,1.0,20052006
2005-10-19,COL,LAK,4.0,5.0,20052006
2005-10-20,DAL,LAK,2.0,7.0,20052006
2005-10-23,LAK,CGY,2.0,3.0,20052006
2005-10-25,LAK,ANA,3.0,1.0,20052006
2005-10-28,LAK,SJS,4.0,5.0,20052006
2005-10-29,LAK,STL,5.0,2.0,20052006
2005-11-02,DAL,LAK,3.0,6.0,20052006
2005-11-03,PHX,LAK,4.0,0.0,20052006
2005-11-05,LAK,NSH,3.0,2.0,20052006
2005-11-09,DET,LAK,5.0,4.0,20052006
2005-11-11,CHI,LAK,2.0,4.0,20052006
2005-11-13,CBJ,LAK,2.0,8.0,20052006
2005-11-15,NSH,LAK,3.0,2.0,20052006
2005-11-17,LAK,VAN,5.0,4.0,20052006
2005-11-19,LAK,COL,4.0,3.0,20052006
2005-11-22,STL,LAK,3.0,6.0,20052006
2005-11-24,NSH,LAK,4.0,3.0,20052006
2005-11-26,LAK,CHI,3.0,2.0,20052006
2005-11-28,LAK,DET,2.0,5.0,20052006
2005-11-30,CHI,LAK,3.0,2.0,20052006
2005-12-02,OTT,LAK,5.0,1.0,20052006
2005-12-03,MTL,LAK,3.0,2.0,20052006
2005-12-06,TOR,LAK,1.0,2.0,20052006
2005-12-08,LAK,CAR,2.0,3.0,20052006
2005-12-10,LAK,FLA,3.0,1.0,20052006
2005-12-14,LAK,WSH,2.0,3.0,20052006
2005-12-16,ANA,LAK,3.0,4.0,20052006
2005-12-17,LAK,PHX,4.0,1.0,20052006
2005-12-19,VAN,LAK,3.0,4.0,20052006
2005-12-21,CGY,LAK,2.0,5.0,20052006
2005-12-23,EDM,LAK,5.0,3.0,20052006
2005-12-26,LAK,SJS,4.0,3.0,20052006
2005-12-28,COL,LAK,3.0,5.0,20052006
2005-12-29,PHX,LAK,6.0,5.0,20052006
2005-12-31,DAL,LAK,2.0,3.0,20052006
2006-01-02,LAK,DAL,3.0,2.0,20052006
2006-01-05,LAK,PHX,4.0,0.0,20052006
2006-01-07,SJS,LAK,3.0,2.0,20052006
2006-01-09,ANA,LAK,6.0,2.0,20052006
2006-01-12,BOS,LAK,0.0,6.0,20052006
2006-01-14,BUF,LAK,10.0,1.0,20052006
2006-01-17,LAK,TBL,1.0,4.0,20052006
2006-01-19,LAK,ATL,8.0,6.0,20052006
2006-01-21,LAK,SJS,3.0,4.0,20052006
2006-01-23,LAK,ANA,3.0,2.0,20052006
2006-01-24,SJS,LAK,4.0,1.0,20052006
2006-01-26,LAK,EDM,3.0,5.0,20052006
2006-01-28,LAK,ANA,2.0,6.0,20052006
2006-01-30,ANA,LAK,4.0,3.0,20052006
2006-02-02,PHX,LAK,2.0,1.0,20052006
2006-02-07,MIN,LAK,5.0,1.0,20052006
2006-02-08,CBJ,LAK,7.0,4.0,20052006
2006-02-11,LAK,CHI,5.0,4.0,20052006
2006-02-12,LAK,DAL,6.0,5.0,20052006
2006-03-02,LAK,MIN,3.0,2.0,20052006
2006-03-04,LAK,CBJ,3.0,2.0,20052006
2006-03-07,MIN,LAK,2.0,3.0,20052006
2006-03-09,DET,LAK,7.0,3.0,20052006
2006-03-11,STL,LAK,1.0,2.0,20052006
2006-03-13,SJS,LAK,4.0,3.0,20052006
2006-03-14,LAK,PHX,2.0,6.0,20052006
2006-03-16,LAK,DAL,1.0,4.0,20052006
2006-03-18,LAK,STL,3.0,1.0,20052006
2006-03-20,LAK,COL,0.0,5.0,20052006
2006-03-25,LAK,NSH,6.0,4.0,20052006
2006-03-27,VAN,LAK,7.0,4.0,20052006
2006-03-29,CGY,LAK,2.0,1.0,20052006
2006-03-30,EDM,LAK,4.0,0.0,20052006
2006-04-01,LAK,DAL,1.0,0.0,20052006
2006-04-03,LAK,VAN,1.0,0.0,20052006
2006-04-04,ANA,LAK,6.0,2.0,20052006
2006-04-06,LAK,SJS,0.0,5.0,20052006
2006-04-08,LAK,ANA,2.0,4.0,20052006
2006-04-13,PHX,LAK,3.0,0.0,20052006
2006-04-15,LAK,CGY,2.0,1.0,20052006
2006-04-17,SJS,LAK,0.0,4.0,20052006
2006-09-18,ANA,LAK,1.0,7.0,20062007
2006-09-19,LAK,SJS,1.0,3.0,20062007
2006-09-23,LAK,COL,3.0,2.0,20062007
2006-09-25,LAK,ANA,5.0,4.0,20062007
2006-09-29,SJS,LAK,2.0,5.0,20062007
2006-09-30,COL,LAK,4.0,3.0,20062007
2006-10-06,ANA,LAK,4.0,3.0,20062007
2006-10-07,LAK,STL,4.0,1.0,20062007
2006-10-10,LAK,NYI,4.0,2.0,20062007
2006-10-12,LAK,DAL,1.0,4.0,20062007
2006-10-14,LAK,DAL,1.0,4.0,20062007
2006-10-16,LAK,DET,1.0,3.0,20062007
2006-10-18,LAK,MIN,1.0,2.0,20062007
2006-10-19,PHX,LAK,0.0,4.0,20062007
2006-10-22,LAK,ANA,2.0,3.0,20062007
2006-10-23,COL,LAK,6.0,1.0,20062007
2006-10-25,MIN,LAK,3.0,1.0,20062007
2006-10-27,CBJ,LAK,2.0,0.0,20062007
2006-10-28,DAL,LAK,3.0,2.0,20062007
2006-10-30,LAK,NYR,4.0,1.0,20062007
2006-11-01,LAK,PIT,3.0,4.0,20062007
2006-11-04,PHX,LAK,6.0,4.0,20062007
2006-11-07,COL,LAK,5.0,6.0,20062007
2006-11-09,LAK,SJS,3.0,7.0,20062007
2006-11-11,LAK,MIN,2.0,3.0,20062007
2006-11-13,LAK,SJS,4.0,2.0,20062007
2006-11-16,LAK,PHI,3.0,4.0,20062007
2006-11-18,LAK,PHX,5.0,3.0,20062007
2006-11-22,SJS,LAK,6.0,3.0,20062007
2006-11-24,DAL,LAK,5.0,3.0,20062007
2006-11-25,LAK,CGY,3.0,1.0,20062007
2006-11-27,LAK,NJD,3.0,2.0,20062007
2006-11-30,PHX,LAK,7.0,4.0,20062007
2006-12-02,LAK,ANA,3.0,4.0,20062007
2006-12-03,ANA,LAK,2.0,3.0,20062007
2006-12-07,LAK,NSH,1.0,4.0,20062007
2006-12-09,LAK,COL,5.0,4.0,20062007
2006-12-12,LAK,SJS,1.0,3.0,20062007
2006-12-14,SJS,LAK,2.0,4.0,20062007
2006-12-16,LAK,DAL,3.0,4.0,20062007
2006-12-19,LAK,CGY,3.0,5.0,20062007
2006-12-21,STL,LAK,5.0,2.0,20062007
2006-12-23,NSH,LAK,7.0,0.0,20062007
2006-12-26,LAK,PHX,4.0,3.0,20062007
2006-12-28,EDM,LAK,4.0,7.0,20062007
2006-12-29,CGY,LAK,6.0,4.0,20062007
2006-12-31,DET,LAK,6.0,2.0,20062007
2007-01-03,LAK,CBJ,3.0,0.0,20062007
2007-01-06,LAK,DET,4.0,2.0,20062007
2007-01-08,LAK,EDM,1.0,2.0,20062007
2007-01-11,LAK,SJS,2.0,5.0,20062007
2007-01-13,STL,LAK,6.0,5.0,20062007
2007-01-15,DAL,LAK,3.0,1.0,20062007
2007-01-16,ATL,LAK,6.0,2.0,20062007
2007-01-18,LAK,STL,1.0,3.0,20062007
2007-01-20,LAK,PHX,2.0,3.0,20062007
2007-01-26,VAN,LAK,2.0,3.0,20062007
2007-01-27,EDM,LAK,4.0,3.0,20062007
2007-01-30,CGY,LAK,4.0,1.0,20062007
2007-02-01,LAK,CHI,2.0,3.0,20062007
2007-02-03,FLA,LAK,0.0,7.0,20062007
2007-02-06,TBL,LAK,3.0,2.0,20062007
2007-02-08,WSH,LAK,4.0,3.0,20062007
2007-02-10,NSH,LAK,1.0,4.0,20062007
2007-02-13,CAR,LAK,2.0,1.0,20062007
2007-02-17,LAK,ANA,2.0,3.0,20062007
2007-02-18,ANA,LAK,3.0,4.0,20062007
2007-02-22,LAK,VAN,2.0,3.0,20062007
2007-02-24,LAK,COL,6.0,5.0,20062007
2007-03-01,LAK,ANA,4.0,3.0,20062007
2007-03-03,LAK,NSH,3.0,6.0,20062007
2007-03-06,CHI,LAK,3.0,0.0,20062007
2007-03-07,CBJ,LAK,3.0,2.0,20062007
2007-03-09,DET,LAK,3.0,2.0,20062007
2007-03-11,DAL,LAK,4.0,3.0,20062007
2007-03-12,LAK,EDM,5.0,1.0,20062007
2007-03-15,LAK,CHI,3.0,4.0,20062007
2007-03-17,LAK,CBJ,5.0,3.0,20062007
2007-03-18,ANA,LAK,3.0,5.0,20062007
2007-03-21,LAK,DAL,2.0,4.0,20062007
2007-03-23,CHI,LAK,1.0,2.0,20062007
2007-03-24,MIN,LAK,4.0,1.0,20062007
2007-03-27,SJS,LAK,3.0,1.0,20062007
2007-03-29,LAK,VAN,2.0,4.0,20062007
2007-04-01,SJS,LAK,6.0,2.0,20062007
2007-04-03,VAN,LAK,4.0,2.0,20062007
2007-04-05,PHX,LAK,3.0,2.0,20062007
2007-04-07,LAK,PHX,3.0,2.0,20062007
2007-09-13,ANA,LAK,4.0,5.0,20072008
2007-09-15,LAK,ANA,2.0,3.0,20072008
2007-09-18,LAK,SJS,6.0,5.0,20072008
2007-09-19,COL,LAK,6.0,3.0,20072008
2007-09-22,LAK,COL,3.0,2.0,20072008
2007-09-25,LAK,RBS,7.0,6.0,20072008
2007-09-26,FAR,LAK,3.0,4.0,20072008
2007-09-29,LAK,ANA,4.0,1.0,20072008
2007-09-30,ANA,LAK,4.0,1.0,20072008
2007-10-06,LAK,STL,3.0,5.0,20072008
2007-10-10,DAL,LAK,5.0,1.0,20072008
2007-10-12,LAK,BOS,6.0,8.0,20072008
2007-10-14,LAK,DET,1.0,4.0,20072008
2007-10-16,LAK,MIN,4.0,3.0,20072008
2007-10-18,CGY,LAK,4.0,3.0,20072008
2007-10-19,VAN,LAK,2.0,4.0,20072008
2007-10-23,LAK,NSH,6.0,0.0,20072008
2007-10-25,LAK,DAL,2.0,1.0,20072008
2007-10-27,LAK,EDM,4.0,1.0,20072008
2007-10-31,LAK,CBJ,1.0,4.0,20072008
2007-11-02,SJS,LAK,2.0,5.0,20072008
2007-11-03,LAK,SJS,1.0,3.0,20072008
2007-11-10,LAK,DAL,6.0,5.0,20072008
2007-11-13,ANA,LAK,4.0,3.0,20072008
2007-11-15,LAK,ANA,3.0,6.0,20072008
2007-11-17,LAK,PHX,0.0,1.0,20072008
2007-11-19,DAL,LAK,3.0,0.0,20072008
2007-11-21,PHX,LAK,4.0,1.0,20072008
2007-11-24,SJS,LAK,1.0,2.0,20072008
2007-11-25,ANA,LAK,3.0,2.0,20072008
2007-11-28,SJS,LAK,2.0,3.0,20072008
2007-12-01,LAK,COL,2.0,5.0,20072008
2007-12-03,LAK,EDM,3.0,4.0,20072008
2007-12-05,PHX,LAK,4.0,1.0,20072008
2007-12-06,LAK,BUF,8.0,2.0,20072008
2007-12-08,LAK,PHX,2.0,4.0,20072008
2007-12-10,LAK,VAN,4.0,2.0,20072008
2007-12-12,CHI,LAK,6.0,3.0,20072008
2007-12-13,DAL,LAK,4.0,1.0,20072008
2007-12-15,LAK,MIN,1.0,2.0,20072008
2007-12-17,LAK,COL,2.0,4.0,20072008
2007-12-19,DET,LAK,6.0,2.0,20072008
2007-12-21,CBJ,LAK,2.0,1.0,20072008
2007-12-22,NSH,LAK,4.0,3.0,20072008
2007-12-26,LAK,SJS,2.0,3.0,20072008
2007-12-29,COL,LAK,1.0,3.0,20072008
2007-12-30,CHI,LAK,2.0,3.0,20072008
2008-01-01,LAK,CHI,9.0,2.0,20072008
2008-01-03,LAK,CBJ,3.0,4.0,20072008
2008-01-05,LAK,CGY,4.0,6.0,20072008
2008-01-08,LAK,NSH,0.0,7.0,20072008
2008-01-10,LAK,TOR,5.0,2.0,20072008
2008-01-12,LAK,DAL,4.0,3.0,20072008
2008-01-15,EDM,LAK,1.0,3.0,20072008
2008-01-18,CGY,LAK,6.0,1.0,20072008
2008-01-19,VAN,LAK,3.0,4.0,20072008
2008-01-22,LAK,DET,0.0,3.0,20072008
2008-01-24,LAK,ANA,3.0,1.0,20072008
2008-01-29,PHI,LAK,3.0,2.0,20072008
2008-01-31,NYI,LAK,1.0,3.0,20072008
2008-02-02,NJD,LAK,6.0,3.0,20072008
2008-02-05,NYR,LAK,2.0,4.0,20072008
2008-02-07,DET,LAK,3.0,5.0,20072008
2008-02-09,PIT,LAK,4.0,2.0,20072008
2008-02-10,CBJ,LAK,2.0,3.0,20072008
2008-02-12,STL,LAK,4.0,2.0,20072008
2008-02-15,LAK,CGY,6.0,3.0,20072008
2008-02-16,PHX,LAK,4.0,3.0,20072008
2008-02-18,LAK,PHX,0.0,4.0,20072008
2008-02-21,LAK,STL,5.0,1.0,20072008
2008-02-23,LAK,CHI,5.0,6.0,20072008
2008-02-28,EDM,LAK,5.0,4.0,20072008
2008-03-01,COL,LAK,5.0,2.0,20072008
2008-03-02,MIN,LAK,2.0,1.0,20072008
2008-03-04,STL,LAK,3.0,2.0,20072008
2008-03-06,LAK,OTT,2.0,0.0,20072008
2008-03-08,LAK,MTL,2.0,5.0,20072008
2008-03-10,LAK,VAN,1.0,2.0,20072008
2008-03-13,NSH,LAK,1.0,4.0,20072008
2008-03-15,MIN,LAK,2.0,0.0,20072008
2008-03-18,LAK,SJS,1.0,2.0,20072008
2008-03-20,PHX,LAK,5.0,6.0,20072008
2008-03-22,DAL,LAK,2.0,4.0,20072008
2008-03-26,ANA,LAK,2.0,1.0,20072008
2008-03-27,LAK,PHX,4.0,0.0,20072008
2008-03-29,LAK,DAL,2.0,7.0,20072008
2008-04-01,SJS,LAK,5.0,2.0,20072008
2008-04-03,LAK,SJS,4.0,2.0,20072008
2008-04-05,LAK,ANA,3.0,4.0,20072008
2008-09-22,LAK,STL,2.0,1.0,20082009
2008-09-22,LAK,PHX,6.0,4.0,20082009
2008-09-24,COL,LAK,3.0,4.0,20082009
2008-09-27,LAK,COL,3.0,4.0,20082009
2008-09-30,LAK,ANA,1.0,2.0,20082009
2008-10-01,ANA,LAK,3.0,2.0,20082009
2008-10-04,PHX,LAK,5.0,2.0,20082009
2008-10-05,LAK,SJS,1.0,3.0,20082009
2008-10-11,SJS,LAK,3.0,1.0,20082009
2008-10-12,LAK,SJS,0.0,1.0,20082009
2008-10-14,LAK,ANA,6.0,3.0,20082009
2008-10-17,LAK,CAR,4.0,3.0,20082009
2008-10-20,LAK,COL,3.0,4.0,20082009
2008-10-24,STL,LAK,0.0,4.0,20082009
2008-10-25,NSH,LAK,5.0,4.0,20082009
2008-10-27,LAK,DET,3.0,4.0,20082009
2008-10-30,LAK,VAN,0.0,4.0,20082009
2008-11-01,LAK,CGY,2.0,3.0,20082009
2008-11-04,LAK,ANA,0.0,1.0,20082009
2008-11-06,LAK,FLA,3.0,2.0,20082009
2008-11-08,LAK,STL,5.0,3.0,20082009
2008-11-11,LAK,DAL,3.0,2.0,20082009
2008-11-13,DAL,LAK,2.0,3.0,20082009
2008-11-15,LAK,NSH,1.0,3.0,20082009
2008-11-16,ANA,LAK,2.0,0.0,20082009
2008-11-20,LAK,WSH,5.0,2.0,20082009
2008-11-22,LAK,COL,3.0,4.0,20082009
2008-11-25,CGY,LAK,6.0,2.0,20082009
2008-11-26,EDM,LAK,1.0,2.0,20082009
2008-11-29,LAK,CHI,5.0,2.0,20082009
2008-12-01,LAK,TOR,1.0,3.0,20082009
2008-12-02,PHX,LAK,4.0,2.0,20082009
2008-12-05,LAK,EDM,4.0,5.0,20082009
2008-12-06,LAK,CBJ,3.0,0.0,20082009
2008-12-09,COL,LAK,6.0,1.0,20082009
2008-12-11,LAK,STL,6.0,2.0,20082009
2008-12-13,LAK,MIN,3.0,1.0,20082009
2008-12-15,LAK,SJS,2.0,3.0,20082009
2008-12-17,LAK,NYR,2.0,3.0,20082009
2008-12-19,BUF,LAK,5.0,0.0,20082009
2008-12-20,DET,LAK,6.0,4.0,20082009
2008-12-23,CBJ,LAK,0.0,3.0,20082009
2008-12-26,LAK,PHX,1.0,2.0,20082009
2008-12-27,PHX,LAK,0.0,4.0,20082009
2008-12-29,LAK,CBJ,0.0,2.0,20082009
2009-01-03,LAK,PHI,2.0,1.0,20082009
2009-01-06,ANA,LAK,3.0,1.0,20082009
2009-01-08,LAK,ANA,4.0,3.0,20082009
2009-01-10,LAK,NJD,1.0,5.0,20082009
2009-01-12,LAK,TBL,1.0,3.0,20082009
2009-01-15,LAK,DET,0.0,4.0,20082009
2009-01-17,DAL,LAK,3.0,2.0,20082009
2009-01-20,MIN,LAK,2.0,5.0,20082009
2009-01-21,COL,LAK,5.0,6.0,20082009
2009-01-29,LAK,CHI,5.0,2.0,20082009
2009-01-31,MTL,LAK,4.0,3.0,20082009
2009-02-03,OTT,LAK,0.0,1.0,20082009
2009-02-05,WSH,LAK,4.0,5.0,20082009
2009-02-07,NJD,LAK,1.0,3.0,20082009
2009-02-10,NYI,LAK,3.0,4.0,20082009
2009-02-12,LAK,CGY,0.0,2.0,20082009
2009-02-14,LAK,EDM,2.0,3.0,20082009
2009-02-16,LAK,ATL,6.0,7.0,20082009
2009-02-18,ANA,LAK,3.0,4.0,20082009
2009-02-19,SJS,LAK,4.0,2.0,20082009
2009-02-21,LAK,PHX,3.0,6.0,20082009
2009-02-24,MIN,LAK,1.0,2.0,20082009
2009-02-25,PHI,LAK,2.0,0.0,20082009
2009-02-27,DET,LAK,2.0,1.0,20082009
2009-03-01,CHI,LAK,4.0,2.0,20082009
2009-03-03,CBJ,LAK,5.0,4.0,20082009
2009-03-05,LAK,DAL,5.0,4.0,20082009
2009-03-07,LAK,MIN,4.0,3.0,20082009
2009-03-09,LAK,VAN,3.0,2.0,20082009
2009-03-13,VAN,LAK,4.0,2.0,20082009
2009-03-14,SJS,LAK,2.0,1.0,20082009
2009-03-16,LAK,NSH,3.0,4.0,20082009
2009-03-19,BOS,LAK,2.0,3.0,20082009
2009-03-20,PIT,LAK,4.0,1.0,20082009
2009-03-22,CHI,LAK,4.0,1.0,20082009
2009-03-24,STL,LAK,2.0,0.0,20082009
2009-03-26,DAL,LAK,0.0,1.0,20082009
2009-03-28,NSH,LAK,4.0,3.0,20082009
2009-03-31,LAK,DAL,2.0,3.0,20082009
2009-04-02,PHX,LAK,2.0,1.0,20082009
2009-04-04,LAK,PHX,6.0,1.0,20082009
2009-04-06,CGY,LAK,4.0,1.0,20082009
2009-04-07,EDM,LAK,1.0,2.0,20082009
2009-04-09,VAN,LAK,1.0,0.0,20082009
2009-04-11,LAK,SJS,4.0,3.0,20082009
2009-09-15,PHX,LAK,4.0,2.0,20092010
2009-09-15,LAK,PHX,4.0,3.0,20092010
2009-09-17,LAK,SJS,1.0,2.0,20092010
2009-09-19,LAK,ANA,4.0,1.0,20092010
2009-09-22,LAK,NYI,4.0,2.0,20092010
2009-09-23,COL,LAK,3.0,2.0,20092010
2009-09-26,LAK,COL,5.0,3.0,20092010
2009-09-27,ANA,LAK,5.0,4.0,20092010
2009-10-03,LAK,PHX,3.0,6.0,20092010
2009-10-06,LAK,SJS,6.0,4.0,20092010
2009-10-08,LAK,MIN,6.0,3.0,20092010
2009-10-10,STL,LAK,1.0,2.0,20092010
2009-10-12,NYI,LAK,1.0,2.0,20092010
2009-10-14,NYR,LAK,4.0,2.0,20092010
2009-10-15,DET,LAK,5.0,2.0,20092010
2009-10-17,CBJ,LAK,4.0,1.0,20092010
2009-10-19,DAL,LAK,1.0,4.0,20092010
2009-10-22,LAK,DAL,5.0,4.0,20092010
2009-10-24,PHX,LAK,3.0,5.0,20092010
2009-10-25,LAK,CBJ,6.0,2.0,20092010
2009-10-28,SJS,LAK,2.0,1.0,20092010
2009-10-29,LAK,VAN,1.0,2.0,20092010
2009-11-02,PHX,LAK,3.0,5.0,20092010
2009-11-05,LAK,PIT,5.0,2.0,20092010
2009-11-07,LAK,NSH,1.0,3.0,20092010
2009-11-09,CHI,LAK,4.0,1.0,20092010
2009-11-11,CAR,LAK,2.0,5.0,20092010
2009-11-13,ATL,LAK,7.0,0.0,20092010
2009-11-14,TBL,LAK,1.0,2.0,20092010
2009-11-16,FLA,LAK,3.0,4.0,20092010
2009-11-18,LAK,PHI,2.0,3.0,20092010
2009-11-21,LAK,CGY,2.0,5.0,20092010
2009-11-25,EDM,LAK,1.0,3.0,20092010
2009-11-26,VAN,LAK,4.0,1.0,20092010
2009-11-28,LAK,CHI,2.0,1.0,20092010
2009-12-01,ANA,LAK,3.0,4.0,20092010
2009-12-03,LAK,OTT,6.0,3.0,20092010
2009-12-05,LAK,STL,4.0,5.0,20092010
2009-12-07,LAK,CGY,2.0,1.0,20092010
2009-12-09,SJS,LAK,4.0,5.0,20092010
2009-12-10,LAK,PHX,3.0,2.0,20092010
2009-12-12,LAK,DAL,3.0,2.0,20092010
2009-12-14,VAN,LAK,3.0,1.0,20092010
2009-12-15,EDM,LAK,2.0,3.0,20092010
2009-12-17,CGY,LAK,2.0,1.0,20092010
2009-12-26,PHX,LAK,3.0,2.0,20092010
2009-12-28,LAK,MIN,3.0,4.0,20092010
2009-12-30,CGY,LAK,2.0,1.0,20092010
2009-12-31,MIN,LAK,2.0,5.0,20092010
2010-01-02,LAK,WSH,2.0,1.0,20092010
2010-01-04,SJS,LAK,2.0,6.0,20092010
2010-01-07,LAK,DET,1.0,2.0,20092010
2010-01-09,LAK,STL,3.0,4.0,20092010
2010-01-11,LAK,SJS,1.0,2.0,20092010
2010-01-14,LAK,ANA,4.0,0.0,20092010
2010-01-16,LAK,BOS,4.0,3.0,20092010
2010-01-19,LAK,SJS,1.0,5.0,20092010
2010-01-21,LAK,BUF,4.0,3.0,20092010
2010-01-23,DET,LAK,2.0,3.0,20092010
2010-01-26,TOR,LAK,3.0,5.0,20092010
2010-01-28,CBJ,LAK,1.0,4.0,20092010
2010-01-30,BOS,LAK,2.0,3.0,20092010
2010-01-31,NJD,LAK,2.0,3.0,20092010
2010-02-02,LAK,NYR,2.0,1.0,20092010
2010-02-04,LAK,ANA,6.0,4.0,20092010
2010-02-06,LAK,DET,4.0,3.0,20092010
2010-02-08,ANA,LAK,4.0,2.0,20092010
2010-02-11,LAK,EDM,2.0,3.0,20092010
2010-02-13,LAK,COL,3.0,0.0,20092010
2010-03-02,DAL,LAK,1.0,5.0,20092010
2010-03-04,NSH,LAK,4.0,2.0,20092010
2010-03-06,LAK,MTL,2.0,4.0,20092010
2010-03-08,LAK,CBJ,6.0,0.0,20092010
2010-03-10,CHI,LAK,3.0,2.0,20092010
2010-03-12,DAL,LAK,1.0,2.0,20092010
2010-03-14,LAK,NSH,2.0,3.0,20092010
2010-03-18,LAK,CHI,0.0,3.0,20092010
2010-03-20,LAK,NYI,1.0,0.0,20092010
2010-03-22,LAK,COL,4.0,3.0,20092010
2010-03-24,COL,LAK,4.0,3.0,20092010
2010-03-25,STL,LAK,3.0,1.0,20092010
2010-03-27,LAK,DAL,1.0,4.0,20092010
2010-03-29,MIN,LAK,3.0,2.0,20092010
2010-03-30,NSH,LAK,0.0,2.0,20092010
2010-04-01,LAK,VAN,8.0,3.0,20092010
2010-04-03,LAK,ANA,1.0,2.0,20092010
2010-04-06,ANA,LAK,4.0,5.0,20092010
2010-04-08,LAK,PHX,2.0,3.0,20092010
2010-04-10,LAK,EDM,3.0,4.0,20092010
2010-04-11,COL,LAK,1.0,2.0,20092010
2010-04-15,VAN,LAK,3.0,2.0,20092010
2010-04-17,VAN,LAK,2.0,3.0,20092010
2010-04-19,LAK,VAN,5.0,3.0,20092010
2010-04-21,LAK,VAN,4.0,6.0,20092010
2010-04-23,VAN,LAK,7.0,2.0,20092010
2010-04-25,LAK,VAN,2.0,4.0,20092010
2010-09-22,COL,LAK,2.0,4.0,20102011
2010-09-23,PHX,LAK,2.0,1.0,20102011
2010-09-23,LAK,PHX,1.0,3.0,20102011
2010-09-28,LAK,ANA,8.0,3.0,20102011
2010-10-02,LAK,COL,3.0,2.0,20102011
2010-10-03,ANA,LAK,3.0,2.0,20102011
2010-10-09,VAN,LAK,1.0,2.0,20102011
2010-10-10,CGY,LAK,3.0,1.0,20102011
2010-10-12,LAK,ATL,3.0,1.0,20102011
2010-10-15,LAK,VAN,4.0,1.0,20102011
2010-10-20,LAK,CAR,4.0,3.0,20102011
2010-10-21,PHX,LAK,4.0,2.0,20102011
2010-10-23,COL,LAK,4.0,6.0,20102011
2010-10-25,MIN,LAK,2.0,3.0,20102011
2010-10-27,CHI,LAK,3.0,1.0,20102011
2010-10-28,DAL,LAK,2.0,5.0,20102011
2010-10-30,LAK,NJD,3.0,1.0,20102011
2010-11-04,LAK,TBL,1.0,0.0,20102011
2010-11-06,LAK,NSH,4.0,1.0,20102011
2010-11-11,LAK,DAL,3.0,1.0,20102011
2010-11-13,LAK,NYI,5.0,1.0,20102011
2010-11-15,SJS,LAK,6.0,3.0,20102011
2010-11-17,LAK,CBJ,3.0,5.0,20102011
2010-11-19,BUF,LAK,4.0,2.0,20102011
2010-11-20,BOS,LAK,3.0,4.0,20102011
2010-11-22,OTT,LAK,3.0,2.0,20102011
2010-11-24,MTL,LAK,4.0,1.0,20102011
2010-11-27,LAK,CHI,1.0,2.0,20102011
2010-11-29,ANA,LAK,2.0,0.0,20102011
2010-12-02,LAK,FLA,3.0,2.0,20102011
2010-12-04,LAK,DET,3.0,2.0,20102011
2010-12-09,LAK,CGY,2.0,1.0,20102011
2010-12-11,LAK,MIN,2.0,3.0,20102011
2010-12-13,DET,LAK,0.0,5.0,20102011
2010-12-16,STL,LAK,6.0,4.0,20102011
2010-12-18,NSH,LAK,1.0,6.0,20102011
2010-12-19,CHI,LAK,3.0,2.0,20102011
2010-12-21,COL,LAK,0.0,5.0,20102011
2010-12-23,LAK,EDM,3.0,2.0,20102011
2010-12-26,LAK,ANA,4.0,1.0,20102011
2010-12-27,SJS,LAK,0.0,4.0,20102011
2010-12-29,PHX,LAK,6.0,3.0,20102011
2010-12-30,LAK,PHI,4.0,7.0,20102011
2011-01-01,LAK,SJS,0.0,1.0,20102011
2011-01-03,LAK,CHI,3.0,4.0,20102011
2011-01-06,LAK,NSH,2.0,5.0,20102011
2011-01-08,LAK,CBJ,6.0,4.0,20102011
2011-01-10,LAK,TOR,2.0,3.0,20102011
2011-01-13,LAK,STL,1.0,3.0,20102011
2011-01-15,LAK,EDM,5.0,2.0,20102011
2011-01-17,DAL,LAK,2.0,1.0,20102011
2011-01-18,STL,LAK,2.0,1.0,20102011
2011-01-20,LAK,PHX,0.0,2.0,20102011
2011-01-22,PHX,LAK,3.0,4.0,20102011
2011-01-24,LAK,BOS,2.0,0.0,20102011
2011-01-26,LAK,SJS,3.0,2.0,20102011
2011-02-01,MIN,LAK,1.0,0.0,20102011
2011-02-02,EDM,LAK,1.0,3.0,20102011
2011-02-05,CGY,LAK,3.0,4.0,20102011
2011-02-10,PIT,LAK,2.0,1.0,20102011
2011-02-12,WSH,LAK,1.0,4.0,20102011
2011-02-13,PHI,LAK,0.0,1.0,20102011
2011-02-16,CBJ,LAK,3.0,4.0,20102011
2011-02-17,NYR,LAK,4.0,3.0,20102011
2011-02-19,NYI,LAK,3.0,0.0,20102011
2011-02-23,ANA,LAK,2.0,3.0,20102011
2011-02-24,LAK,MIN,4.0,2.0,20102011
2011-02-26,LAK,COL,4.0,3.0,20102011
2011-02-28,LAK,DET,4.0,7.0,20102011
2011-03-03,LAK,PHX,1.0,0.0,20102011
2011-03-05,LAK,VAN,1.0,3.0,20102011
2011-03-07,LAK,DAL,3.0,4.0,20102011
2011-03-09,DET,LAK,1.0,2.0,20102011
2011-03-11,CBJ,LAK,2.0,4.0,20102011
2011-03-13,DAL,LAK,2.0,3.0,20102011
2011-03-15,NSH,LAK,2.0,4.0,20102011
2011-03-17,LAK,STL,0.0,4.0,20102011
2011-03-19,LAK,ANA,1.0,2.0,20102011
2011-03-21,LAK,CGY,2.0,1.0,20102011
2011-03-24,LAK,SJS,4.0,3.0,20102011
2011-03-26,LAK,COL,4.0,1.0,20102011
2011-03-29,EDM,LAK,0.0,2.0,20102011
2011-03-31,VAN,LAK,3.0,1.0,20102011
2011-04-02,LAK,DAL,3.0,1.0,20102011
2011-04-04,SJS,LAK,6.0,1.0,20102011
2011-04-06,LAK,PHX,3.0,2.0,20102011
2011-04-08,ANA,LAK,2.0,1.0,20102011
2011-04-09,LAK,ANA,1.0,3.0,20102011
2011-04-14,SJS,LAK,3.0,2.0,20102011
2011-04-16,SJS,LAK,0.0,4.0,20102011
2011-04-19,LAK,SJS,5.0,6.0,20102011
2011-04-21,LAK,SJS,3.0,6.0,20102011
2011-04-23,SJS,LAK,1.0,3.0,20102011
2011-04-25,LAK,SJS,3.0,4.0,20102011
2011-09-21,PHX,LAK,2.0,3.0,20112012
2011-09-21,LAK,PHX,1.0,2.0,20112012
2011-09-25,LAK,ANA,1.0,3.0,20112012
2011-09-27,LAK,PIT,2.0,3.0,20112012
2011-09-28,COL,LAK,0.0,6.0,20112012
2011-09-30,ANA,LAK,1.0,3.0,20112012
2011-10-01,LAK,COL,1.0,4.0,20112012
2011-10-04,HBF,LAK,4.0,5.0,20112012
2011-10-07,LAK,NYR,3.0,2.0,20112012
2011-10-08,LAK,BUF,2.0,4.0,20112012
2011-10-13,NJD,LAK,2.0,1.0,20112012
2011-10-15,PHI,LAK,2.0,3.0,20112012
2011-10-18,LAK,STL,5.0,0.0,20112012
2011-10-20,PHX,LAK,0.0,2.0,20112012
2011-10-22,LAK,DAL,1.0,0.0,20112012
2011-10-25,LAK,NJD,0.0,3.0,20112012
2011-10-27,DAL,LAK,3.0,5.0,20112012
2011-10-29,PHX,LAK,3.0,2.0,20112012
2011-10-30,COL,LAK,3.0,2.0,20112012
2011-11-03,LAK,EDM,0.0,3.0,20112012
2011-11-05,LAK,PIT,2.0,3.0,20112012
2011-11-07,SJS,LAK,4.0,2.0,20112012
2011-11-08,LAK,NSH,4.0,3.0,20112012
2011-11-10,LAK,VAN,2.0,3.0,20112012
2011-11-12,LAK,MIN,5.0,2.0,20112012
2011-11-16,LAK,ANA,2.0,1.0,20112012
2011-11-17,ANA,LAK,3.0,5.0,20112012
2011-11-19,LAK,DET,1.0,4.0,20112012
2011-11-22,STL,LAK,2.0,3.0,20112012
2011-11-23,DAL,LAK,3.0,2.0,20112012
2011-11-26,LAK,CHI,1.0,2.0,20112012
2011-11-28,LAK,SJS,2.0,0.0,20112012
2011-12-01,LAK,FLA,2.0,1.0,20112012
2011-12-03,LAK,MTL,1.0,2.0,20112012
2011-12-06,ANA,LAK,3.0,2.0,20112012
2011-12-08,LAK,MIN,2.0,4.0,20112012
2011-12-10,LAK,DAL,1.0,2.0,20112012
2011-12-13,BOS,LAK,3.0,0.0,20112012
2011-12-15,CBJ,LAK,1.0,2.0,20112012
2011-12-17,DET,LAK,8.0,2.0,20112012
2011-12-19,TOR,LAK,2.0,3.0,20112012
2011-12-22,LAK,ANA,3.0,2.0,20112012
2011-12-23,SJS,LAK,2.0,1.0,20112012
2011-12-26,LAK,PHX,4.0,3.0,20112012
2011-12-28,CHI,LAK,0.0,2.0,20112012
2011-12-29,WPG,LAK,1.0,0.0,20112012
2011-12-31,LAK,VAN,4.0,1.0,20112012
2012-01-02,LAK,COL,1.0,2.0,20112012
2012-01-05,LAK,PHX,1.0,0.0,20112012
2012-01-07,LAK,CBJ,0.0,1.0,20112012
2012-01-09,LAK,WSH,5.0,2.0,20112012
2012-01-12,LAK,DAL,4.0,5.0,20112012
2012-01-14,CGY,LAK,1.0,4.0,20112012
2012-01-15,EDM,LAK,2.0,1.0,20112012
2012-01-17,VAN,LAK,2.0,3.0,20112012
2012-01-19,LAK,CGY,1.0,2.0,20112012
2012-01-21,LAK,COL,1.0,3.0,20112012
2012-01-23,LAK,OTT,4.0,1.0,20112012
2012-02-01,LAK,CBJ,3.0,2.0,20112012
2012-02-03,STL,LAK,1.0,0.0,20112012
2012-02-04,CAR,LAK,2.0,1.0,20112012
2012-02-07,TBL,LAK,1.0,3.0,20112012
2012-02-09,FLA,LAK,3.0,1.0,20112012
2012-02-11,NYI,LAK,2.0,1.0,20112012
2012-02-12,DAL,LAK,2.0,4.0,20112012
2012-02-16,LAK,PHX,0.0,1.0,20112012
2012-02-18,LAK,CGY,0.0,1.0,20112012
2012-02-21,PHX,LAK,5.0,4.0,20112012
2012-02-22,COL,LAK,4.0,1.0,20112012
2012-02-25,LAK,CHI,4.0,0.0,20112012
2012-02-27,NSH,LAK,2.0,1.0,20112012
2012-02-28,MIN,LAK,0.0,4.0,20112012
2012-03-03,LAK,ANA,4.0,2.0,20112012
2012-03-06,NSH,LAK,4.0,5.0,20112012
2012-03-08,CBJ,LAK,3.0,1.0,20112012
2012-03-09,DET,LAK,4.0,3.0,20112012
2012-03-11,CHI,LAK,2.0,3.0,20112012
2012-03-13,LAK,DET,5.0,2.0,20112012
2012-03-16,ANA,LAK,2.0,4.0,20112012
2012-03-17,LAK,NSH,4.0,2.0,20112012
2012-03-20,LAK,SJS,5.0,2.0,20112012
2012-03-22,LAK,STL,1.0,0.0,20112012
2012-03-24,LAK,BOS,2.0,4.0,20112012
2012-03-26,VAN,LAK,1.0,0.0,20112012
2012-03-28,CGY,LAK,0.0,3.0,20112012
2012-03-30,EDM,LAK,1.0,4.0,20112012
2012-03-31,MIN,LAK,4.0,3.0,20112012
2012-04-02,LAK,EDM,2.0,0.0,20112012
2012-04-05,LAK,SJS,5.0,6.0,20112012
2012-04-07,SJS,LAK,3.0,2.0,20112012
2012-04-11,VAN,LAK,2.0,4.0,20112012
2012-04-13,VAN,LAK,2.0,4.0,20112012
2012-04-15,LAK,VAN,1.0,0.0,20112012
2012-04-18,LAK,VAN,1.0,3.0,20112012
2012-04-22,VAN,LAK,1.0,2.0,20112012
2012-04-28,STL,LAK,1.0,3.0,20112012
2012-04-30,STL,LAK,2.0,5.0,20112012
2012-05-03,LAK,STL,4.0,2.0,20112012
2012-05-06,LAK,STL,3.0,1.0,20112012
2012-05-13,PHX,LAK,2.0,4.0,20112012
2012-05-15,PHX,LAK,0.0,4.0,20112012
2012-05-17,LAK,PHX,2.0,1.0,20112012
2012-05-20,LAK,PHX,0.0,2.0,20112012
2012-05-22,PHX,LAK,3.0,4.0,20112012
2012-05-30,NJD,LAK,1.0,2.0,20112012
2012-06-02,NJD,LAK,1.0,2.0,20112012
2012-06-04,LAK,NJD,4.0,0.0,20112012
2012-06-06,LAK,NJD,1.0,3.0,20112012
2012-06-09,NJD,LAK,2.0,1.0,20112012
2012-06-11,LAK,NJD,6.0,1.0,20112012
2013-01-19,LAK,CHI,2.0,5.0,20122013
2013-01-22,COL,LAK,3.0,1.0,20122013
2013-01-24,EDM,LAK,2.0,1.0,20122013
2013-01-26,PHX,LAK,2.0,4.0,20122013
2013-01-28,LAK,VAN,3.0,2.0,20122013
2013-01-31,LAK,NSH,1.0,2.0,20122013
2013-02-02,ANA,LAK,7.0,4.0,20122013
2013-02-05,CBJ,LAK,2.0,4.0,20122013
2013-02-07,NSH,LAK,3.0,0.0,20122013
2013-02-10,DET,LAK,3.0,2.0,20122013
2013-02-11,STL,LAK,1.0,4.0,20122013
2013-02-15,LAK,CBJ,2.0,1.0,20122013
2013-02-17,CHI,LAK,3.0,2.0,20122013
2013-02-19,EDM,LAK,1.0,3.0,20122013
2013-02-20,CGY,LAK,1.0,3.0,20122013
2013-02-23,LAK,COL,4.0,1.0,20122013
2013-02-25,LAK,ANA,5.0,2.0,20122013
2013-02-27,LAK,DET,2.0,1.0,20122013
2013-03-02,VAN,LAK,5.0,2.0,20122013
2013-03-04,LAK,NSH,5.0,1.0,20122013
2013-03-05,LAK,STL,6.0,4.0,20122013
2013-03-07,LAK,DAL,2.0,5.0,20122013
2013-03-09,LAK,CGY,6.0,2.0,20122013
2013-03-11,LAK,CGY,3.0,1.0,20122013
2013-03-12,PHX,LAK,5.0,2.0,20122013
2013-03-14,SJS,LAK,4.0,3.0,20122013
2013-03-16,LAK,SJS,5.0,2.0,20122013
2013-03-18,LAK,PHX,4.0,0.0,20122013
2013-03-19,LAK,PHX,3.0,2.0,20122013
2013-03-21,LAK,DAL,0.0,2.0,20122013
2013-03-23,LAK,VAN,0.0,1.0,20122013
2013-03-25,CHI,LAK,4.0,5.0,20122013
2013-03-28,STL,LAK,2.0,4.0,20122013
2013-03-30,MIN,LAK,4.0,3.0,20122013
2013-03-31,DAL,LAK,2.0,3.0,20122013
2013-04-02,PHX,LAK,3.0,1.0,20122013
2013-04-04,LAK,MIN,3.0,0.0,20122013
2013-04-06,LAK,EDM,4.0,1.0,20122013
2013-04-07,ANA,LAK,4.0,3.0,20122013
2013-04-09,DAL,LAK,5.0,1.0,20122013
2013-04-11,LAK,COL,3.0,2.0,20122013
2013-04-13,LAK,ANA,2.0,1.0,20122013
2013-04-16,SJS,LAK,3.0,2.0,20122013
2013-04-18,LAK,CBJ,2.0,1.0,20122013
2013-04-21,LAK,DAL,4.0,3.0,20122013
2013-04-23,MIN,LAK,2.0,1.0,20122013
2013-04-24,DET,LAK,3.0,1.0,20122013
2013-04-27,LAK,SJS,3.0,2.0,20122013
2013-04-30,STL,LAK,2.0,1.0,20122013
2013-05-02,STL,LAK,2.0,1.0,20122013
2013-05-04,LAK,STL,1.0,0.0,20122013
2013-05-06,LAK,STL,4.0,3.0,20122013
2013-05-08,STL,LAK,2.0,3.0,20122013
2013-05-10,LAK,STL,2.0,1.0,20122013
2013-05-14,LAK,SJS,2.0,0.0,20122013
2013-05-16,LAK,SJS,4.0,3.0,20122013
2013-05-18,SJS,LAK,2.0,1.0,20122013
2013-05-21,SJS,LAK,2.0,1.0,20122013
2013-05-23,LAK,SJS,3.0,0.0,20122013
2013-05-26,SJS,LAK,2.0,1.0,20122013
2013-05-28,LAK,SJS,2.0,1.0,20122013
2013-06-01,CHI,LAK,2.0,1.0,20122013
2013-06-02,CHI,LAK,4.0,2.0,20122013
2013-06-04,LAK,CHI,3.0,1.0,20122013
2013-06-06,LAK,CHI,2.0,3.0,20122013
2013-06-08,CHI,LAK,4.0,3.0,20122013
2013-09-15,LAK,PHX,1.0,5.0,20132014
2013-09-15,PHX,LAK,4.0,2.0,20132014
2013-09-17,ANA,LAK,0.0,6.0,20132014
2013-09-20,COL,LAK,4.0,3.0,20132014
2013-09-24,LAK,ANA,2.0,1.0,20132014
2013-09-27,LAK,NYR,4.0,1.0,20132014
2013-09-28,LAK,COL,2.0,3.0,20132014
2013-10-03,MIN,LAK,2.0,3.0,20132014
2013-10-04,WPG,LAK,5.0,3.0,20132014
2013-10-07,LAK,NYR,1.0,3.0,20132014
2013-10-09,LAK,OTT,4.0,3.0,20132014
2013-10-11,CAR,LAK,1.0,2.0,20132014
2013-10-13,FLA,LAK,0.0,3.0,20132014
2013-10-15,TBL,LAK,5.0,1.0,20132014
2013-10-17,NSH,LAK,1.0,2.0,20132014
2013-10-19,LAK,DAL,5.0,2.0,20132014
2013-10-21,LAK,CGY,2.0,3.0,20132014
2013-10-24,LAK,PHX,7.0,4.0,20132014
2013-10-27,LAK,EDM,2.0,1.0,20132014
2013-10-29,PHX,LAK,3.0,1.0,20132014
2013-10-30,LAK,SJS,4.0,3.0,20132014
2013-11-02,LAK,NSH,3.0,4.0,20132014
2013-11-07,LAK,BUF,2.0,0.0,20132014
2013-11-09,LAK,VAN,5.0,1.0,20132014
2013-11-12,BUF,LAK,3.0,2.0,20132014
2013-11-14,NYI,LAK,2.0,3.0,20132014
2013-11-15,NJD,LAK,0.0,2.0,20132014
2013-11-17,NYR,LAK,0.0,1.0,20132014
2013-11-19,LAK,TBL,5.0,2.0,20132014
2013-11-21,LAK,NJD,1.0,2.0,20132014
2013-11-23,LAK,COL,0.0,1.0,20132014
2013-11-25,VAN,LAK,2.0,3.0,20132014
2013-11-27,SJS,LAK,3.0,2.0,20132014
2013-11-30,LAK,CGY,1.0,2.0,20132014
2013-12-02,LAK,STL,3.0,2.0,20132014
2013-12-03,ANA,LAK,2.0,3.0,20132014
2013-12-07,LAK,NYI,3.0,0.0,20132014
2013-12-10,MTL,LAK,0.0,6.0,20132014
2013-12-11,TOR,LAK,1.0,3.0,20132014
2013-12-14,OTT,LAK,2.0,5.0,20132014
2013-12-15,CHI,LAK,3.0,1.0,20132014
2013-12-17,LAK,EDM,3.0,0.0,20132014
2013-12-19,LAK,SJS,4.0,1.0,20132014
2013-12-21,LAK,COL,3.0,2.0,20132014
2013-12-23,LAK,DAL,2.0,5.0,20132014
2013-12-28,NSH,LAK,3.0,2.0,20132014
2013-12-30,CHI,LAK,1.0,0.0,20132014
2013-12-31,DAL,LAK,3.0,2.0,20132014
2014-01-02,STL,LAK,5.0,0.0,20132014
2014-01-04,LAK,VAN,3.0,1.0,20132014
2014-01-07,LAK,MIN,1.0,2.0,20132014
2014-01-09,LAK,BOS,4.0,2.0,20132014
2014-01-11,LAK,DET,1.0,3.0,20132014
2014-01-13,LAK,VAN,1.0,0.0,20132014
2014-01-16,STL,LAK,1.0,4.0,20132014
2014-01-18,DET,LAK,3.0,2.0,20132014
2014-01-20,BOS,LAK,3.0,2.0,20132014
2014-01-21,CBJ,LAK,5.0,3.0,20132014
2014-01-23,ANA,LAK,2.0,1.0,20132014
2014-01-25,LAK,ANA,0.0,3.0,20132014
2014-01-27,SJS,LAK,0.0,1.0,20132014
2014-01-28,PHX,LAK,3.0,0.0,20132014
2014-01-30,LAK,PIT,1.0,4.0,20132014
2014-02-01,LAK,PHI,0.0,2.0,20132014
2014-02-03,LAK,CHI,3.0,5.0,20132014
2014-02-06,LAK,CBJ,2.0,1.0,20132014
2014-02-26,COL,LAK,4.0,6.0,20132014
2014-02-27,CGY,LAK,0.0,2.0,20132014
2014-03-01,LAK,CAR,3.0,1.0,20132014
2014-03-03,LAK,MTL,2.0,1.0,20132014
2014-03-06,WPG,LAK,1.0,3.0,20132014
2014-03-09,EDM,LAK,2.0,4.0,20132014
2014-03-10,CGY,LAK,2.0,3.0,20132014
2014-03-13,LAK,TOR,2.0,3.0,20132014
2014-03-15,LAK,ANA,1.0,2.0,20132014
2014-03-17,LAK,PHX,3.0,4.0,20132014
2014-03-20,LAK,WSH,2.0,1.0,20132014
2014-03-22,LAK,FLA,4.0,0.0,20132014
2014-03-24,PHI,LAK,2.0,3.0,20132014
2014-03-25,WSH,LAK,4.0,5.0,20132014
2014-03-27,PIT,LAK,2.0,3.0,20132014
2014-03-29,LAK,WPG,4.0,2.0,20132014
2014-03-31,LAK,MIN,2.0,3.0,20132014
2014-04-02,LAK,PHX,4.0,0.0,20132014
2014-04-03,SJS,LAK,2.0,1.0,20132014
2014-04-05,VAN,LAK,2.0,1.0,20132014
2014-04-09,CGY,LAK,4.0,3.0,20132014
2014-04-10,EDM,LAK,0.0,3.0,20132014
2014-04-12,LAK,ANA,3.0,4.0,20132014
2014-04-17,SJS,LAK,6.0,3.0,20132014
2014-04-20,SJS,LAK,7.0,2.0,20132014
2014-04-22,LAK,SJS,3.0,4.0,20132014
2014-04-24,LAK,SJS,6.0,3.0,20132014
2014-04-26,SJS,LAK,0.0,3.0,20132014
2014-04-28,LAK,SJS,4.0,1.0,20132014
2014-04-30,SJS,LAK,1.0,5.0,20132014
2014-05-03,ANA,LAK,2.0,3.0,20132014
2014-05-05,ANA,LAK,1.0,3.0,20132014
2014-05-08,LAK,ANA,2.0,3.0,20132014
2014-05-10,LAK,ANA,0.0,2.0,20132014
2014-05-12,ANA,LAK,4.0,3.0,20132014
2014-05-14,LAK,ANA,2.0,1.0,20132014
2014-05-16,ANA,LAK,2.0,6.0,20132014
2014-05-18,CHI,LAK,3.0,1.0,20132014
2014-05-21,CHI,LAK,2.0,6.0,20132014
2014-05-24,LAK,CHI,4.0,3.0,20132014
2014-05-26,LAK,CHI,5.0,2.0,20132014
2014-05-28,CHI,LAK,5.0,4.0,20132014
2014-05-30,LAK,CHI,3.0,4.0,20132014
2014-06-01,CHI,LAK,4.0,5.0,20132014
2014-06-04,LAK,NYR,3.0,2.0,20132014
2014-06-07,LAK,NYR,5.0,4.0,20132014
2014-06-09,NYR,LAK,0.0,3.0,20132014
2014-06-11,NYR,LAK,2.0,1.0,20132014
2014-06-13,LAK,NYR,3.0,2.0,20132014
2014-09-22,ARI,LAK,5.0,4.0,20142015
2014-09-22,LAK,ARI,4.0,3.0,20142015
2014-09-25,LAK,ANA,4.0,3.0,20142015
2014-09-28,ANA,LAK,2.0,4.0,20142015
2014-09-30,SJS,LAK,1.0,4.0,20142015
2014-10-02,COL,LAK,1.0,2.0,20142015
2014-10-04,LAK,COL,2.0,3.0,20142015
2014-10-08,LAK,SJS,0.0,4.0,20142015
2014-10-11,ARI,LAK,3.0,2.0,20142015
2014-10-12,LAK,WPG,4.0,1.0,20142015
2014-10-14,LAK,EDM,6.0,1.0,20142015
2014-10-16,LAK,STL,1.0,0.0,20142015
2014-10-19,LAK,MIN,2.0,1.0,20142015
2014-10-23,LAK,BUF,2.0,0.0,20142015
2014-10-26,LAK,CBJ,5.0,2.0,20142015
2014-10-28,PHI,LAK,3.0,2.0,20142015
2014-10-30,PIT,LAK,3.0,0.0,20142015
2014-10-31,DET,LAK,5.0,2.0,20142015
2014-11-02,CAR,LAK,3.0,2.0,20142015
2014-11-04,DAL,LAK,1.0,3.0,20142015
2014-11-06,LAK,NYI,1.0,2.0,20142015
2014-11-08,LAK,VAN,5.0,1.0,20142015
2014-11-12,ANA,LAK,6.0,5.0,20142015
2014-11-13,LAK,DAL,0.0,2.0,20142015
2014-11-15,LAK,ANA,3.0,2.0,20142015
2014-11-18,LAK,FLA,5.0,2.0,20142015
2014-11-20,LAK,CAR,3.0,2.0,20142015
2014-11-22,DAL,LAK,5.0,4.0,20142015
2014-11-25,NSH,LAK,4.0,3.0,20142015
2014-11-26,MIN,LAK,0.0,4.0,20142015
2014-11-29,LAK,CHI,1.0,4.0,20142015
2014-12-02,LAK,BOS,2.0,0.0,20142015
2014-12-04,ARI,LAK,0.0,4.0,20142015
2014-12-06,LAK,PHI,1.0,2.0,20142015
2014-12-09,BUF,LAK,1.0,0.0,20142015
2014-12-11,OTT,LAK,3.0,5.0,20142015
2014-12-12,MTL,LAK,6.0,2.0,20142015
2014-12-14,TOR,LAK,4.0,3.0,20142015
2014-12-16,STL,LAK,5.0,2.0,20142015
2014-12-18,LAK,STL,6.0,4.0,20142015
2014-12-20,LAK,ARI,4.0,2.0,20142015
2014-12-22,LAK,CGY,3.0,4.0,20142015
2014-12-27,LAK,SJS,3.0,1.0,20142015
2014-12-29,CGY,LAK,2.0,1.0,20142015
2014-12-30,EDM,LAK,3.0,2.0,20142015
2015-01-01,VAN,LAK,2.0,3.0,20142015
2015-01-03,LAK,NSH,6.0,7.0,20142015
2015-01-08,LAK,NYR,3.0,4.0,20142015
2015-01-10,LAK,WPG,4.0,5.0,20142015
2015-01-12,LAK,TOR,2.0,0.0,20142015
2015-01-14,LAK,NJD,3.0,5.0,20142015
2015-01-17,LAK,ANA,2.0,3.0,20142015
2015-01-19,LAK,CGY,1.0,2.0,20142015
2015-01-21,SJS,LAK,4.0,2.0,20142015
2015-01-28,LAK,CHI,4.0,3.0,20142015
2015-01-31,BOS,LAK,3.0,1.0,20142015
2015-02-03,WSH,LAK,4.0,0.0,20142015
2015-02-05,FLA,LAK,3.0,2.0,20142015
2015-02-07,TBL,LAK,2.0,4.0,20142015
2015-02-09,CBJ,LAK,3.0,4.0,20142015
2015-02-12,LAK,CGY,5.0,3.0,20142015
2015-02-14,LAK,WSH,3.0,1.0,20142015
2015-02-16,LAK,TBL,3.0,2.0,20142015
2015-02-18,COL,LAK,1.0,4.0,20142015
2015-02-21,SJS,LAK,1.0,2.0,20142015
2015-02-24,LAK,DET,1.0,0.0,20142015
2015-02-26,LAK,OTT,0.0,1.0,20142015
2015-02-27,ANA,LAK,4.0,2.0,20142015
2015-03-01,WPG,LAK,5.0,2.0,20142015
2015-03-03,EDM,LAK,2.0,5.0,20142015
2015-03-05,LAK,MTL,4.0,3.0,20142015
2015-03-07,LAK,PIT,0.0,1.0,20142015
2015-03-10,COL,LAK,2.0,5.0,20142015
2015-03-12,VAN,LAK,0.0,4.0,20142015
2015-03-14,LAK,NSH,1.0,2.0,20142015
2015-03-16,LAK,ARI,1.0,0.0,20142015
2015-03-18,ANA,LAK,3.0,2.0,20142015
2015-03-21,LAK,VAN,1.0,4.0,20142015
2015-03-23,NJD,LAK,1.0,3.0,20142015
2015-03-24,NYR,LAK,2.0,4.0,20142015
2015-03-26,NYI,LAK,2.0,3.0,20142015
2015-03-28,MIN,LAK,4.0,1.0,20142015
2015-03-30,CHI,LAK,4.0,1.0,20142015
2015-04-02,LAK,EDM,8.0,2.0,20142015
2015-04-04,LAK,COL,3.0,1.0,20142015
2015-04-06,VAN,LAK,2.0,1.0,20142015
2015-04-07,EDM,LAK,4.0,2.0,20142015
2015-04-09,CGY,LAK,3.0,1.0,20142015
2015-04-11,LAK,SJS,4.0,1.0,20142015
2015-09-21,ARI,LAK,1.0,5.0,20152016
2015-09-22,LAK,ARI,3.0,2.0,20152016
2015-09-25,ANA,LAK,2.0,1.0,20152016
2015-09-27,COL,LAK,1.0,2.0,20152016
2015-09-29,LAK,ANA,1.0,2.0,20152016
2015-10-03,LAK,COL,4.0,0.0,20152016
2015-10-07,LAK,SJS,1.0,5.0,20152016
2015-10-09,LAK,ARI,1.0,4.0,20152016
2015-10-13,LAK,VAN,0.0,3.0,20152016
2015-10-16,LAK,MIN,2.0,1.0,20152016
2015-10-18,LAK,COL,2.0,1.0,20152016
2015-10-22,SJS,LAK,1.0,4.0,20152016
2015-10-23,LAK,CAR,3.0,0.0,20152016
2015-10-25,EDM,LAK,2.0,3.0,20152016
2015-10-27,WPG,LAK,1.0,4.0,20152016
2015-10-31,LAK,NSH,4.0,3.0,20152016
2015-11-02,CHI,LAK,4.0,2.0,20152016
2015-11-03,STL,LAK,0.0,3.0,20152016
2015-11-05,LAK,CBJ,2.0,3.0,20152016
2015-11-07,LAK,FLA,4.0,1.0,20152016
2015-11-10,LAK,ARI,2.0,3.0,20152016
2015-11-12,LAK,NYI,2.0,1.0,20152016
2015-11-14,LAK,EDM,4.0,3.0,20152016
2015-11-17,PHI,LAK,2.0,3.0,20152016
2015-11-20,DET,LAK,3.0,2.0,20152016
2015-11-22,CAR,LAK,4.0,3.0,20152016
2015-11-23,FLA,LAK,1.0,3.0,20152016
2015-11-25,TBL,LAK,2.0,1.0,20152016
2015-11-28,LAK,CHI,3.0,2.0,20152016
2015-12-01,LAK,VAN,2.0,1.0,20152016
2015-12-05,LAK,PIT,5.0,3.0,20152016
2015-12-06,LAK,TBL,3.0,1.0,20152016
2015-12-08,CBJ,LAK,2.0,3.0,20152016
2015-12-11,PIT,LAK,2.0,3.0,20152016
2015-12-12,BUF,LAK,2.0,1.0,20152016
2015-12-14,OTT,LAK,5.0,3.0,20152016
2015-12-17,MTL,LAK,0.0,3.0,20152016
2015-12-19,TOR,LAK,5.0,0.0,20152016
2015-12-22,LAK,SJS,3.0,5.0,20152016
2015-12-26,ARI,LAK,3.0,4.0,20152016
2015-12-28,VAN,LAK,0.0,5.0,20152016
2015-12-29,EDM,LAK,2.0,5.0,20152016
2015-12-31,CGY,LAK,1.0,4.0,20152016
2016-01-02,LAK,PHI,2.0,1.0,20152016
2016-01-04,COL,LAK,4.0,1.0,20152016
2016-01-07,LAK,TOR,2.0,1.0,20152016
2016-01-09,LAK,STL,1.0,2.0,20152016
2016-01-11,LAK,DET,4.0,2.0,20152016
2016-01-16,LAK,OTT,3.0,5.0,20152016
2016-01-17,ANA,LAK,2.0,3.0,20152016
2016-01-19,LAK,DAL,3.0,2.0,20152016
2016-01-21,LAK,MIN,0.0,3.0,20152016
2016-01-23,ARI,LAK,3.0,2.0,20152016
2016-01-24,SJS,LAK,2.0,3.0,20152016
2016-01-27,LAK,COL,3.0,4.0,20152016
2016-02-02,ARI,LAK,2.0,6.0,20152016
2016-02-04,LAK,ANA,2.0,4.0,20152016
2016-02-09,BOS,LAK,2.0,9.0,20152016
2016-02-11,NYI,LAK,5.0,2.0,20152016
2016-02-12,NYR,LAK,4.0,5.0,20152016
2016-02-14,NJD,LAK,1.0,0.0,20152016
2016-02-16,WSH,LAK,3.0,1.0,20152016
2016-02-18,STL,LAK,2.0,1.0,20152016
2016-02-20,NSH,LAK,1.0,2.0,20152016
2016-02-23,LAK,CGY,2.0,1.0,20152016
2016-02-25,LAK,EDM,2.0,1.0,20152016
2016-02-27,LAK,BUF,2.0,0.0,20152016
2016-02-28,ANA,LAK,4.0,2.0,20152016
2016-03-03,LAK,MTL,3.0,2.0,20152016
2016-03-05,LAK,ANA,2.0,3.0,20152016
2016-03-07,LAK,VAN,5.0,1.0,20152016
2016-03-09,LAK,WSH,4.0,3.0,20152016
2016-03-12,LAK,NJD,1.0,2.0,20152016
2016-03-14,CHI,LAK,0.0,5.0,20152016
2016-03-15,DAL,LAK,2.0,5.0,20152016
2016-03-17,LAK,NYR,4.0,3.0,20152016
2016-03-19,LAK,BOS,2.0,1.0,20152016
2016-03-21,NSH,LAK,5.0,2.0,20152016
2016-03-22,MIN,LAK,2.0,1.0,20152016
2016-03-24,WPG,LAK,4.0,1.0,20152016
2016-03-26,LAK,EDM,6.0,4.0,20152016
2016-03-28,SJS,LAK,5.0,2.0,20152016
2016-03-31,LAK,CGY,3.0,0.0,20152016
2016-04-02,LAK,DAL,2.0,3.0,20152016
2016-04-04,VAN,LAK,3.0,2.0,20152016
2016-04-05,CGY,LAK,4.0,5.0,20152016
2016-04-07,LAK,ANA,2.0,1.0,20152016
2016-04-09,LAK,WPG,3.0,4.0,20152016
2016-04-14,LAK,SJS,3.0,4.0,20152016
2016-04-16,LAK,SJS,1.0,2.0,20152016
2016-04-18,SJS,LAK,1.0,2.0,20152016
2016-04-20,SJS,LAK,3.0,2.0,20152016
2016-04-22,LAK,SJS,3.0,6.0,20152016
2016-09-26,ARI,LAK,5.0,3.0,20162017
2016-09-26,LAK,ARI,4.0,3.0,20162017
2016-09-28,LAK,ANA,6.0,1.0,20162017
2016-09-30,COL,LAK,3.0,1.0,20162017
2016-10-02,ANA,LAK,0.0,1.0,20162017
2016-10-02,EDM,LAK,3.0,2.0,20162017
2016-10-07,LAK,DAL,3.0,6.0,20162017
2016-10-08,LAK,COL,1.0,2.0,20162017
2016-10-12,SJS,LAK,2.0,1.0,20162017
2016-10-14,LAK,PHI,2.0,4.0,20162017
2016-10-18,MIN,LAK,6.0,3.0,20162017
2016-10-20,DAL,LAK,3.0,4.0,20162017
2016-10-22,LAK,VAN,4.0,3.0,20162017
2016-10-25,LAK,CBJ,3.0,2.0,20162017
2016-10-27,LAK,NSH,3.0,2.0,20162017
2016-10-29,STL,LAK,1.0,0.0,20162017
2016-10-30,CHI,LAK,3.0,0.0,20162017
2016-11-01,LAK,ANA,0.0,4.0,20162017
2016-11-03,LAK,PIT,3.0,2.0,20162017
2016-11-05,LAK,CGY,5.0,0.0,20162017
2016-11-08,TOR,LAK,0.0,7.0,20162017
2016-11-10,MTL,LAK,4.0,1.0,20162017
2016-11-11,OTT,LAK,2.0,1.0,20162017
2016-11-13,WPG,LAK,3.0,2.0,20162017
2016-11-15,COL,LAK,4.0,1.0,20162017
2016-11-17,LAK,EDM,4.0,2.0,20162017
2016-11-19,LAK,NJD,4.0,2.0,20162017
2016-11-20,ANA,LAK,2.0,3.0,20162017
2016-11-23,LAK,NYI,4.0,2.0,20162017
2016-11-26,LAK,CHI,2.0,1.0,20162017
2016-11-30,LAK,SJS,1.0,4.0,20162017
2016-12-01,ARI,LAK,3.0,4.0,20162017
2016-12-04,LAK,MTL,4.0,5.0,20162017
2016-12-08,LAK,CAR,1.0,3.0,20162017
2016-12-10,LAK,OTT,4.0,1.0,20162017
2016-12-13,BUF,LAK,6.0,3.0,20162017
2016-12-15,DET,LAK,1.0,4.0,20162017
2016-12-16,PIT,LAK,0.0,1.0,20162017
2016-12-18,BOS,LAK,1.0,0.0,20162017
2016-12-20,CBJ,LAK,3.0,2.0,20162017
2016-12-22,NSH,LAK,0.0,4.0,20162017
2016-12-23,DAL,LAK,3.0,2.0,20162017
2016-12-28,VAN,LAK,2.0,1.0,20162017
2016-12-29,EDM,LAK,3.0,1.0,20162017
2016-12-31,LAK,SJS,3.0,2.0,20162017
2017-01-03,SJS,LAK,1.0,2.0,20162017
2017-01-05,LAK,DET,0.0,4.0,20162017
2017-01-07,LAK,MIN,4.0,3.0,20162017
2017-01-09,LAK,DAL,4.0,6.0,20162017
2017-01-12,LAK,STL,5.0,1.0,20162017
2017-01-14,LAK,WPG,3.0,2.0,20162017
2017-01-16,LAK,TBL,1.0,2.0,20162017
2017-01-18,LAK,SJS,2.0,3.0,20162017
2017-01-21,NYI,LAK,4.0,2.0,20162017
2017-01-23,NYR,LAK,3.0,2.0,20162017
2017-01-24,NJD,LAK,1.0,3.0,20162017
2017-01-26,CAR,LAK,0.0,3.0,20162017
2017-01-31,ARI,LAK,2.0,3.0,20162017
2017-02-01,LAK,COL,5.0,0.0,20162017
2017-02-04,PHI,LAK,0.0,1.0,20162017
2017-02-05,WSH,LAK,5.0,0.0,20162017
2017-02-07,TBL,LAK,5.0,0.0,20162017
2017-02-09,FLA,LAK,3.0,6.0,20162017
2017-02-16,LAK,ARI,3.0,5.0,20162017
2017-02-18,LAK,FLA,2.0,3.0,20162017
2017-02-19,ANA,LAK,1.0,0.0,20162017
2017-02-21,COL,LAK,1.0,2.0,20162017
2017-02-23,LAK,BOS,1.0,4.0,20162017
2017-02-25,LAK,ANA,4.0,1.0,20162017
2017-02-27,MIN,LAK,5.0,4.0,20162017
2017-02-28,CGY,LAK,2.0,1.0,20162017
2017-03-02,LAK,TOR,3.0,2.0,20162017
2017-03-04,LAK,VAN,3.0,4.0,20162017
2017-03-09,LAK,NSH,3.0,2.0,20162017
2017-03-11,LAK,WSH,4.0,2.0,20162017
2017-03-13,LAK,STL,1.0,3.0,20162017
2017-03-14,LAK,ARI,2.0,3.0,20162017
2017-03-16,LAK,BUF,2.0,0.0,20162017
2017-03-19,CGY,LAK,5.0,2.0,20162017
2017-03-20,EDM,LAK,2.0,0.0,20162017
2017-03-23,LAK,WPG,5.0,2.0,20162017
2017-03-25,LAK,NYR,0.0,3.0,20162017
2017-03-28,EDM,LAK,2.0,1.0,20162017
2017-03-29,CGY,LAK,1.0,4.0,20162017
2017-03-31,VAN,LAK,0.0,2.0,20162017
2017-04-02,LAK,ARI,1.0,2.0,20162017
2017-04-04,LAK,EDM,6.0,4.0,20162017
2017-04-06,LAK,CGY,1.0,4.0,20162017
2017-04-08,LAK,CHI,3.0,2.0,20162017
2017-04-09,ANA,LAK,4.0,3.0,20162017
2017-09-16,LAK,VAN,3.0,4.0,20172018
2017-09-21,LAK,VAN,5.0,2.0,20172018
2017-09-22,ANA,LAK,4.0,2.0,20172018
2017-09-23,VAN,LAK,3.0,4.0,20172018
2017-09-26,VGK,LAK,2.0,3.0,20172018
2017-09-28,LAK,ARI,4.0,1.0,20172018
2017-09-30,LAK,ANA,1.0,0.0,20172018
2017-10-05,LAK,PHI,2.0,0.0,20172018
2017-10-07,SJS,LAK,1.0,4.0,20172018
2017-10-11,LAK,CGY,3.0,4.0,20172018
2017-10-14,LAK,BUF,4.0,2.0,20172018
2017-10-15,LAK,NYI,3.0,2.0,20172018
2017-10-18,LAK,MTL,5.0,1.0,20172018
2017-10-21,CBJ,LAK,4.0,6.0,20172018
2017-10-23,TOR,LAK,3.0,2.0,20172018
2017-10-24,OTT,LAK,2.0,3.0,20172018
2017-10-26,MTL,LAK,0.0,4.0,20172018
2017-10-28,BOS,LAK,1.0,2.0,20172018
2017-10-30,STL,LAK,4.0,2.0,20172018
2017-11-02,LAK,TOR,5.0,3.0,20172018
2017-11-04,LAK,NSH,3.0,4.0,20172018
2017-11-07,ANA,LAK,3.0,4.0,20172018
2017-11-09,LAK,TBL,2.0,5.0,20172018
2017-11-12,LAK,SJS,1.0,2.0,20172018
2017-11-14,LAK,VAN,2.0,3.0,20172018
2017-11-16,LAK,BOS,1.0,2.0,20172018
2017-11-18,LAK,FLA,4.0,0.0,20172018
2017-11-19,VGK,LAK,4.0,2.0,20172018
2017-11-22,LAK,WPG,1.0,2.0,20172018
2017-11-24,ARI,LAK,3.0,2.0,20172018
2017-11-25,LAK,ANA,2.0,1.0,20172018
2017-11-28,DET,LAK,1.0,4.0,20172018
2017-11-30,WSH,LAK,2.0,5.0,20172018
2017-12-01,STL,LAK,1.0,4.0,20172018
2017-12-03,CHI,LAK,1.0,3.0,20172018
2017-12-05,LAK,MIN,5.0,2.0,20172018
2017-12-07,LAK,OTT,4.0,3.0,20172018
2017-12-09,LAK,CAR,3.0,2.0,20172018
2017-12-12,NJD,LAK,5.0,1.0,20172018
2017-12-15,NYR,LAK,4.0,2.0,20172018
2017-12-16,NYI,LAK,4.0,3.0,20172018
2017-12-18,PHI,LAK,1.0,4.0,20172018
2017-12-21,LAK,COL,2.0,1.0,20172018
2017-12-23,SJS,LAK,2.0,0.0,20172018
2017-12-28,LAK,VGK,2.0,3.0,20172018
2017-12-30,VAN,LAK,3.0,4.0,20172018
2018-01-02,EDM,LAK,0.0,5.0,20172018
2018-01-04,CGY,LAK,4.0,3.0,20172018
2018-01-06,LAK,NSH,3.0,4.0,20172018
2018-01-13,LAK,ANA,2.0,4.0,20172018
2018-01-15,LAK,SJS,1.0,4.0,20172018
2018-01-18,LAK,PIT,1.0,3.0,20172018
2018-01-19,ANA,LAK,2.0,1.0,20172018
2018-01-21,LAK,NYR,4.0,2.0,20172018
2018-01-23,VAN,LAK,6.0,2.0,20172018
2018-01-24,CGY,LAK,1.0,2.0,20172018
2018-01-30,DAL,LAK,0.0,3.0,20172018
2018-02-01,NSH,LAK,5.0,0.0,20172018
2018-02-03,LAK,ARI,6.0,0.0,20172018
2018-02-07,LAK,EDM,5.0,2.0,20172018
2018-02-09,FLA,LAK,1.0,3.0,20172018
2018-02-10,TBL,LAK,4.0,3.0,20172018
2018-02-13,CAR,LAK,7.0,3.0,20172018
2018-02-15,PIT,LAK,3.0,1.0,20172018
2018-02-17,BUF,LAK,2.0,4.0,20172018
2018-02-19,CHI,LAK,1.0,3.0,20172018
2018-02-20,WPG,LAK,3.0,4.0,20172018
2018-02-22,LAK,DAL,0.0,2.0,20172018
2018-02-24,LAK,EDM,3.0,4.0,20172018
2018-02-26,LAK,VGK,3.0,2.0,20172018
2018-02-27,VGK,LAK,1.0,4.0,20172018
2018-03-01,LAK,CBJ,5.0,2.0,20172018
2018-03-03,LAK,CHI,3.0,5.0,20172018
2018-03-08,LAK,WSH,3.0,1.0,20172018
2018-03-10,LAK,STL,2.0,7.0,20172018
2018-03-12,LAK,VAN,3.0,0.0,20172018
2018-03-13,ARI,LAK,4.0,3.0,20172018
2018-03-15,LAK,DET,4.0,1.0,20172018
2018-03-17,LAK,NJD,0.0,3.0,20172018
2018-03-19,MIN,LAK,3.0,4.0,20172018
2018-03-20,WPG,LAK,2.0,1.0,20172018
2018-03-22,COL,LAK,1.0,7.0,20172018
2018-03-24,EDM,LAK,3.0,2.0,20172018
2018-03-26,LAK,CGY,3.0,0.0,20172018
2018-03-29,LAK,ARI,4.0,2.0,20172018
2018-03-30,ANA,LAK,2.0,1.0,20172018
2018-04-02,LAK,COL,3.0,1.0,20172018
2018-04-05,LAK,MIN,5.0,4.0,20172018
2018-04-07,LAK,DAL,2.0,4.0,20172018
2018-04-11,VGK,LAK,1.0,0.0,20172018
2018-04-13,VGK,LAK,2.0,1.0,20172018
2018-04-15,LAK,VGK,2.0,3.0,20172018
2018-04-17,LAK,VGK,0.0,1.0,20172018
2018-09-18,ARI,LAK,4.0,2.0,20182019
2018-09-18,LAK,ARI,3.0,4.0,20182019
2018-09-20,VAN,LAK,4.0,3.0,20182019
2018-09-20,LAK,VGK,2.0,7.0,20182019
2018-09-24,LAK,VAN,4.0,1.0,20182019
2018-09-26,ANA,LAK,7.0,4.0,20182019
2018-09-28,VGK,LAK,2.0,0.0,20182019
2018-09-29,LAK,ANA,0.0,3.0,20182019
2018-10-05,LAK,SJS,2.0,3.0,20182019
2018-10-07,LAK,DET,4.0,2.0,20182019
2018-10-09,WPG,LAK,2.0,1.0,20182019
2018-10-11,MTL,LAK,0.0,3.0,20182019
2018-10-13,OTT,LAK,5.0,1.0,20182019
2018-10-15,TOR,LAK,4.0,1.0,20182019
2018-10-18,LAK,NYI,2.0,7.0,20182019
2018-10-20,LAK,BUF,1.0,5.0,20182019
2018-10-23,DAL,LAK,4.0,2.0,20182019
2018-10-25,MIN,LAK,4.0,1.0,20182019
2018-10-28,LAK,NYR,4.0,3.0,20182019
2018-11-01,LAK,PHI,2.0,5.0,20182019
2018-11-03,LAK,CBJ,4.0,1.0,20182019
2018-11-06,LAK,ANA,4.0,1.0,20182019
2018-11-08,LAK,MIN,1.0,3.0,20182019
2018-11-10,LAK,CGY,0.0,1.0,20182019
2018-11-13,LAK,TOR,1.0,5.0,20182019
2018-11-16,CHI,LAK,1.0,2.0,20182019
2018-11-17,NSH,LAK,5.0,3.0,20182019
2018-11-19,STL,LAK,0.0,2.0,20182019
2018-11-21,LAK,COL,3.0,7.0,20182019
2018-11-24,LAK,VAN,2.0,4.0,20182019
2018-11-25,LAK,EDM,5.0,2.0,20182019
2018-11-27,VAN,LAK,1.0,2.0,20182019
2018-11-29,EDM,LAK,3.0,2.0,20182019
2018-11-30,CGY,LAK,4.0,1.0,20182019
2018-12-02,LAK,CAR,2.0,0.0,20182019
2018-12-04,LAK,ARI,1.0,2.0,20182019
2018-12-06,LAK,NJD,3.0,6.0,20182019
2018-12-08,LAK,VGK,5.0,1.0,20182019
2018-12-10,DET,LAK,3.0,1.0,20182019
2018-12-11,BUF,LAK,4.0,3.0,20182019
2018-12-13,CBJ,LAK,4.0,1.0,20182019
2018-12-15,PIT,LAK,4.0,3.0,20182019
2018-12-18,LAK,WPG,4.0,1.0,20182019
2018-12-22,SJS,LAK,2.0,3.0,20182019
2018-12-23,VGK,LAK,3.0,4.0,20182019
2018-12-27,LAK,ARI,2.0,1.0,20182019
2018-12-29,LAK,VGK,1.0,4.0,20182019
2018-12-31,COL,LAK,2.0,3.0,20182019
2019-01-01,VGK,LAK,2.0,0.0,20182019
2019-01-03,LAK,TBL,2.0,6.0,20182019
2019-01-05,LAK,EDM,4.0,0.0,20182019
2019-01-07,SJS,LAK,3.0,1.0,20182019
2019-01-10,LAK,OTT,1.0,4.0,20182019
2019-01-12,LAK,PIT,5.0,2.0,20182019
2019-01-15,MIN,LAK,3.0,2.0,20182019
2019-01-17,DAL,LAK,1.0,2.0,20182019
2019-01-19,COL,LAK,7.0,1.0,20182019
2019-01-21,LAK,STL,4.0,3.0,20182019
2019-02-02,NYI,LAK,4.0,2.0,20182019
2019-02-04,NYR,LAK,3.0,4.0,20182019
2019-02-05,NJD,LAK,1.0,5.0,20182019
2019-02-07,PHI,LAK,2.0,3.0,20182019
2019-02-09,BOS,LAK,5.0,4.0,20182019
2019-02-11,WSH,LAK,6.0,4.0,20182019
2019-02-14,LAK,VAN,3.0,4.0,20182019
2019-02-16,LAK,BOS,2.0,4.0,20182019
2019-02-18,LAK,WSH,2.0,3.0,20182019
2019-02-21,NSH,LAK,2.0,1.0,20182019
2019-02-23,FLA,LAK,6.0,1.0,20182019
2019-02-25,TBL,LAK,4.0,3.0,20182019
2019-02-26,CAR,LAK,6.0,1.0,20182019
2019-02-28,LAK,DAL,3.0,4.0,20182019
2019-03-02,LAK,CHI,6.0,3.0,20182019
2019-03-05,LAK,MTL,1.0,3.0,20182019
2019-03-07,LAK,STL,0.0,4.0,20182019
2019-03-09,ARI,LAK,4.0,2.0,20182019
2019-03-10,ANA,LAK,2.0,3.0,20182019
2019-03-14,LAK,NSH,1.0,3.0,20182019
2019-03-16,LAK,FLA,3.0,4.0,20182019
2019-03-18,LAK,WPG,2.0,3.0,20182019
2019-03-21,LAK,SJS,4.0,2.0,20182019
2019-03-23,LAK,ANA,4.0,3.0,20182019
2019-03-25,CGY,LAK,0.0,3.0,20182019
2019-03-26,EDM,LAK,8.0,4.0,20182019
2019-03-28,VAN,LAK,3.0,2.0,20182019
2019-03-30,LAK,CHI,3.0,2.0,20182019
2019-04-01,LAK,CGY,2.0,7.0,20182019
2019-04-02,ARI,LAK,1.0,3.0,20182019
2019-04-05,ANA,LAK,5.0,2.0,20182019
2019-04-06,LAK,VGK,5.0,2.0,20182019
2019-09-17,ARI,LAK,1.0,4.0,20192020
2019-09-17,LAK,ARI,0.0,5.0,20192020
2019-09-19,LAK,VGK,2.0,3.0,20192020
2019-09-21,LAK,VAN,7.0,5.0,20192020
2019-09-23,LAK,ANA,3.0,0.0,20192020
2019-09-25,ANA,LAK,2.0,0.0,20192020
2019-09-27,VGK,LAK,2.0,3.0,20192020
2019-10-05,EDM,LAK,6.0,5.0,20192020
2019-10-08,CGY,LAK,3.0,4.0,20192020
2019-10-09,VAN,LAK,8.0,2.0,20192020
2019-10-12,LAK,NSH,7.0,4.0,20192020
2019-10-13,LAK,VGK,2.0,5.0,20192020
2019-10-15,LAK,CAR,0.0,2.0,20192020
2019-10-17,LAK,BUF,0.0,3.0,20192020
2019-10-19,LAK,CGY,4.0,1.0,20192020
2019-10-22,WPG,LAK,2.0,3.0,20192020
2019-10-24,STL,LAK,5.0,2.0,20192020
2019-10-26,MIN,LAK,5.0,1.0,20192020
2019-10-27,CHI,LAK,5.0,1.0,20192020
2019-10-30,LAK,VAN,3.0,5.0,20192020
2019-11-02,LAK,CHI,4.0,3.0,20192020
2019-11-05,TOR,LAK,3.0,1.0,20192020
2019-11-07,OTT,LAK,3.0,2.0,20192020
2019-11-09,MTL,LAK,3.0,2.0,20192020
2019-11-12,LAK,MIN,3.0,1.0,20192020
2019-11-14,LAK,DET,3.0,2.0,20192020
2019-11-16,LAK,VGK,4.0,3.0,20192020
2019-11-18,ARI,LAK,3.0,0.0,20192020
2019-11-21,LAK,EDM,5.0,1.0,20192020
2019-11-23,LAK,ARI,2.0,3.0,20192020
2019-11-25,LAK,SJS,3.0,4.0,20192020
2019-11-27,LAK,NYI,4.0,1.0,20192020
2019-11-29,SJS,LAK,4.0,1.0,20192020
2019-11-30,LAK,WPG,2.0,1.0,20192020
2019-12-02,ANA,LAK,4.0,2.0,20192020
2019-12-04,LAK,WSH,1.0,3.0,20192020
2019-12-06,EDM,LAK,2.0,1.0,20192020
2019-12-07,CGY,LAK,4.0,3.0,20192020
2019-12-10,LAK,NYR,3.0,1.0,20192020
2019-12-12,ANA,LAK,1.0,2.0,20192020
2019-12-14,PIT,LAK,5.0,4.0,20192020
2019-12-15,DET,LAK,2.0,4.0,20192020
2019-12-17,BOS,LAK,3.0,4.0,20192020
2019-12-19,CBJ,LAK,3.0,2.0,20192020
2019-12-21,BUF,LAK,3.0,2.0,20192020
2019-12-23,LAK,STL,1.0,4.0,20192020
2019-12-27,SJS,LAK,2.0,3.0,20192020
2019-12-28,VAN,LAK,3.0,2.0,20192020
2019-12-31,LAK,PHI,5.0,3.0,20192020
2020-01-04,LAK,NSH,1.0,4.0,20192020
2020-01-06,LAK,CBJ,2.0,4.0,20192020
2020-01-08,LAK,DAL,1.0,2.0,20192020
2020-01-09,VGK,LAK,2.0,5.0,20192020
2020-01-11,CAR,LAK,2.0,0.0,20192020
2020-01-14,TBL,LAK,4.0,3.0,20192020
2020-01-16,FLA,LAK,4.0,3.0,20192020
2020-01-18,PHI,LAK,4.0,1.0,20192020
2020-01-29,LAK,TBL,2.0,4.0,20192020
2020-01-30,ARI,LAK,2.0,3.0,20192020
2020-02-01,LAK,ANA,1.0,3.0,20192020
2020-02-04,WSH,LAK,4.0,2.0,20192020
2020-02-06,NYI,LAK,5.0,3.0,20192020
2020-02-08,NJD,LAK,3.0,0.0,20192020
2020-02-09,NYR,LAK,4.0,1.0,20192020
2020-02-12,LAK,CGY,5.0,3.0,20192020
2020-02-15,COL,LAK,1.0,3.0,20192020
2020-02-18,WPG,LAK,6.0,3.0,20192020
2020-02-20,LAK,FLA,5.0,4.0,20192020
2020-02-22,LAK,COL,1.0,2.0,20192020
2020-02-23,LAK,EDM,2.0,4.0,20192020
2020-02-26,LAK,PIT,2.0,1.0,20192020
2020-02-29,LAK,NJD,2.0,1.0,20192020
2020-03-01,VGK,LAK,1.0,4.0,20192020
2020-03-05,LAK,TOR,1.0,0.0,20192020
2020-03-07,LAK,MIN,7.0,3.0,20192020
2020-03-09,LAK,COL,3.0,1.0,20192020
2020-03-11,LAK,OTT,3.0,2.0,20192020
2021-01-14,LAK,MIN,3.0,4.0,20202021
2021-01-16,LAK,MIN,3.0,4.0,20202021
2021-01-19,LAK,COL,2.0,3.0,20202021
2021-01-21,LAK,COL,4.0,2.0,20202021
2021-01-23,STL,LAK,4.0,2.0,20202021
2021-01-24,STL,LAK,3.0,6.0,20202021
2021-01-26,MIN,LAK,1.0,2.0,20202021
2021-01-28,MIN,LAK,5.0,3.0,20202021
2021-02-02,LAK,ANA,1.0,3.0,20202021
2021-02-05,VGK,LAK,5.0,2.0,20202021
2021-02-07,VGK,LAK,4.0,3.0,20202021
2021-02-09,LAK,SJS,3.0,4.0,20202021
2021-02-11,LAK,SJS,6.0,2.0,20202021
2021-02-16,LAK,MIN,4.0,0.0,20202021
2021-02-18,ARI,LAK,2.0,3.0,20202021
2021-02-20,ARI,LAK,2.0,4.0,20202021
2021-02-22,STL,LAK,0.0,3.0,20202021
2021-02-24,STL,LAK,1.0,2.0,20202021
2021-02-26,MIN,LAK,3.0,1.0,20202021
2021-02-27,MIN,LAK,4.0,3.0,20202021
2021-03-03,LAK,ARI,2.0,3.0,20202021
2021-03-05,LAK,STL,2.0,3.0,20202021
2021-03-06,LAK,STL,4.0,3.0,20202021
2021-03-08,ANA,LAK,6.0,5.0,20202021
2021-03-10,ANA,LAK,1.0,5.0,20202021
2021-03-12,COL,LAK,2.0,0.0,20202021
2021-03-14,COL,LAK,4.0,1.0,20202021
2021-03-17,LAK,STL,4.0,1.0,20202021
2021-03-19,LAK,VGK,2.0,4.0,20202021
2021-03-21,LAK,VGK,3.0,1.0,20202021
2021-03-22,SJS,LAK,2.0,1.0,20202021
2021-03-24,SJS,LAK,4.0,2.0,20202021
2021-03-29,VGK,LAK,4.0,1.0,20202021
2021-03-31,VGK,LAK,2.0,4.0,20202021
2021-04-02,LAK,SJS,0.0,3.0,20202021
2021-04-03,LAK,SJS,2.0,3.0,20202021
2021-04-05,LAK,ARI,2.0,5.0,20202021
2021-04-07,LAK,ARI,4.0,3.0,20202021
2021-04-09,SJS,LAK,5.0,2.0,20202021
2021-04-10,SJS,LAK,2.0,4.0,20202021
2021-04-12,LAK,VGK,2.0,4.0,20202021
2021-04-14,LAK,VGK,2.0,6.0,20202021
2021-04-20,LAK,ANA,4.0,1.0,20202021
2021-04-23,LAK,MIN,2.0,4.0,20202021
2021-04-24,LAK,ARI,0.0,4.0,20202021
2021-04-26,LAK,ANA,4.0,1.0,20202021
2021-04-28,LAK,ANA,2.0,3.0,20202021
2021-04-30,ANA,LAK,1.0,2.0,20202021
2021-05-01,ANA,LAK,6.0,2.0,20202021
2021-05-03,ARI,LAK,2.0,3.0,20202021
2021-05-05,ARI,LAK,2.0,4.0,20202021
2021-05-07,LAK,COL,2.0,3.0,20202021
2021-05-08,LAK,COL,2.0,3.0,20202021
2021-05-10,LAK,STL,1.0,2.0,20202021
2021-05-12,COL,LAK,6.0,0.0,20202021
2021-05-13,COL,LAK,5.0,1.0,20202021
2021-09-27,ARI,LAK,2.0,1.0,20212022
2021-09-28,SJS,LAK,3.0,4.0,20212022
2021-09-30,LAK,VGK,3.0,1.0,20212022
2021-10-01,VGK,LAK,4.0,0.0,20212022
2021-10-05,LAK,ARI,1.0,4.0,20212022
2021-10-06,ANA,LAK,3.0,6.0,20212022
2021-10-09,LAK,ANA,3.0,4.0,20212022
2021-10-14,LAK,VGK,6.0,2.0,20212022
2021-10-16,LAK,MIN,2.0,3.0,20212022
2021-10-19,NSH,LAK,2.0,1.0,20212022
2021-10-22,DAL,LAK,3.0,2.0,20212022
2021-10-23,STL,LAK,7.0,3.0,20212022
2021-10-25,STL,LAK,3.0,0.0,20212022
2021-10-28,LAK,WPG,2.0,3.0,20212022
2021-10-30,LAK,MTL,5.0,2.0,20212022
2021-10-31,LAK,BUF,3.0,2.0,20212022
2021-11-03,LAK,STL,3.0,2.0,20212022
2021-11-05,LAK,NJD,3.0,2.0,20212022
2021-11-08,TOR,LAK,1.0,5.0,20212022
2021-11-09,MTL,LAK,2.0,3.0,20212022
2021-11-11,OTT,LAK,0.0,2.0,20212022
2021-11-13,WPG,LAK,3.0,2.0,20212022
2021-11-17,LAK,WSH,0.0,2.0,20212022
2021-11-20,LAK,CAR,4.0,5.0,20212022
2021-11-21,LAK,ARI,1.0,2.0,20212022
2021-11-24,LAK,TOR,2.0,6.0,20212022
2021-11-27,LAK,OTT,4.0,2.0,20212022
2021-11-30,LAK,ANA,4.0,5.0,20212022
2021-12-02,LAK,CGY,2.0,3.0,20212022
2021-12-05,EDM,LAK,1.0,5.0,20212022
2021-12-06,VAN,LAK,4.0,0.0,20212022
2021-12-09,LAK,DAL,4.0,0.0,20212022
2021-12-11,LAK,MIN,2.0,1.0,20212022
2021-12-14,TBL,LAK,3.0,2.0,20212022
2021-12-16,FLA,LAK,1.0,4.0,20212022
2021-12-18,CAR,LAK,5.0,1.0,20212022
2021-12-19,WSH,LAK,2.0,3.0,20212022
2021-12-28,LAK,VGK,3.0,6.0,20212022
2021-12-30,LAK,VAN,2.0,1.0,20212022
2022-01-01,LAK,PHI,6.0,3.0,20212022
2022-01-06,LAK,NSH,2.0,4.0,20212022
2022-01-08,LAK,DET,4.0,0.0,20212022
2022-01-10,LAK,NYR,3.0,1.0,20212022
2022-01-13,LAK,PIT,6.0,2.0,20212022
2022-01-15,SEA,LAK,1.0,3.0,20212022
2022-01-17,SJS,LAK,6.0,2.0,20212022
2022-01-18,LAK,TBL,4.0,6.0,20212022
2022-01-20,LAK,COL,1.0,4.0,20212022
2022-01-23,NJD,LAK,2.0,3.0,20212022
2022-01-24,NYR,LAK,3.0,2.0,20212022
2022-01-27,NYI,LAK,2.0,3.0,20212022
2022-01-29,PHI,LAK,4.0,3.0,20212022
2022-01-30,PIT,LAK,3.0,4.0,20212022
2022-02-02,DET,LAK,3.0,5.0,20212022
2022-02-15,LAK,EDM,2.0,5.0,20212022
2022-02-18,VGK,LAK,3.0,4.0,20212022
2022-02-19,ARI,LAK,3.0,5.0,20212022
2022-02-23,ARI,LAK,2.0,3.0,20212022
2022-02-25,ANA,LAK,1.0,4.0,20212022
2022-02-26,LAK,NYI,5.0,2.0,20212022
2022-02-28,LAK,BOS,0.0,7.0,20212022
2022-03-02,DAL,LAK,4.0,3.0,20212022
2022-03-04,CBJ,LAK,3.0,4.0,20212022
2022-03-06,BUF,LAK,0.0,3.0,20212022
2022-03-07,BOS,LAK,2.0,3.0,20212022
2022-03-10,LAK,SJS,3.0,4.0,20212022
2022-03-12,SJS,LAK,5.0,0.0,20212022
2022-03-13,LAK,FLA,3.0,2.0,20212022
2022-03-15,LAK,COL,0.0,3.0,20212022
2022-03-17,LAK,SJS,3.0,0.0,20212022
2022-03-19,VGK,LAK,5.0,1.0,20212022
2022-03-22,LAK,NSH,6.0,1.0,20212022
2022-03-24,LAK,CHI,3.0,4.0,20212022
2022-03-26,LAK,SEA,4.0,2.0,20212022
2022-03-28,LAK,SEA,1.0,6.0,20212022
2022-03-30,EDM,LAK,4.0,3.0,20212022
2022-03-31,CGY,LAK,2.0,3.0,20212022
2022-04-02,WPG,LAK,2.0,3.0,20212022
2022-04-04,LAK,CGY,2.0,3.0,20212022
2022-04-07,LAK,EDM,2.0,3.0,20212022
2022-04-10,MIN,LAK,6.0,3.0,20212022
2022-04-12,CHI,LAK,2.0,5.0,20212022
2022-04-13,COL,LAK,9.0,3.0,20212022
2022-04-16,LAK,CBJ,2.0,1.0,20212022
2022-04-19,ANA,LAK,1.0,2.0,20212022
2022-04-21,LAK,CHI,4.0,1.0,20212022
2022-04-23,LAK,ANA,4.0,2.0,20212022
2022-04-27,SEA,LAK,3.0,5.0,20212022
2022-04-28,VAN,LAK,3.0,2.0,20212022
2022-05-02,EDM,LAK,3.0,4.0,20212022
2022-05-04,EDM,LAK,6.0,0.0,20212022
2022-05-06,LAK,EDM,2.0,8.0,20212022
2022-05-08,LAK,EDM,4.0,0.0,20212022
2022-05-10,EDM,LAK,4.0,5.0,20212022
2022-05-12,LAK,EDM,2.0,4.0,20212022
2022-05-14,EDM,LAK,2.0,0.0,20212022
2022-09-25,SJS,LAK,3.0,2.0,20222023
2022-09-26,VGK,LAK,1.0,2.0,20222023
2022-09-28,LAK,SJS,1.0,3.0,20222023
2022-10-02,LAK,ANA,2.0,1.0,20222023
2022-10-04,ANA,LAK,5.0,4.0,20222023
2022-10-06,LAK,VGK,4.0,6.0,20222023
2022-10-08,LAK,ANA,6.0,3.0,20222023
2022-10-11,LAK,VGK,3.0,4.0,20222023
2022-10-13,LAK,SEA,1.0,4.0,20222023
2022-10-15,MIN,LAK,6.0,7.0,20222023
2022-10-17,DET,LAK,4.0,5.0,20222023
2022-10-18,NSH,LAK,3.0,4.0,20222023
2022-10-20,PIT,LAK,6.0,1.0,20222023
2022-10-22,WSH,LAK,4.0,3.0,20222023
2022-10-25,LAK,TBL,4.0,2.0,20222023
2022-10-27,LAK,WPG,4.0,6.0,20222023
2022-10-29,LAK,TOR,4.0,2.0,20222023
2022-10-31,STL,LAK,1.0,5.0,20222023
2022-11-01,DAL,LAK,5.0,2.0,20222023
2022-11-03,CHI,LAK,2.0,1.0,20222023
2022-11-05,LAK,FLA,5.0,4.0,20222023
2022-11-08,LAK,MIN,1.0,0.0,20222023
2022-11-10,LAK,CHI,2.0,1.0,20222023
2022-11-12,LAK,DET,4.0,3.0,20222023
2022-11-14,CGY,LAK,6.0,5.0,20222023
2022-11-16,EDM,LAK,1.0,3.0,20222023
2022-11-18,VAN,LAK,4.0,1.0,20222023
2022-11-19,SEA,LAK,3.0,2.0,20222023
2022-11-22,LAK,NYR,3.0,5.0,20222023
2022-11-25,SJS,LAK,2.0,5.0,20222023
2022-11-27,LAK,OTT,2.0,3.0,20222023
2022-11-29,LAK,SEA,8.0,9.0,20222023
2022-12-01,LAK,ARI,5.0,3.0,20222023
2022-12-03,LAK,CAR,2.0,4.0,20222023
2022-12-06,OTT,LAK,2.0,5.0,20222023
2022-12-08,TOR,LAK,5.0,0.0,20222023
2022-12-10,MTL,LAK,2.0,4.0,20222023
2022-12-11,CBJ,LAK,6.0,5.0,20222023
2022-12-13,BUF,LAK,6.0,0.0,20222023
2022-12-15,BOS,LAK,2.0,3.0,20222023
2022-12-17,LAK,SJS,3.0,2.0,20222023
2022-12-20,LAK,ANA,4.0,1.0,20222023
2022-12-22,LAK,CGY,4.0,3.0,20222023
2022-12-23,ARI,LAK,2.0,1.0,20222023
2022-12-27,LAK,VGK,4.0,2.0,20222023
2022-12-29,COL,LAK,4.0,5.0,20222023
2022-12-31,LAK,PHI,2.0,4.0,20222023
2023-01-03,LAK,DAL,3.0,2.0,20222023
2023-01-05,LAK,BOS,2.0,5.0,20222023
2023-01-07,VGK,LAK,1.0,5.0,20222023
2023-01-09,LAK,EDM,6.0,3.0,20222023
2023-01-11,LAK,SJS,4.0,3.0,20222023
2023-01-14,LAK,NJD,2.0,5.0,20222023
2023-01-19,LAK,DAL,0.0,4.0,20222023
2023-01-21,NSH,LAK,5.0,3.0,20222023
2023-01-22,CHI,LAK,1.0,2.0,20222023
2023-01-24,PHI,LAK,3.0,4.0,20222023
2023-01-27,FLA,LAK,3.0,4.0,20222023
2023-01-28,TBL,LAK,5.0,2.0,20222023
2023-01-31,CAR,LAK,5.0,4.0,20222023
2023-02-11,LAK,PIT,6.0,0.0,20222023
2023-02-13,LAK,BUF,5.0,2.0,20222023
2023-02-17,ANA,LAK,3.0,6.0,20222023
2023-02-18,LAK,ARI,6.0,5.0,20222023
2023-02-21,MIN,LAK,2.0,1.0,20222023
2023-02-23,NJD,LAK,4.0,3.0,20222023
2023-02-24,NYI,LAK,2.0,3.0,20222023
2023-02-26,NYR,LAK,5.0,2.0,20222023
2023-02-28,WPG,LAK,5.0,6.0,20222023
2023-03-02,LAK,MTL,3.0,2.0,20222023
2023-03-04,LAK,STL,4.0,2.0,20222023
2023-03-06,LAK,WSH,4.0,2.0,20222023
2023-03-09,COL,LAK,2.0,5.0,20222023
2023-03-11,LAK,NSH,1.0,2.0,20222023
2023-03-14,LAK,NYI,5.0,2.0,20222023
2023-03-16,LAK,CBJ,4.0,1.0,20222023
2023-03-18,LAK,VAN,2.0,3.0,20222023
2023-03-20,LAK,CGY,8.0,2.0,20222023
2023-03-25,LAK,WPG,4.0,1.0,20222023
2023-03-26,LAK,STL,7.0,6.0,20222023
2023-03-28,CGY,LAK,2.0,1.0,20222023
2023-03-30,EDM,LAK,2.0,0.0,20222023
2023-04-01,SEA,LAK,1.0,3.0,20222023
2023-04-02,VAN,LAK,1.0,4.0,20222023
2023-04-04,LAK,EDM,1.0,3.0,20222023
2023-04-06,VGK,LAK,5.0,2.0,20222023
2023-04-08,LAK,COL,3.0,4.0,20222023
2023-04-10,LAK,VAN,3.0,0.0,20222023
2023-04-13,ANA,LAK,3.0,5.0,20222023
2023-04-17,EDM,LAK,3.0,4.0,20222023
2023-04-19,EDM,LAK,4.0,2.0,20222023
2023-04-21,LAK,EDM,3.0,2.0,20222023
2023-04-23,LAK,EDM,4.0,5.0,20222023
2023-04-25,EDM,LAK,6.0,3.0,20222023
2023-04-29,LAK,EDM,4.0,5.0,20222023
2023-09-23,ARI,LAK,5.0,3.0,20232024
2023-09-24,LAK,ARI,3.0,2.0,20232024
2023-09-24,ANA,LAK,3.0,2.0,20232024
2023-09-27,VGK,LAK,3.0,4.0,20232024
2023-09-29,ANA,LAK,3.0,4.0,20232024
2023-09-30,SJS,LAK,1.0,2.0,20232024
2023-10-03,LAK,ANA,4.0,1.0,20232024
2023-10-05,LAK,SJS,4.0,3.0,20232024
2023-10-07,LAK,VGK,4.0,7.0,20232024
2023-10-11,LAK,COL,2.0,5.0,20232024
2023-10-14,LAK,CAR,5.0,6.0,20232024
2023-10-17,WPG,LAK,1.0,5.0,20232024
2023-10-19,MIN,LAK,3.0,7.0,20232024
2023-10-21,LAK,BOS,2.0,4.0,20232024
2023-10-24,LAK,ARI,6.0,3.0,20232024
2023-10-27,ARI,LAK,4.0,5.0,20232024
2023-10-28,LAK,VGK,3.0,4.0,20232024
2023-10-31,TOR,LAK,1.0,4.0,20232024
2023-11-02,OTT,LAK,2.0,3.0,20232024
2023-11-04,PHI,LAK,0.0,5.0,20232024
2023-11-08,VGK,LAK,1.0,4.0,20232024
2023-11-09,LAK,PIT,3.0,4.0,20232024
2023-11-11,LAK,PHI,2.0,4.0,20232024
2023-11-16,LAK,FLA,2.0,1.0,20232024
2023-11-18,LAK,STL,5.0,1.0,20232024
2023-11-20,ARI,LAK,1.0,4.0,20232024
2023-11-24,ANA,LAK,2.0,5.0,20232024
2023-11-25,LAK,MTL,4.0,0.0,20232024
2023-11-29,LAK,WSH,1.0,2.0,20232024
2023-12-03,LAK,COL,4.0,1.0,20232024
2023-12-05,CBJ,LAK,3.0,4.0,20232024
2023-12-07,MTL,LAK,0.0,4.0,20232024
2023-12-09,NYI,LAK,3.0,2.0,20232024
2023-12-10,NYR,LAK,4.0,1.0,20232024
2023-12-13,LAK,WPG,2.0,5.0,20232024
2023-12-16,SEA,LAK,2.0,3.0,20232024
2023-12-19,SJS,LAK,1.0,4.0,20232024
2023-12-20,LAK,SEA,1.0,2.0,20232024
2023-12-23,LAK,CGY,5.0,3.0,20232024
2023-12-27,LAK,SJS,5.0,1.0,20232024
2023-12-28,VGK,LAK,3.0,2.0,20232024
2023-12-30,LAK,EDM,2.0,3.0,20232024
2024-01-02,LAK,TOR,0.0,3.0,20232024
2024-01-04,LAK,DET,3.0,4.0,20232024
2024-01-07,WSH,LAK,4.0,3.0,20232024
2024-01-09,TBL,LAK,3.0,2.0,20232024
2024-01-11,FLA,LAK,3.0,2.0,20232024
2024-01-13,DET,LAK,5.0,3.0,20232024
2024-01-15,CAR,LAK,2.0,5.0,20232024
2024-01-16,DAL,LAK,5.0,1.0,20232024
2024-01-18,LAK,NSH,1.0,2.0,20232024
2024-01-20,LAK,NYR,2.0,1.0,20232024
2024-01-22,LAK,SJS,3.0,4.0,20232024
2024-01-24,LAK,BUF,3.0,5.0,20232024
2024-01-26,COL,LAK,5.0,1.0,20232024
2024-01-28,STL,LAK,4.0,3.0,20232024
2024-01-31,NSH,LAK,2.0,4.0,20232024
2024-02-10,LAK,EDM,4.0,0.0,20232024
2024-02-13,BUF,LAK,7.0,0.0,20232024
2024-02-15,NJD,LAK,1.0,2.0,20232024
2024-02-17,BOS,LAK,4.0,5.0,20232024
2024-02-18,PIT,LAK,1.0,2.0,20232024
2024-02-20,LAK,CBJ,5.0,1.0,20232024
2024-02-22,LAK,NSH,1.0,4.0,20232024
2024-02-24,LAK,ANA,3.0,2.0,20232024
2024-02-26,EDM,LAK,4.0,2.0,20232024
2024-02-27,CGY,LAK,4.0,2.0,20232024
2024-02-29,VAN,LAK,1.0,5.0,20232024
2024-03-03,LAK,NJD,5.0,1.0,20232024
2024-03-05,LAK,VAN,1.0,2.0,20232024
2024-03-07,LAK,OTT,4.0,3.0,20232024
2024-03-09,LAK,DAL,1.0,4.0,20232024
2024-03-11,LAK,NYI,3.0,0.0,20232024
2024-03-13,STL,LAK,3.0,1.0,20232024
2024-03-15,CHI,LAK,0.0,5.0,20232024
2024-03-16,DAL,LAK,4.0,1.0,20232024
2024-03-19,LAK,CHI,6.0,2.0,20232024
2024-03-20,LAK,MIN,6.0,0.0,20232024
2024-03-23,LAK,TBL,4.0,3.0,20232024
2024-03-25,VAN,LAK,2.0,3.0,20232024
2024-03-28,EDM,LAK,4.0,1.0,20232024
2024-03-30,CGY,LAK,4.0,2.0,20232024
2024-04-01,WPG,LAK,4.0,3.0,20232024
2024-04-03,LAK,SEA,5.0,2.0,20232024
2024-04-04,SJS,LAK,1.0,2.0,20232024
2024-04-06,LAK,VAN,6.0,3.0,20232024
2024-04-09,ANA,LAK,3.0,1.0,20232024
2024-04-11,LAK,CGY,4.0,1.0,20232024
2024-04-13,LAK,ANA,3.0,1.0,20232024
2024-04-15,LAK,MIN,1.0,3.0,20232024
2024-04-18,LAK,CHI,5.0,4.0,20232024
2024-04-22,EDM,LAK,7.0,4.0,20232024
2024-04-24,EDM,LAK,4.0,5.0,20232024
2024-04-26,LAK,EDM,1.0,6.0,20232024
2024-04-28,LAK,EDM,0.0,1.0,20232024
2024-05-01,EDM,LAK,4.0,3.0,20232024
2024-09-23,UTA,LAK,3.0,2.0,20242025
2024-09-25,VGK,LAK,2.0,3.0,20242025
2024-09-28,LAK,ANA,3.0,2.0,20242025
2024-09-30,ANA,LAK,0.0,4.0,20242025
2024-10-03,LAK,BOS,4.0,1.0,20242025
2024-10-05,LAK,FLA,2.0,4.0,20242025
2024-10-10,BUF,LAK,1.0,3.0,20242025
2024-10-12,BOS,LAK,2.0,1.0,20242025
2024-10-14,OTT,LAK,8.0,7.0,20242025
2024-10-16,TOR,LAK,6.0,2.0,20242025
2024-10-17,MTL,LAK,1.0,4.0,20242025
2024-10-20,ANA,LAK,1.0,4.0,20242025
2024-10-22,VGK,LAK,6.0,1.0,20242025
2024-10-24,LAK,SJS,3.0,2.0,20242025
2024-10-26,LAK,UTA,3.0,2.0,20242025
2024-10-29,SJS,LAK,4.0,2.0,20242025
2024-10-30,LAK,VGK,6.0,3.0,20242025
2024-11-02,LAK,CHI,3.0,4.0,20242025
2024-11-04,NSH,LAK,0.0,3.0,20242025
2024-11-05,MIN,LAK,1.0,5.0,20242025
2024-11-07,LAK,VAN,2.0,4.0,20242025
2024-11-09,LAK,CBJ,5.0,2.0,20242025
2024-11-11,CGY,LAK,3.0,1.0,20242025
2024-11-13,COL,LAK,4.0,2.0,20242025
2024-11-16,LAK,DET,4.0,1.0,20242025
2024-11-20,LAK,BUF,0.0,1.0,20242025
2024-11-23,LAK,SEA,2.0,1.0,20242025
2024-11-25,SJS,LAK,7.0,2.0,20242025
2024-11-27,LAK,WPG,4.0,1.0,20242025
2024-11-29,ANA,LAK,1.0,2.0,20242025
2024-11-30,LAK,OTT,5.0,2.0,20242025
2024-12-04,LAK,DAL,3.0,2.0,20242025
2024-12-07,LAK,MIN,4.0,1.0,20242025
2024-12-10,NYI,LAK,1.0,3.0,20242025
2024-12-12,NJD,LAK,3.0,1.0,20242025
2024-12-14,NYR,LAK,1.0,5.0,20242025
2024-12-17,PIT,LAK,3.0,2.0,20242025
2024-12-19,PHI,LAK,3.0,7.0,20242025
2024-12-21,NSH,LAK,3.0,2.0,20242025
2024-12-22,WSH,LAK,3.0,1.0,20242025
2024-12-28,LAK,EDM,4.0,3.0,20242025
2024-12-29,LAK,PHI,5.0,4.0,20242025
2025-01-01,LAK,NJD,3.0,0.0,20242025
2025-01-04,LAK,TBL,2.0,1.0,20242025
2025-01-10,WPG,LAK,1.0,2.0,20242025
2025-01-11,CGY,LAK,2.0,1.0,20242025
2025-01-13,EDM,LAK,1.0,0.0,20242025
2025-01-16,VAN,LAK,1.0,5.0,20242025
2025-01-18,SEA,LAK,4.0,2.0,20242025
2025-01-20,LAK,PIT,1.0,5.0,20242025
2025-01-22,LAK,FLA,2.0,1.0,20242025
2025-01-25,CBJ,LAK,3.0,2.0,20242025
2025-01-27,DET,LAK,5.0,2.0,20242025
2025-01-29,FLA,LAK,3.0,0.0,20242025
2025-01-30,TBL,LAK,3.0,0.0,20242025
2025-02-01,CAR,LAK,2.0,4.0,20242025
2025-02-05,LAK,MTL,6.0,3.0,20242025
2025-02-07,LAK,DAL,5.0,4.0,20242025
2025-02-08,LAK,ANA,1.0,2.0,20242025
2025-02-22,LAK,UTA,5.0,3.0,20242025
2025-02-24,LAK,VGK,5.0,2.0,20242025
2025-02-26,LAK,VAN,2.0,3.0,20242025
2025-02-28,DAL,LAK,6.0,2.0,20242025
2025-03-01,STL,LAK,4.0,1.0,20242025
2025-03-03,CHI,LAK,5.0,1.0,20242025
2025-03-05,LAK,STL,2.0,3.0,20242025
2025-03-08,LAK,STL,2.0,1.0,20242025
2025-03-09,VGK,LAK,5.0,6.0,20242025
2025-03-11,LAK,NYI,4.0,1.0,20242025
2025-03-13,LAK,WSH,3.0,0.0,20242025
2025-03-15,LAK,NSH,1.0,0.0,20242025
2025-03-17,MIN,LAK,3.0,1.0,20242025
2025-03-20,CHI,LAK,1.0,3.0,20242025
2025-03-22,LAK,CAR,7.0,2.0,20242025
2025-03-23,LAK,BOS,7.0,2.0,20242025
2025-03-25,LAK,NYR,3.0,1.0,20242025
2025-03-27,COL,LAK,4.0,0.0,20242025
2025-03-29,LAK,TOR,1.0,3.0,20242025
2025-03-30,LAK,SJS,8.0,1.0,20242025
2025-04-01,LAK,WPG,4.0,1.0,20242025
2025-04-03,UTA,LAK,2.0,4.0,20242025
2025-04-05,LAK,EDM,3.0,0.0,20242025
2025-04-07,LAK,SEA,1.0,2.0,20242025
2025-04-10,LAK,ANA,6.0,1.0,20242025
2025-04-12,LAK,COL,5.0,4.0,20242025
2025-04-14,EDM,LAK,0.0,5.0,20242025
2025-04-15,SEA,LAK,5.0,6.0,20242025
2025-04-17,LAK,CGY,1.0,5.0,20242025
2025-04-21,LAK,EDM,6.0,5.0,20242025
2025-04-23,LAK,EDM,6.0,2.0,20242025
2025-04-25,EDM,LAK,7.0,4.0,20242025
2025-04-27,EDM,LAK,4.0,3.0,20242025
2025-04-29,LAK,EDM,1.0,3.0,20242025
2025-05-01,EDM,LAK,6.0,4.0,20242025
2025-09-21,LAK,ANA,3.0,1.0,20252026
2025-09-23,VGK,LAK,1.0,3.0,20252026
2025-09-24,ANA,LAK,0.0,3.0,20252026
2025-09-27,LAK,ANA,3.0,5.0,20252026
2025-09-30,UTA,LAK,2.0,3.0,20252026
2025-10-02,UTA,LAK,2.0,1.0,20252026
2025-10-04,LAK,ANA,5.0,4.0,20252026
2025-10-07,LAK,COL,1.0,4.0,20252026
2025-10-08,VGK,LAK,5.0,6.0,20252026
2025-10-11,WPG,LAK,3.0,2.0,20252026
2025-10-13,MIN,LAK,4.0,3.0,20252026
2025-10-16,LAK,PIT,2.0,4.0,20252026
2025-10-18,LAK,CAR,3.0,4.0,20252026
2025-10-21,STL,LAK,1.0,2.0,20252026
2025-10-23,DAL,LAK,2.0,3.0,20252026
2025-10-25,NSH,LAK,5.0,4.0,20252026
2025-10-26,CHI,LAK,1.0,3.0,20252026
2025-10-28,SJS,LAK,3.0,4.0,20252026
2025-10-30,LAK,DET,3.0,4.0,20252026
2025-11-01,LAK,NJD,1.0,4.0,20252026
2025-11-04,LAK,WPG,3.0,0.0,20252026
2025-11-06,LAK,FLA,2.0,5.0,20252026
2025-11-09,PIT,LAK,2.0,3.0,20252026
2025-11-11,MTL,LAK,1.0,5.0,20252026
2025-11-13,TOR,LAK,3.0,4.0,20252026
2025-11-15,OTT,LAK,0.0,1.0,20252026
2025-11-17,WSH,LAK,2.0,1.0,20252026
2025-11-20,SJS,LAK,4.0,3.0,20252026
2025-11-21,LAK,BOS,1.0,2.0,20252026
2025-11-24,LAK,OTT,2.0,1.0,20252026
2025-11-28,ANA,LAK,5.0,4.0,20252026
2025-11-29,LAK,VAN,2.0,1.0,20252026
2025-12-02,LAK,WSH,1.0,3.0,20252026
2025-12-04,LAK,CHI,1.0,2.0,20252026
2025-12-06,LAK,CHI,6.0,0.0,20252026
2025-12-08,UTA,LAK,2.0,4.0,20252026
2025-12-10,SEA,LAK,,,20252026
2025-12-13,LAK,CGY,,,20252026
2025-12-15,DAL,LAK,,,20252026
2025-12-17,FLA,LAK,,,20252026
2025-12-18,TBL,LAK,,,20252026
2025-12-22,LAK,CBJ,,,20252026
2025-12-23,LAK,SEA,,,20252026
2025-12-27,LAK,ANA,,,20252026
2025-12-29,COL,LAK,,,20252026
2026-01-01,LAK,TBL,,,20252026
2026-01-03,LAK,MIN,,,20252026
2026-01-05,LAK,MIN,,,20252026
2026-01-07,LAK,SJS,,,20252026
2026-01-09,WPG,LAK,,,20252026
2026-01-10,EDM,LAK,,,20252026
2026-01-12,LAK,DAL,,,20252026
2026-01-14,LAK,VGK,,,20252026
2026-01-16,LAK,ANA,,,20252026
2026-01-17,ANA,LAK,,,20252026
2026-01-20,LAK,NYR,,,20252026
2026-01-24,STL,LAK,,,20252026
2026-01-26,CBJ,LAK,,,20252026
2026-01-27,DET,LAK,,,20252026
2026-01-29,BUF,LAK,,,20252026
2026-01-31,PHI,LAK,,,20252026
2026-02-01,CAR,LAK,,,20252026
2026-02-04,LAK,SEA,,,20252026
2026-02-05,VGK,LAK,,,20252026
2026-02-25,LAK,VGK,,,20252026
2026-02-26,LAK,EDM,,,20252026
2026-02-28,LAK,CGY,,,20252026
2026-03-02,LAK,COL,,,20252026
2026-03-05,LAK,NYI,,,20252026
2026-03-07,LAK,MTL,,,20252026
2026-03-10,BOS,LAK,,,20252026
2026-03-13,NYI,LAK,,,20252026
2026-03-14,NJD,LAK,,,20252026
2026-03-16,NYR,LAK,,,20252026
2026-03-19,LAK,PHI,,,20252026
2026-03-21,LAK,BUF,,,20252026
2026-03-22,UTA,LAK,,,20252026
2026-03-24,CGY,LAK,,,20252026
2026-03-26,VAN,LAK,,,20252026
2026-03-28,LAK,UTA,,,20252026
2026-04-01,LAK,STL,,,20252026
2026-04-02,LAK,NSH,,,20252026
2026-04-04,LAK,TOR,,,20252026
2026-04-06,LAK,NSH,,,20252026
2026-04-09,LAK,VAN,,,20252026
2026-04-11,LAK,EDM,,,20252026
2026-04-13,SEA,LAK,,,20252026
2026-04-14,VAN,LAK,,,20252026
2026-04-16,CGY,LAK,,,20252026
