game_id,season,game_type,week,gameday,weekday,gametime,away_team,away_score,home_team,home_score,location,result,total,overtime,old_game_id,gsis,nfl_detail_id,pfr,pff,espn,ftn,away_rest,home_rest,away_moneyline,home_moneyline,spread_line,away_spread_odds,home_spread_odds,total_line,under_odds,over_odds,div_game,roof,surface,temp,wind,away_qb_id,home_qb_id,away_qb_name,home_qb_name,away_coach,home_coach,referee,stadium_id,stadium
2000_01_DEN_STL,2000,REG,1,2000-09-04,Monday,09:00,DEN,36.0,STL,41.0,Home,5.0,77.0,0.0,2000090400,1002.0,,200009040ram,,200904014,,7,7,,,6.5,,,48.5,,,0,dome,astroturf,,,00-0006423,00-0017200,Brian Griese,Kurt Warner,Mike Shanahan,Mike Martz,Gerry Austin,STL00,TWA Dome
2000_02_STL_SEA,2000,REG,2,2000-09-10,Sunday,16:15,STL,37.0,SEA,34.0,Home,-3.0,71.0,0.0,2000091011,1013.0,,200009100sea,,200910026,,6,7,,,-7.5,,,46.0,,,0,outdoors,fieldturf,55.0,3.0,00-0017200,00-0009311,Kurt Warner,Jon Kitna,Mike Martz,Mike Holmgren,Larry Nemmers,SEA99,Husky Stadium
2000_03_SF_STL,2000,REG,3,2000-09-17,Sunday,13:00,SF,24.0,STL,41.0,Home,17.0,65.0,0.0,2000091710,1027.0,,200009170ram,,200917014,,7,7,,,17.0,,,55.5,,,1,dome,astroturf,,,00-0005755,00-0017200,Jeff Garcia,Kurt Warner,Steve Mariucci,Mike Martz,Bernie Kukar,STL00,TWA Dome
2000_04_STL_ATL,2000,REG,4,2000-09-24,Sunday,13:00,STL,41.0,ATL,20.0,Home,-21.0,61.0,0.0,2000092408,1043.0,,200009240atl,,200924001,,7,7,,,-6.5,,,55.0,,,1,dome,astroturf,,,00-0017200,00-0002876,Kurt Warner,Chris Chandler,Mike Martz,Dan Reeves,Bill Carollo,ATL00,Georgia Dome
2000_05_SD_STL,2000,REG,5,2000-10-01,Sunday,13:00,SD,31.0,STL,57.0,Home,26.0,88.0,0.0,2000100110,1060.0,,200010010ram,,201001014,,7,7,,,17.0,,,53.5,,,0,dome,astroturf,,,00-0006808,00-0017200,Jim Harbaugh,Kurt Warner,Mike Riley,Mike Martz,Bob McElwee,STL00,TWA Dome
2000_07_ATL_STL,2000,REG,7,2000-10-15,Sunday,13:00,ATL,29.0,STL,45.0,Home,16.0,74.0,0.0,2000101500,1078.0,,200010150ram,,201015014,,7,14,,,18.0,,,58.5,,,1,dome,astroturf,,,00-0002876,00-0017200,Chris Chandler,Kurt Warner,Dan Reeves,Mike Martz,Jeff Triplette,STL00,TWA Dome
2000_08_STL_KC,2000,REG,8,2000-10-22,Sunday,13:00,STL,34.0,KC,54.0,Home,20.0,88.0,0.0,2000102207,1100.0,,200010220kan,,201022012,,7,7,,,-7.0,,,56.0,,,0,outdoors,grass,64.0,14.0,00-0017200,00-0006300,Kurt Warner,Elvis Grbac,Mike Martz,Gunther Cunningham,Mike Carey,KAN00,Arrowhead Stadium
2000_09_STL_SF,2000,REG,9,2000-10-29,Sunday,16:05,STL,34.0,SF,24.0,Home,-10.0,58.0,0.0,2000102911,1117.0,,200010290sfo,,201029025,,7,7,,,-7.0,,,63.0,,,1,outdoors,grass,60.0,13.0,00-0006355,00-0005755,Trent Green,Jeff Garcia,Mike Martz,Steve Mariucci,Ed Hochuli,SFO00,3Com Park
2000_10_CAR_STL,2000,REG,10,2000-11-05,Sunday,20:20,CAR,27.0,STL,24.0,Home,-3.0,51.0,0.0,2000110513,1133.0,,200011050ram,,201105014,,7,7,,,13.5,,,59.5,,,1,dome,astroturf,,,00-0001218,00-0006355,Steve Beuerlein,Trent Green,George Seifert,Mike Martz,Bob McElwee,STL00,TWA Dome
2000_11_STL_NYG,2000,REG,11,2000-11-12,Sunday,16:15,STL,38.0,NYG,24.0,Home,-14.0,62.0,0.0,2000111211,1147.0,,200011120nyg,,201112019,,7,7,,,-2.0,,,48.5,,,0,outdoors,grass,54.0,8.0,00-0006355,00-0003292,Trent Green,Kerry Collins,Mike Martz,Jim Fassel,Bernie Kukar,NYC00,Giants Stadium
2000_12_WAS_STL,2000,REG,12,2000-11-20,Monday,09:00,WAS,33.0,STL,20.0,Home,-13.0,53.0,0.0,2000112000,1165.0,,200011200ram,,201120014,,15,8,,,5.5,,,56.0,,,0,dome,astroturf,,,00-0005885,00-0006355,Jeff George,Trent Green,Terry Robiskie,Mike Martz,Ron Blum,STL00,TWA Dome
2000_13_NO_STL,2000,REG,13,2000-11-26,Sunday,13:00,NO,31.0,STL,24.0,Home,-7.0,55.0,0.0,2000112607,1175.0,,200011260ram,,201126014,,7,6,,,13.5,,,53.5,,,1,dome,astroturf,,,00-0001823,00-0006355,Aaron Brooks,Trent Green,Jim Haslett,Mike Martz,Gerry Austin,STL00,TWA Dome
2000_14_STL_CAR,2000,REG,14,2000-12-03,Sunday,13:00,STL,3.0,CAR,16.0,Home,13.0,19.0,0.0,2000120308,1190.0,,200012030car,,201203029,,7,6,,,-8.0,,,58.0,,,1,outdoors,grass,34.0,16.0,00-0017200,00-0001218,Kurt Warner,Steve Beuerlein,Mike Martz,George Seifert,Tony Corrente,CAR00,Ericsson Stadium
2000_15_MIN_STL,2000,REG,15,2000-12-10,Sunday,16:15,MIN,29.0,STL,40.0,Home,11.0,69.0,0.0,2000121004,1200.0,,200012100ram,,201210014,,10,7,,,3.5,,,56.5,,,0,dome,astroturf,,,00-0003739,00-0017200,Daunte Culpepper,Kurt Warner,Dennis Green,Mike Martz,Ron Winter,STL00,TWA Dome
2000_16_STL_TB,2000,REG,16,2000-12-18,Monday,09:00,STL,35.0,TB,38.0,Home,3.0,73.0,0.0,2000121800,1220.0,,200012180tam,,201218027,,8,8,,,-1.0,,,49.0,,,0,outdoors,grass,49.0,5.0,00-0017200,00-0009266,Kurt Warner,Shaun King,Mike Martz,Tony Dungy,Johnny Grier,TAM00,Raymond James Stadium
2000_17_STL_NO,2000,REG,17,2000-12-24,Sunday,13:00,STL,26.0,NO,21.0,Home,-5.0,47.0,0.0,2000122409,1233.0,,200012240nor,,201224018,,6,7,,,-3.5,,,56.0,,,1,dome,astroturf,,,00-0017200,00-0001823,Kurt Warner,Aaron Brooks,Mike Martz,Jim Haslett,Phil Luckett,NOR00,Louisiana Superdome
2000_18_STL_NO,2000,WC,18,2000-12-30,Saturday,16:00,STL,28.0,NO,31.0,Home,3.0,59.0,0.0,2000123000,1243.0,,200012300nor,,201230018,,6,6,,,-5.5,,,55.0,,,1,dome,astroturf,,,00-0017200,00-0001823,Kurt Warner,Aaron Brooks,Mike Martz,Jim Haslett,Gerry Austin,NOR00,Louisiana Superdome
2001_01_STL_PHI,2001,REG,1,2001-09-09,Sunday,16:15,STL,20.0,PHI,17.0,Home,-3.0,37.0,1.0,2001090909,17679.0,,200109090phi,,210909021,,7,7,,,-3.0,,,46.0,,,0,outdoors,fieldturf,82.0,5.0,00-0017200,00-0011022,Kurt Warner,Donovan McNabb,Mike Martz,Andy Reid,Al Hynes,PHI99,Veterans Stadium
2001_02_STL_SF,2001,REG,2,2001-09-23,Sunday,16:15,STL,30.0,SF,26.0,Home,-4.0,56.0,0.0,2001092309,17709.0,,200109230sfo,,210923025,,14,14,,,-6.0,,,50.0,,,1,outdoors,grass,59.0,10.0,00-0017200,00-0005755,Kurt Warner,Jeff Garcia,Mike Martz,Steve Mariucci,Bill Leavy,SFO00,3Com Park
2001_03_MIA_STL,2001,REG,3,2001-09-30,Sunday,13:00,MIA,10.0,STL,42.0,Home,32.0,52.0,0.0,2001093007,17721.0,,200109300ram,,210930014,,7,7,,,6.0,,,44.0,,,0,dome,astroturf,,,00-0005180,00-0017200,Jay Fiedler,Kurt Warner,Dave Wannstedt,Mike Martz,Bill Carollo,STL00,Dome at America's Center
2001_04_STL_DET,2001,REG,4,2001-10-08,Monday,09:00,STL,35.0,DET,0.0,Home,-35.0,35.0,0.0,2001100800,17741.0,,200110080det,,211008008,,8,15,,,-12.5,,,48.5,,,0,dome,astroturf,,,00-0017200,00-0004230,Kurt Warner,Ty Detmer,Mike Martz,Marty Mornhinweg,Tom White,DET99,Pontiac Silverdome
2001_05_NYG_STL,2001,REG,5,2001-10-14,Sunday,13:00,NYG,14.0,STL,15.0,Home,1.0,29.0,0.0,2001101407,17749.0,,200110140ram,,211014014,,7,6,,,10.5,,,45.0,,,0,dome,astroturf,,,00-0003292,00-0017200,Kerry Collins,Kurt Warner,Jim Fassel,Mike Martz,Gerry Austin,STL00,Dome at America's Center
2001_06_STL_NYJ,2001,REG,6,2001-10-21,Sunday,13:00,STL,34.0,NYJ,14.0,Home,-20.0,48.0,0.0,2001102110,17767.0,,200110210nyj,,211021020,,7,7,,,-7.0,,,46.5,,,0,outdoors,grass,70.0,10.0,00-0017200,00-0016193,Kurt Warner,Vinny Testaverde,Mike Martz,Herm Edwards,Terry McAulay,NYC00,Giants Stadium
2001_07_NO_STL,2001,REG,7,2001-10-28,Sunday,13:00,NO,34.0,STL,31.0,Home,-3.0,65.0,0.0,2001102808,17778.0,,200110280ram,,211028014,,7,7,,,12.0,,,48.5,,,1,dome,astroturf,,,00-0001823,00-0017200,Aaron Brooks,Kurt Warner,Jim Haslett,Mike Martz,Bernie Kukar,STL00,Dome at America's Center
2001_09_CAR_STL,2001,REG,9,2001-11-11,Sunday,13:00,CAR,14.0,STL,48.0,Home,34.0,62.0,0.0,2001111101,17799.0,,200111110ram,,211111014,,7,14,,,18.0,,,47.0,,,1,dome,astroturf,,,00-0010206,00-0017200,Matt Lytle,Kurt Warner,George Seifert,Mike Martz,Johnny Grier,STL00,Dome at America's Center
2001_10_STL_NE,2001,REG,10,2001-11-18,Sunday,20:30,STL,24.0,NE,17.0,Home,-7.0,41.0,0.0,2001111813,17826.0,,200111180nwe,,211118017,,7,7,,,-8.5,,,46.5,,,0,outdoors,grass,49.0,15.0,00-0017200,00-0019596,Kurt Warner,Tom Brady,Mike Martz,Bill Belichick,Bill Leavy,BOS99,Foxboro Stadium
2001_11_TB_STL,2001,REG,11,2001-11-26,Monday,09:00,TB,24.0,STL,17.0,Home,-7.0,41.0,0.0,2001112600,17842.0,,200111260ram,,211126014,,8,8,,,9.5,,,46.0,,,0,dome,astroturf,,,00-0008442,00-0017200,Brad Johnson,Kurt Warner,Tony Dungy,Mike Martz,Ron Blum,STL00,Dome at America's Center
2001_12_STL_ATL,2001,REG,12,2001-12-02,Sunday,16:15,STL,35.0,ATL,6.0,Home,-29.0,41.0,0.0,2001120208,17852.0,,200112020atl,,211202001,,6,7,,,-8.0,,,47.0,,,1,dome,astroturf,,,00-0017200,00-0002876,Kurt Warner,Chris Chandler,Mike Martz,Dan Reeves,Walt Coleman,ATL00,Georgia Dome
2001_13_SF_STL,2001,REG,13,2001-12-09,Sunday,13:00,SF,14.0,STL,27.0,Home,13.0,41.0,0.0,2001120910,17868.0,,200112090ram,,211209014,,7,7,,,7.0,,,55.0,,,1,dome,astroturf,,,00-0005755,00-0017200,Jeff Garcia,Kurt Warner,Steve Mariucci,Mike Martz,Bob McElwee,STL00,Dome at America's Center
2001_14_STL_NO,2001,REG,14,2001-12-17,Monday,09:00,STL,34.0,NO,21.0,Home,-13.0,55.0,0.0,2001121700,17887.0,,200112170nor,,211217018,,8,8,,,-6.0,,,51.0,,,1,dome,astroturf,,,00-0017200,00-0001823,Kurt Warner,Aaron Brooks,Mike Martz,Jim Haslett,Larry Nemmers,NOR00,Louisiana Superdome
2001_15_STL_CAR,2001,REG,15,2001-12-23,Sunday,13:00,STL,38.0,CAR,32.0,Home,-6.0,70.0,0.0,2001122308,17899.0,,200112230car,,211223029,,6,14,,,-12.5,,,46.5,,,1,outdoors,grass,51.0,10.0,00-0017200,00-0020434,Kurt Warner,Chris Weinke,Mike Martz,George Seifert,Gerry Austin,CAR00,Ericsson Stadium
2001_16_IND_STL,2001,REG,16,2001-12-30,Sunday,13:00,IND,17.0,STL,42.0,Home,25.0,59.0,0.0,2001123005,17909.0,,200112300ram,,211230014,,7,7,,,13.0,,,58.5,,,0,dome,astroturf,,,00-0010346,00-0017200,Peyton Manning,Kurt Warner,Jim Mora,Mike Martz,Terry McAulay,STL00,Dome at America's Center
2001_17_ATL_STL,2001,REG,17,2002-01-06,Sunday,16:05,ATL,13.0,STL,31.0,Home,18.0,44.0,0.0,2002010600,17686.0,,200201060ram,,220106014,,7,7,,,14.5,,,48.0,,,1,dome,astroturf,,,00-0020245,00-0017200,Michael Vick,Kurt Warner,Dan Reeves,Mike Martz,Mike Carey,STL00,Dome at America's Center
2001_19_GB_STL,2001,DIV,19,2002-01-20,Sunday,16:00,GB,17.0,STL,45.0,Home,28.0,62.0,0.0,2002012000,18008.0,,200201200ram,,220120014,,7,14,,,11.0,,,54.5,,,0,dome,astroturf,,,00-0005106,00-0017200,Brett Favre,Kurt Warner,Mike Sherman,Mike Martz,Jeff Triplette,STL00,Dome at America's Center
2001_20_PHI_STL,2001,CON,20,2002-01-27,Sunday,16:00,PHI,24.0,STL,29.0,Home,5.0,53.0,0.0,2002012701,18010.0,,200201270ram,,220127014,,8,7,,,11.0,,,51.0,,,0,dome,astroturf,,,00-0011022,00-0017200,Donovan McNabb,Kurt Warner,Andy Reid,Mike Martz,Gerry Austin,STL00,Dome at America's Center
2001_21_STL_NE,2001,SB,21,2002-02-03,Sunday,18:40,STL,17.0,NE,20.0,Neutral,3.0,37.0,0.0,2002020300,18012.0,,200202030nwe,,220203017,,7,7,,,-14.0,,,52.5,,,0,dome,astroturf,,,00-0017200,00-0019596,Kurt Warner,Tom Brady,Mike Martz,Bill Belichick,Bernie Kukar,NOR00,Louisiana Superdome
2002_01_STL_DEN,2002,REG,1,2002-09-08,Sunday,16:15,STL,16.0,DEN,23.0,Home,7.0,39.0,0.0,2002090811,18105.0,,200209080den,,220908007,,7,7,,,-3.0,,,51.0,,,0,outdoors,grass,83.0,4.0,00-0017200,00-0006423,Kurt Warner,Brian Griese,Mike Martz,Mike Shanahan,Bill Leavy,DEN00,Invesco Field at Mile High
2002_02_NYG_STL,2002,REG,2,2002-09-15,Sunday,16:05,NYG,26.0,STL,21.0,Home,-5.0,47.0,0.0,2002091507,18119.0,,200209150ram,,220915014,,10,7,,,12.0,,,46.0,,,0,dome,astroturf,,,00-0003292,00-0017200,Kerry Collins,Kurt Warner,Jim Fassel,Mike Martz,Dick Hantak,STL00,Edward Jones Dome
2002_03_STL_TB,2002,REG,3,2002-09-23,Monday,09:00,STL,14.0,TB,26.0,Home,12.0,40.0,0.0,2002092300,18139.0,,200209230tam,,220923027,,8,8,,,-1.5,,,44.0,,,0,outdoors,grass,79.0,6.0,00-0017200,00-0008442,Kurt Warner,Brad Johnson,Mike Martz,Jon Gruden,Johnny Grier,TAM00,Raymond James Stadium
2002_04_DAL_STL,2002,REG,4,2002-09-29,Sunday,13:00,DAL,13.0,STL,10.0,Home,-3.0,23.0,0.0,2002092906,18147.0,,200209290ram,,220929014,,7,6,,,12.0,,,44.0,,,0,dome,astroturf,,,00-0020404,00-0017200,Quincy Carter,Kurt Warner,Dave Campo,Mike Martz,Larry Nemmers,STL00,Edward Jones Dome
2002_05_STL_SF,2002,REG,5,2002-10-06,Sunday,16:15,STL,13.0,SF,37.0,Home,24.0,50.0,0.0,2002100609,18165.0,,200210060sfo,,221006025,,7,14,,,6.0,,,41.5,,,1,outdoors,grass,72.0,5.0,00-0010455,00-0005755,Jamie Martin,Jeff Garcia,Mike Martz,Steve Mariucci,Tony Corrente,SFO00,3Com Park
2002_06_OAK_STL,2002,REG,6,2002-10-13,Sunday,16:15,OAK,13.0,STL,28.0,Home,15.0,41.0,0.0,2002101309,18177.0,,200210130ram,,221013014,,7,7,,,-7.0,,,49.0,,,0,dome,astroturf,,,00-0005741,00-0019599,Rich Gannon,Marc Bulger,Bill Callahan,Mike Martz,Bill Carollo,STL00,Edward Jones Dome
2002_07_SEA_STL,2002,REG,7,2002-10-20,Sunday,13:00,SEA,20.0,STL,37.0,Home,17.0,57.0,0.0,2002102012,18190.0,,200210200ram,,221020014,,6,7,,,6.5,,,44.5,,,1,dome,astroturf,,,00-0004293,00-0019599,Trent Dilfer,Marc Bulger,Mike Holmgren,Mike Martz,Terry McAulay,STL00,Edward Jones Dome
2002_09_STL_ARI,2002,REG,9,2002-11-03,Sunday,16:15,STL,27.0,ARI,14.0,Home,-13.0,41.0,0.0,2002110307,18219.0,,200211030crd,,221103022,,14,7,,,-5.0,,,43.5,,,1,outdoors,grass,76.0,3.0,00-0019599,00-0013042,Marc Bulger,Jake Plummer,Mike Martz,Dave McGinnis,Ron Blum,PHO99,Sun Devil Stadium
2002_10_SD_STL,2002,REG,10,2002-11-10,Sunday,13:00,SD,24.0,STL,28.0,Home,4.0,52.0,0.0,2002111001,18230.0,,200211100ram,,221110014,,7,7,,,6.0,,,44.0,,,0,dome,astroturf,,,00-0020531,00-0019599,Drew Brees,Marc Bulger,Marty Schottenheimer,Mike Martz,Ed Hochuli,STL00,Edward Jones Dome
2002_11_CHI_STL,2002,REG,11,2002-11-18,Monday,09:00,CHI,16.0,STL,21.0,Home,5.0,37.0,0.0,2002111800,18253.0,,200211180ram,,221118014,,8,8,,,10.5,,,43.5,,,0,dome,astroturf,,,00-0002876,00-0019599,Chris Chandler,Marc Bulger,Dick Jauron,Mike Martz,Gerry Austin,STL00,Edward Jones Dome
2002_12_STL_WAS,2002,REG,12,2002-11-24,Sunday,13:00,STL,17.0,WAS,20.0,Home,3.0,37.0,0.0,2002112410,18267.0,,200211240was,,221124028,,6,7,,,-3.5,,,41.0,,,0,outdoors,grass,55.0,7.0,00-0017200,00-0018333,Kurt Warner,Danny Wuerffel,Mike Martz,Steve Spurrier,Ron Winter,WAS00,FedExField
2002_13_STL_PHI,2002,REG,13,2002-12-01,Sunday,16:15,STL,3.0,PHI,10.0,Home,7.0,13.0,0.0,2002120111,18282.0,,200212010phi,,221201021,,7,6,,,-2.0,,,38.0,,,0,outdoors,fieldturf,34.0,23.0,00-0017200,00-0020305,Kurt Warner,A.J. Feeley,Mike Martz,Andy Reid,Bob McElwee,PHI99,Veterans Stadium
2002_14_STL_KC,2002,REG,14,2002-12-08,Sunday,13:00,STL,10.0,KC,49.0,Home,39.0,59.0,0.0,2002120801,18289.0,,200212080kan,,221208012,,7,7,,,4.5,,,45.5,,,0,outdoors,grass,38.0,12.0,00-0010455,00-0006355,Jamie Martin,Trent Green,Mike Martz,Dick Vermeil,Bill Leavy,KAN00,Arrowhead Stadium
2002_15_ARI_STL,2002,REG,15,2002-12-15,Sunday,20:30,ARI,28.0,STL,30.0,Home,2.0,58.0,0.0,2002121513,18316.0,,200212150ram,,221215014,,7,7,,,11.0,,,43.0,,,1,dome,astroturf,,,00-0013042,00-0019599,Jake Plummer,Marc Bulger,Dave McGinnis,Mike Martz,Jeff Triplette,STL00,Edward Jones Dome
2002_16_STL_SEA,2002,REG,16,2002-12-22,Sunday,16:05,STL,10.0,SEA,30.0,Home,20.0,40.0,0.0,2002122205,18329.0,,200212220sea,,221222026,,7,7,,,2.5,,,48.0,,,1,outdoors,fieldturf,45.0,5.0,00-0019599,00-0007091,Marc Bulger,Matt Hasselbeck,Mike Martz,Mike Holmgren,Mike Carey,SEA00,Seahawks Stadium
2002_17_SF_STL,2002,REG,17,2002-12-30,Monday,09:00,SF,20.0,STL,31.0,Home,11.0,51.0,0.0,2002123000,18349.0,,200212300ram,,221230014,,9,8,,,2.0,,,39.5,,,1,dome,astroturf,,,00-0019623,00-0010455,Tim Rattay,Jamie Martin,Steve Mariucci,Mike Martz,Terry McAulay,STL00,Edward Jones Dome
2003_01_STL_NYG,2003,REG,1,2003-09-07,Sunday,13:00,STL,13.0,NYG,23.0,Home,10.0,36.0,0.0,2003090709,26503.0,,200309070nyg,,230907019,,7,7,,,-1.0,,,46.5,,,0,outdoors,fieldturf,78.0,5.0,00-0017200,00-0003292,Kurt Warner,Kerry Collins,Mike Martz,Jim Fassel,Tom White,NYC00,Giants Stadium
2003_02_SF_STL,2003,REG,2,2003-09-14,Sunday,13:00,SF,24.0,STL,27.0,Home,3.0,51.0,1.0,2003091406,26519.0,,200309140ram,,230914014,,7,7,,,3.0,,,47.5,,,1,dome,astroturf,,,00-0005755,00-0019599,Jeff Garcia,Marc Bulger,Dennis Erickson,Mike Martz,Bill Carollo,STL00,Edward Jones Dome
2003_03_STL_SEA,2003,REG,3,2003-09-21,Sunday,16:05,STL,23.0,SEA,24.0,Home,1.0,47.0,0.0,2003092105,26319.0,,200309210sea,,230921026,,7,7,,,3.0,,,47.0,,,1,outdoors,fieldturf,63.0,7.0,00-0019599,00-0007091,Marc Bulger,Matt Hasselbeck,Mike Martz,Mike Holmgren,Ed Hochuli,SEA00,Seahawks Stadium
2003_04_ARI_STL,2003,REG,4,2003-09-28,Sunday,13:00,ARI,13.0,STL,37.0,Home,24.0,50.0,0.0,2003092800,26330.0,,200309280ram,,230928014,,7,7,,,11.5,,,45.5,,,1,dome,astroturf,,,00-0001335,00-0019599,Jeff Blake,Marc Bulger,Dave McGinnis,Mike Martz,Walt Coleman,STL00,Edward Jones Dome
2003_06_ATL_STL,2003,REG,6,2003-10-13,Monday,09:00,ATL,0.0,STL,36.0,Home,36.0,36.0,0.0,2003101300,26364.0,,200310130ram,,231013014,,8,15,,,10.0,,,46.0,,,0,dome,astroturf,,,00-0019087,00-0019599,Doug Johnson,Marc Bulger,Dan Reeves,Mike Martz,Bill Leavy,STL00,Edward Jones Dome
2003_07_GB_STL,2003,REG,7,2003-10-19,Sunday,13:00,GB,24.0,STL,34.0,Home,10.0,58.0,0.0,2003101908,26374.0,,200310190ram,,231019014,,7,6,,,4.0,,,48.5,,,0,dome,astroturf,,,00-0005106,00-0019599,Brett Favre,Marc Bulger,Mike Sherman,Mike Martz,Peter Morelli,STL00,Edward Jones Dome
2003_08_STL_PIT,2003,REG,8,2003-10-26,Sunday,13:00,STL,33.0,PIT,21.0,Home,-12.0,54.0,0.0,2003102610,26386.0,,200310260pit,,231026023,,7,14,,,1.0,,,45.5,,,0,outdoors,dessograss,59.0,8.0,00-0019599,00-0010261,Marc Bulger,Tommy Maddox,Mike Martz,Bill Cowher,Johnny Grier,PIT00,Heinz Field
2003_09_STL_SF,2003,REG,9,2003-11-02,Sunday,16:15,STL,10.0,SF,30.0,Home,20.0,40.0,0.0,2003110212,26402.0,,200311020sfo,,231102025,,7,7,,,-5.0,,,44.0,,,1,outdoors,grass,58.0,12.0,00-0019599,00-0019623,Marc Bulger,Tim Rattay,Mike Martz,Dennis Erickson,Tony Corrente,SFO00,3Com Park
2003_10_BAL_STL,2003,REG,10,2003-11-09,Sunday,20:30,BAL,22.0,STL,33.0,Home,11.0,55.0,0.0,2003110906,26418.0,,200311090ram,,231109014,,7,7,,,6.5,,,43.0,,,0,dome,astroturf,,,00-0022164,00-0019599,Kyle Boller,Marc Bulger,Brian Billick,Mike Martz,Larry Nemmers,STL00,Edward Jones Dome
2003_11_STL_CHI,2003,REG,11,2003-11-16,Sunday,13:00,STL,23.0,CHI,21.0,Home,-2.0,44.0,0.0,2003111611,26422.0,,200311160chi,,231116004,,7,7,,,-6.0,,,41.0,,,0,outdoors,grass,48.0,0.0,00-0019599,00-0002876,Marc Bulger,Chris Chandler,Mike Martz,Dick Jauron,Bill Carollo,CHI98,Soldier Field
2003_12_STL_ARI,2003,REG,12,2003-11-23,Sunday,16:05,STL,30.0,ARI,27.0,Home,-3.0,57.0,1.0,2003112305,26446.0,,200311230crd,,231123022,,7,7,,,-7.0,,,44.0,,,1,outdoors,grass,58.0,0.0,00-0019599,00-0001335,Marc Bulger,Jeff Blake,Mike Martz,Dave McGinnis,Ron Blum,PHO99,Sun Devil Stadium
2003_13_MIN_STL,2003,REG,13,2003-11-30,Sunday,13:00,MIN,17.0,STL,48.0,Home,31.0,65.0,0.0,2003113002,26461.0,,200311300ram,,231130014,,7,7,,,6.0,,,51.0,,,0,dome,astroturf,,,00-0003739,00-0019599,Daunte Culpepper,Marc Bulger,Mike Tice,Mike Martz,Terry McAulay,STL00,Edward Jones Dome
2003_14_STL_CLE,2003,REG,14,2003-12-08,Monday,09:00,STL,26.0,CLE,20.0,Home,-6.0,46.0,0.0,2003120800,26483.0,,200312080cle,,231208005,,8,8,,,-5.5,,,43.5,,,0,outdoors,grass,35.0,10.0,00-0019599,00-0007576,Marc Bulger,Kelly Holcomb,Mike Martz,Butch Davis,Tom White,CLE00,Cleveland Browns Stadium
2003_15_SEA_STL,2003,REG,15,2003-12-14,Sunday,13:00,SEA,22.0,STL,27.0,Home,5.0,49.0,0.0,2003121404,26491.0,,200312140ram,,231214014,,7,6,,,7.0,,,52.0,,,1,dome,astroturf,,,00-0007091,00-0019599,Matt Hasselbeck,Marc Bulger,Mike Holmgren,Mike Martz,Walt Coleman,STL00,Edward Jones Dome
2003_16_CIN_STL,2003,REG,16,2003-12-21,Sunday,13:00,CIN,10.0,STL,27.0,Home,17.0,37.0,0.0,2003122106,26553.0,,200312210ram,,231221014,,7,7,,,7.0,,,54.0,,,0,dome,astroturf,,,00-0009311,00-0019599,Jon Kitna,Marc Bulger,Marvin Lewis,Mike Martz,Ed Hochuli,STL00,Edward Jones Dome
2003_17_STL_DET,2003,REG,17,2003-12-28,Sunday,13:00,STL,20.0,DET,30.0,Home,10.0,50.0,0.0,2003122805,26562.0,,200312280det,,231228008,,7,7,,,-12.0,,,45.0,,,0,dome,fieldturf,,,00-0019599,00-0021141,Marc Bulger,Joey Harrington,Mike Martz,Steve Mariucci,Johnny Grier,DET00,Ford Field
2003_19_CAR_STL,2003,DIV,19,2004-01-10,Saturday,16:30,CAR,29.0,STL,23.0,Home,-6.0,52.0,1.0,2004011000,26645.0,,200401100ram,,240110014,,7,13,,,7.0,,,46.0,,,0,dome,astroturf,,,00-0004161,00-0019599,Jake Delhomme,Marc Bulger,John Fox,Mike Martz,Mike Carey,STL00,Edward Jones Dome
2004_01_ARI_STL,2004,REG,1,2004-09-12,Sunday,13:00,ARI,10.0,STL,17.0,Home,7.0,27.0,0.0,2004091208,26918.0,,200409120ram,,240912014,,7,7,,,11.0,,,46.0,,,1,dome,astroturf,,,00-0021206,00-0019599,Josh McCown,Marc Bulger,Dennis Green,Mike Martz,Bill Carollo,STL00,Edward Jones Dome
2004_02_STL_ATL,2004,REG,2,2004-09-19,Sunday,13:00,STL,17.0,ATL,34.0,Home,17.0,51.0,0.0,2004091900,26925.0,,200409190atl,,240919001,,7,7,,,2.0,,,46.0,,,0,dome,fieldturf,,,00-0019599,00-0020245,Marc Bulger,Michael Vick,Mike Martz,Jim Mora,Terry McAulay,ATL00,Georgia Dome
2004_03_NO_STL,2004,REG,3,2004-09-26,Sunday,13:00,NO,28.0,STL,25.0,Home,-3.0,53.0,1.0,2004092607,26948.0,,200409260ram,,240926014,,7,7,,,6.0,,,49.0,,,0,dome,astroturf,,,00-0001823,00-0019599,Aaron Brooks,Marc Bulger,Jim Haslett,Mike Martz,Bill Vinovich,STL00,Edward Jones Dome
2004_04_STL_SF,2004,REG,4,2004-10-03,Sunday,20:30,STL,24.0,SF,14.0,Home,-10.0,38.0,0.0,2004100312,26967.0,,200410030sfo,,241003025,,7,7,,,-4.0,,,44.0,,,1,outdoors,grass,59.0,15.0,00-0019599,00-0019623,Marc Bulger,Tim Rattay,Mike Martz,Dennis Erickson,Bill Leavy,SFO00,3Com Park
2004_05_STL_SEA,2004,REG,5,2004-10-10,Sunday,16:15,STL,33.0,SEA,27.0,Home,-6.0,60.0,1.0,2004101011,26980.0,,200410100sea,,241010026,,7,14,,,8.0,,,44.0,,,1,outdoors,fieldturf,57.0,8.0,00-0019599,00-0007091,Marc Bulger,Matt Hasselbeck,Mike Martz,Mike Holmgren,Peter Morelli,SEA00,Qwest Field
2004_06_TB_STL,2004,REG,6,2004-10-18,Monday,09:00,TB,21.0,STL,28.0,Home,7.0,49.0,0.0,2004101800,26996.0,,200410180ram,,241018014,,8,8,,,6.5,,,42.5,,,0,dome,astroturf,,,00-0006423,00-0019599,Brian Griese,Marc Bulger,Jon Gruden,Mike Martz,Larry Nemmers,STL00,Edward Jones Dome
2004_07_STL_MIA,2004,REG,7,2004-10-24,Sunday,13:00,STL,14.0,MIA,31.0,Home,17.0,45.0,0.0,2004102405,27002.0,,200410240mia,,241024015,,6,7,,,-5.0,,,37.5,,,0,outdoors,grass,82.0,7.0,00-0019599,00-0005180,Marc Bulger,Jay Fiedler,Mike Martz,Dave Wannstedt,Johnny Grier,MIA00,Pro Player Stadium
2004_09_NE_STL,2004,REG,9,2004-11-07,Sunday,16:15,NE,40.0,STL,22.0,Home,-18.0,62.0,0.0,2004110711,27036.0,,200411070ram,,241107014,,7,14,,,2.5,,,49.5,,,0,dome,astroturf,,,00-0019596,00-0019599,Tom Brady,Marc Bulger,Bill Belichick,Mike Martz,Ed Hochuli,STL00,Edward Jones Dome
2004_10_SEA_STL,2004,REG,10,2004-11-14,Sunday,13:00,SEA,12.0,STL,23.0,Home,11.0,35.0,0.0,2004111406,27045.0,,200411140ram,,241114014,,7,7,,,-2.5,,,50.5,,,1,dome,astroturf,,,00-0007091,00-0019599,Matt Hasselbeck,Marc Bulger,Mike Holmgren,Mike Martz,Bill Leavy,STL00,Edward Jones Dome
2004_11_STL_BUF,2004,REG,11,2004-11-21,Sunday,13:00,STL,17.0,BUF,37.0,Home,20.0,54.0,0.0,2004112101,27054.0,,200411210buf,,241121002,,7,7,,,2.0,,,40.0,,,0,outdoors,astroplay,50.0,10.0,00-0019599,00-0001361,Marc Bulger,Drew Bledsoe,Mike Martz,Mike Mularkey,Walt Coleman,BUF00,Ralph Wilson Stadium
2004_12_STL_GB,2004,REG,12,2004-11-29,Monday,09:00,STL,17.0,GB,45.0,Home,28.0,62.0,0.0,2004112900,27084.0,,200411290gnb,,241129009,,8,8,,,7.0,,,51.0,,,0,outdoors,grass,28.0,4.0,00-0019599,00-0005106,Marc Bulger,Brett Favre,Mike Martz,Mike Sherman,Tony Corrente,GNB00,Lambeau Field
2004_13_SF_STL,2004,REG,13,2004-12-05,Sunday,13:00,SF,6.0,STL,16.0,Home,10.0,22.0,0.0,2004120508,27093.0,,200412050ram,,241205014,,7,6,,,11.0,,,49.0,,,1,dome,astroturf,,,00-0019623,00-0019599,Tim Rattay,Marc Bulger,Dennis Erickson,Mike Martz,Larry Nemmers,STL00,Edward Jones Dome
2004_14_STL_CAR,2004,REG,14,2004-12-12,Sunday,16:15,STL,7.0,CAR,20.0,Home,13.0,27.0,0.0,2004121212,27113.0,,200412120car,,241212029,,7,7,,,7.0,,,44.5,,,0,outdoors,grass,53.0,6.0,00-0002876,00-0004161,Chris Chandler,Jake Delhomme,Mike Martz,John Fox,Terry McAulay,CAR00,Bank of America Stadium
2004_15_STL_ARI,2004,REG,15,2004-12-19,Sunday,16:05,STL,7.0,ARI,31.0,Home,24.0,38.0,0.0,2004121907,27127.0,,200412190crd,,241219022,,7,7,,,-3.0,,,41.5,,,1,outdoors,grass,75.0,10.0,00-0002876,00-0021206,Chris Chandler,Josh McCown,Mike Martz,Dennis Green,Mike Carey,PHO99,Sun Devil Stadium
2004_16_PHI_STL,2004,REG,16,2004-12-27,Monday,09:00,PHI,7.0,STL,20.0,Home,13.0,27.0,0.0,2004122700,27148.0,,200412270ram,,241227014,,8,8,,,4.0,,,42.5,,,0,dome,astroturf,,,00-0011022,00-0019599,Donovan McNabb,Marc Bulger,Andy Reid,Mike Martz,Peter Morelli,STL00,Edward Jones Dome
2004_17_NYJ_STL,2004,REG,17,2005-01-02,Sunday,13:00,NYJ,29.0,STL,32.0,Home,3.0,61.0,1.0,2005010207,27156.0,,200501020ram,,250102017,,7,6,,,-3.5,,,46.0,,,0,dome,astroturf,,,00-0019559,00-0019599,Chad Pennington,Marc Bulger,Herm Edwards,Mike Martz,Bill Vinovich,STL00,Edward Jones Dome
2004_18_STL_SEA,2004,WC,18,2005-01-08,Saturday,16:30,STL,27.0,SEA,20.0,Home,-7.0,47.0,0.0,2005010800,27232.0,,200501080sea,,250108026,,6,6,,,4.0,,,51.0,,,1,outdoors,fieldturf,45.0,9.0,00-0019599,00-0007091,Marc Bulger,Matt Hasselbeck,Mike Martz,Mike Holmgren,Walt Coleman,SEA00,Qwest Field
2004_19_STL_ATL,2004,DIV,19,2005-01-15,Saturday,20:00,STL,17.0,ATL,47.0,Home,30.0,64.0,0.0,2005011501,27238.0,,200501150atl,,250115001,,7,13,,,6.5,,,49.0,,,0,dome,fieldturf,,,00-0019599,00-0020245,Marc Bulger,Michael Vick,Mike Martz,Jim Mora,Terry McAulay,ATL00,Georgia Dome
2005_01_STL_SF,2005,REG,1,2005-09-11,Sunday,16:15,STL,25.0,SF,28.0,Home,3.0,53.0,0.0,2005091113,28538.0,,200509110sfo,,250911025,,7,7,,,-4.5,,,46.0,,,1,outdoors,grass,65.0,17.0,00-0019599,00-0019623,Marc Bulger,Tim Rattay,Mike Martz,Mike Nolan,Bill Vinovich,SFO00,Monster Park
2005_02_STL_ARI,2005,REG,2,2005-09-18,Sunday,16:05,STL,17.0,ARI,12.0,Home,-5.0,29.0,0.0,2005091810,28550.0,,200509180crd,,250918022,,7,7,,,-1.0,,,44.0,,,1,outdoors,grass,94.0,0.0,00-0019599,00-0017200,Marc Bulger,Kurt Warner,Mike Martz,Dennis Green,Jeff Triplette,PHO99,Sun Devil Stadium
2005_03_TEN_STL,2005,REG,3,2005-09-25,Sunday,13:00,TEN,27.0,STL,31.0,Home,4.0,58.0,0.0,2005092508,28565.0,,200509250ram,,250925014,,7,7,,,6.5,,,46.0,,,0,dome,fieldturf,,,00-0011024,00-0019599,Steve McNair,Marc Bulger,Jeff Fisher,Mike Martz,Tom White,STL00,Edward Jones Dome
2005_04_STL_NYG,2005,REG,4,2005-10-02,Sunday,13:00,STL,24.0,NYG,44.0,Home,20.0,68.0,0.0,2005100208,28576.0,,200510020nyg,,251002019,,7,7,,,3.0,,,46.0,,,0,outdoors,fieldturf,78.0,1.0,00-0019599,00-0022803,Marc Bulger,Eli Manning,Mike Martz,Tom Coughlin,Walt Coleman,NYC00,Giants Stadium
2005_05_SEA_STL,2005,REG,5,2005-10-09,Sunday,13:00,SEA,37.0,STL,31.0,Home,-6.0,68.0,0.0,2005100905,28592.0,,200510090ram,,251009014,,7,7,,,3.0,,,48.0,,,1,dome,fieldturf,,,00-0007091,00-0019599,Matt Hasselbeck,Marc Bulger,Mike Holmgren,Mike Martz,Ron Winter,STL00,Edward Jones Dome
2005_06_STL_IND,2005,REG,6,2005-10-17,Monday,09:00,STL,28.0,IND,45.0,Home,17.0,73.0,0.0,2005101700,28612.0,,200510170clt,,251017011,,8,8,,,13.0,,,50.5,,,0,dome,fieldturf,,,00-0019599,00-0010346,Marc Bulger,Peyton Manning,Joe Vitt,Tony Dungy,Gerry Austin,IND99,RCA Dome
2005_07_NO_STL,2005,REG,7,2005-10-23,Sunday,13:00,NO,17.0,STL,28.0,Home,11.0,45.0,0.0,2005102304,28619.0,,200510230ram,,251023014,,7,6,,,5.0,,,50.0,,,0,dome,fieldturf,,,00-0001823,00-0010455,Aaron Brooks,Jamie Martin,Jim Haslett,Joe Vitt,Mike Carey,STL00,Edward Jones Dome
2005_08_JAX_STL,2005,REG,8,2005-10-30,Sunday,13:00,JAX,21.0,STL,24.0,Home,3.0,45.0,0.0,2005103004,28634.0,,200510300ram,,251030014,,14,7,,,-3.0,,,43.0,,,0,dome,fieldturf,,,00-0022177,00-0010455,Byron Leftwich,Jamie Martin,Jack Del Rio,Joe Vitt,Walt Anderson,STL00,Edward Jones Dome
2005_10_STL_SEA,2005,REG,10,2005-11-13,Sunday,16:15,STL,16.0,SEA,31.0,Home,15.0,47.0,0.0,2005111311,28666.0,,200511130sea,,251113026,,14,7,,,7.0,,,48.5,,,1,outdoors,fieldturf,47.0,8.0,00-0019599,00-0007091,Marc Bulger,Matt Hasselbeck,Joe Vitt,Mike Holmgren,Jeff Triplette,SEA00,Qwest Field
2005_11_ARI_STL,2005,REG,11,2005-11-20,Sunday,13:00,ARI,38.0,STL,28.0,Home,-10.0,66.0,0.0,2005112000,28676.0,,200511200ram,,251120014,,7,7,,,9.0,,,48.0,,,1,dome,fieldturf,,,00-0017200,00-0019599,Kurt Warner,Marc Bulger,Dennis Green,Joe Vitt,Terry McAulay,STL00,Edward Jones Dome
2005_12_STL_HOU,2005,REG,12,2005-11-27,Sunday,13:00,STL,33.0,HOU,27.0,Home,-6.0,60.0,1.0,2005112707,28689.0,,200511270htx,,251127034,,7,7,,,-3.5,,,44.5,,,0,open,grass,,,00-0010455,00-0020608,Jamie Martin,David Carr,Joe Vitt,Dom Capers,Ed Hochuli,HOU00,Reliant Stadium
2005_13_WAS_STL,2005,REG,13,2005-12-04,Sunday,16:05,WAS,24.0,STL,9.0,Home,-15.0,33.0,0.0,2005120411,28711.0,,200512040ram,,251204014,,7,7,,,-3.0,,,45.0,,,0,dome,fieldturf,,,00-0002110,00-0023682,Mark Brunell,Ryan Fitzpatrick,Joe Gibbs,Joe Vitt,Bill Carollo,STL00,Edward Jones Dome
2005_14_STL_MIN,2005,REG,14,2005-12-11,Sunday,13:00,STL,13.0,MIN,27.0,Home,14.0,40.0,0.0,2005121106,28721.0,,200512110min,,251211016,,7,7,,,7.0,,,45.5,,,0,dome,fieldturf,,,00-0023682,00-0008442,Ryan Fitzpatrick,Brad Johnson,Joe Vitt,Mike Tice,Larry Nemmers,MIN00,Hubert H. Humphrey Metrodome
2005_15_PHI_STL,2005,REG,15,2005-12-18,Sunday,13:00,PHI,17.0,STL,16.0,Home,-1.0,33.0,0.0,2005121810,28746.0,,200512180ram,,251218014,,7,7,,,3.0,,,44.0,,,0,dome,fieldturf,,,00-0020308,00-0023682,Mike McMahon,Ryan Fitzpatrick,Andy Reid,Joe Vitt,Bill Leavy,STL00,Edward Jones Dome
2005_16_SF_STL,2005,REG,16,2005-12-24,Saturday,13:00,SF,24.0,STL,20.0,Home,-4.0,44.0,0.0,2005122408,28756.0,,200512240ram,,251224014,,6,6,,,9.0,,,42.0,,,1,dome,fieldturf,,,00-0023436,00-0010455,Alex Smith,Jamie Martin,Mike Nolan,Joe Vitt,Ron Winter,STL00,Edward Jones Dome
2005_17_STL_DAL,2005,REG,17,2006-01-01,Sunday,20:30,STL,20.0,DAL,10.0,Home,-10.0,30.0,0.0,2006010113,28780.0,,200601010dal,,260101006,,8,8,,,12.5,,,43.0,,,0,outdoors,fieldturf,75.0,0.0,00-0010455,00-0001361,Jamie Martin,Drew Bledsoe,Joe Vitt,Bill Parcells,Tony Corrente,DAL99,Texas Stadium
2006_01_DEN_STL,2006,REG,1,2006-09-10,Sunday,13:00,DEN,10.0,STL,18.0,Home,8.0,28.0,0.0,2006091006,28869.0,,200609100ram,3692.0,260910014,,7,7,,,-3.5,,,46.0,,,0,dome,fieldturf,,,00-0013042,00-0019599,Jake Plummer,Marc Bulger,Mike Shanahan,Scott Linehan,Bill Vinovich,STL00,Edward Jones Dome
2006_02_STL_SF,2006,REG,2,2006-09-17,Sunday,16:05,STL,13.0,SF,20.0,Home,7.0,33.0,0.0,2006091709,28890.0,,200609170sfo,3767.0,260917025,,7,7,,,-3.0,,,44.5,,,1,outdoors,grass,68.0,3.0,00-0019599,00-0023436,Marc Bulger,Alex Smith,Scott Linehan,Mike Nolan,Gene Steratore,SFO00,Monster Park
2006_03_STL_ARI,2006,REG,3,2006-09-24,Sunday,16:15,STL,16.0,ARI,14.0,Home,-2.0,30.0,0.0,2006092409,28904.0,,200609240crd,3784.0,260924022,,7,7,,,5.5,,,45.0,,,1,closed,grass,,,00-0019599,00-0017200,Marc Bulger,Kurt Warner,Scott Linehan,Dennis Green,Bill Carollo,PHO00,University of Phoenix Stadium
2006_04_DET_STL,2006,REG,4,2006-10-01,Sunday,16:05,DET,34.0,STL,41.0,Home,7.0,75.0,0.0,2006100108,28914.0,,200610010ram,3798.0,261001014,,7,7,190.0,-210.0,5.5,-108.0,100.0,42.0,101.0,-111.0,0,dome,fieldturf,,,00-0009311,00-0019599,Jon Kitna,Marc Bulger,Rod Marinelli,Scott Linehan,Larry Nemmers,STL00,Edward Jones Dome
2006_05_STL_GB,2006,REG,5,2006-10-08,Sunday,13:00,STL,23.0,GB,20.0,Home,-3.0,43.0,0.0,2006100802,28923.0,,200610080gnb,3806.0,261008009,,7,6,-128.0,118.0,-2.5,104.0,-112.0,46.5,-105.0,-105.0,0,outdoors,grass,69.0,22.0,00-0019599,00-0005106,Marc Bulger,Brett Favre,Scott Linehan,Mike McCarthy,Ron Winter,GNB00,Lambeau Field
2006_06_SEA_STL,2006,REG,6,2006-10-15,Sunday,13:00,SEA,30.0,STL,28.0,Home,-2.0,58.0,0.0,2006101505,28940.0,,200610150ram,3828.0,261015014,,14,7,-146.0,136.0,-3.0,105.0,-113.0,45.0,-105.0,-105.0,1,dome,fieldturf,,,00-0007091,00-0019599,Matt Hasselbeck,Marc Bulger,Mike Holmgren,Scott Linehan,Ed Hochuli,STL00,Edward Jones Dome
2006_08_STL_SD,2006,REG,8,2006-10-29,Sunday,16:05,STL,24.0,SD,38.0,Home,14.0,62.0,0.0,2006102908,28973.0,,200610290sdg,3853.0,261029024,,14,7,395.0,-435.0,9.5,102.0,-110.0,45.0,-110.0,100.0,0,outdoors,grass,72.0,6.0,00-0019599,00-0022942,Marc Bulger,Philip Rivers,Scott Linehan,Marty Schottenheimer,Walt Coleman,SDG00,Qualcomm Stadium
2006_09_KC_STL,2006,REG,9,2006-11-05,Sunday,13:00,KC,31.0,STL,17.0,Home,-14.0,48.0,0.0,2006110506,28980.0,,200611050ram,3866.0,261105014,,7,7,142.0,-152.0,2.5,110.0,-118.0,48.0,100.0,-110.0,0,dome,fieldturf,,,00-0007835,00-0019599,Damon Huard,Marc Bulger,Herm Edwards,Scott Linehan,Mike Carey,STL00,Edward Jones Dome
2006_10_STL_SEA,2006,REG,10,2006-11-12,Sunday,16:15,STL,22.0,SEA,24.0,Home,2.0,46.0,0.0,2006111214,29003.0,,200611120sea,3874.0,261112026,,7,6,138.0,-148.0,3.0,-111.0,103.0,43.0,102.0,-112.0,1,outdoors,fieldturf,48.0,17.0,00-0019599,00-0022055,Marc Bulger,Seneca Wallace,Scott Linehan,Mike Holmgren,Gerry Austin,SEA00,Qwest Field
2006_11_STL_CAR,2006,REG,11,2006-11-19,Sunday,13:00,STL,0.0,CAR,15.0,Home,15.0,15.0,0.0,2006111901,29006.0,,200611190car,3890.0,261119029,,7,6,245.0,-265.0,6.5,-104.0,-104.0,44.0,100.0,-110.0,0,outdoors,grass,58.0,8.0,00-0019599,00-0004161,Marc Bulger,Jake Delhomme,Scott Linehan,John Fox,Jerome Boger,CAR00,Bank of America Stadium
2006_12_SF_STL,2006,REG,12,2006-11-26,Sunday,13:00,SF,17.0,STL,20.0,Home,3.0,37.0,0.0,2006112608,29030.0,,200611260ram,3914.0,261126014,,7,7,215.0,-235.0,4.5,104.0,-112.0,44.5,-115.0,105.0,1,dome,fieldturf,,,00-0023436,00-0019599,Alex Smith,Marc Bulger,Mike Nolan,Scott Linehan,Terry McAulay,STL00,Edward Jones Dome
2006_13_ARI_STL,2006,REG,13,2006-12-03,Sunday,13:00,ARI,34.0,STL,20.0,Home,-14.0,54.0,0.0,2006120307,29045.0,,200612030ram,3930.0,261203014,,7,7,210.0,-230.0,6.0,-118.0,110.0,45.5,-109.0,-101.0,1,dome,fieldturf,,,00-0024225,00-0019599,Matt Leinart,Marc Bulger,Dennis Green,Scott Linehan,Ron Winter,STL00,Edward Jones Dome
2006_14_CHI_STL,2006,REG,14,2006-12-11,Monday,20:30,CHI,42.0,STL,27.0,Home,-15.0,69.0,0.0,2006121100,29068.0,,200612110ram,3953.0,261211014,,8,8,-255.0,235.0,-6.0,-106.0,-102.0,41.5,102.0,-112.0,0,dome,fieldturf,,,00-0022121,00-0019599,Rex Grossman,Marc Bulger,Lovie Smith,Scott Linehan,Jeff Triplette,STL00,Edward Jones Dome
2006_15_STL_OAK,2006,REG,15,2006-12-17,Sunday,16:15,STL,20.0,OAK,0.0,Home,-20.0,20.0,0.0,2006121711,29083.0,,200612170rai,3967.0,261217013,,6,7,140.0,-150.0,3.0,-105.0,-103.0,40.0,105.0,-115.0,0,outdoors,grass,52.0,6.0,00-0019599,00-0001823,Marc Bulger,Aaron Brooks,Scott Linehan,Art Shell,Tony Corrente,OAK00,McAfee Coliseum
2006_16_WAS_STL,2006,REG,16,2006-12-24,Sunday,13:00,WAS,31.0,STL,37.0,Home,6.0,68.0,1.0,2006122408,29095.0,,200612240ram,3976.0,261224014,,7,7,109.0,-119.0,1.0,106.0,-114.0,43.0,100.0,-110.0,0,dome,fieldturf,,,00-0023460,00-0019599,Jason Campbell,Marc Bulger,Joe Gibbs,Scott Linehan,Bill Leavy,STL00,Edward Jones Dome
2006_17_STL_MIN,2006,REG,17,2006-12-31,Sunday,13:00,STL,41.0,MIN,21.0,Home,-20.0,62.0,0.0,2006123107,29106.0,,200612310min,3989.0,261231016,,7,10,-118.0,108.0,-1.0,-113.0,105.0,43.0,-122.0,112.0,0,dome,fieldturf,,,00-0019599,00-0024279,Marc Bulger,Tarvaris Jackson,Scott Linehan,Brad Childress,Peter Morelli,MIN00,Hubert H. Humphrey Metrodome
2007_01_CAR_STL,2007,REG,1,2007-09-09,Sunday,13:00,CAR,27.0,STL,13.0,Home,-14.0,40.0,0.0,2007090906,29203.0,,200709090ram,739.0,270909014,,7,7,116.0,-126.0,1.5,105.0,-113.0,43.0,-105.0,-105.0,0,dome,fieldturf,,,00-0004161,00-0019599,Jake Delhomme,Marc Bulger,John Fox,Scott Linehan,Bill Leavy,STL00,Edward Jones Dome
2007_02_SF_STL,2007,REG,2,2007-09-16,Sunday,13:00,SF,17.0,STL,16.0,Home,-1.0,33.0,0.0,2007091605,29216.0,,200709160ram,752.0,270916014,,6,7,140.0,-150.0,3.0,-109.0,101.0,44.0,-104.0,-106.0,1,dome,fieldturf,,,00-0023436,00-0019599,Alex Smith,Marc Bulger,Mike Nolan,Scott Linehan,Jeff Triplette,STL00,Edward Jones Dome
2007_03_STL_TB,2007,REG,3,2007-09-23,Sunday,13:00,STL,3.0,TB,24.0,Home,21.0,27.0,0.0,2007092308,29235.0,,200709230tam,771.0,270923027,,7,7,173.0,-183.0,3.5,-109.0,101.0,38.5,-108.0,-102.0,0,outdoors,grass,86.0,5.0,00-0019599,00-0005755,Marc Bulger,Jeff Garcia,Scott Linehan,Jon Gruden,Bill Carollo,TAM00,Raymond James Stadium
2007_04_STL_DAL,2007,REG,4,2007-09-30,Sunday,13:00,STL,7.0,DAL,35.0,Home,28.0,42.0,0.0,2007093003,29246.0,,200709300dal,782.0,270930006,,7,7,630.0,-700.0,13.0,-108.0,100.0,47.0,-102.0,-108.0,0,outdoors,fieldturf,85.0,0.0,00-0019599,00-0021678,Marc Bulger,Tony Romo,Scott Linehan,Wade Phillips,Walt Anderson,DAL99,Texas Stadium
2007_05_ARI_STL,2007,REG,5,2007-10-07,Sunday,13:00,ARI,34.0,STL,31.0,Home,-3.0,65.0,0.0,2007100706,29263.0,,200710070ram,799.0,271007014,,7,7,-202.0,184.0,-3.5,-108.0,100.0,40.0,-112.0,102.0,1,dome,fieldturf,,,00-0024225,00-0005589,Matt Leinart,Gus Frerotte,Ken Whisenhunt,Scott Linehan,Gerry Austin,STL00,Edward Jones Dome
2007_06_STL_BAL,2007,REG,6,2007-10-14,Sunday,13:00,STL,3.0,BAL,22.0,Home,19.0,25.0,0.0,2007101400,29271.0,,200710140rav,807.0,271014033,,7,7,389.0,-429.0,9.0,-103.0,-105.0,36.5,-110.0,100.0,0,outdoors,sportturf,68.0,8.0,00-0005589,00-0022164,Gus Frerotte,Kyle Boller,Scott Linehan,Brian Billick,Tony Corrente,BAL00,M&T Bank Stadium
2007_07_STL_SEA,2007,REG,7,2007-10-21,Sunday,16:15,STL,6.0,SEA,33.0,Home,27.0,39.0,0.0,2007102111,29295.0,,200710210sea,831.0,271021026,,7,7,300.0,-330.0,9.0,-122.0,114.0,39.5,-104.0,-106.0,1,outdoors,fieldturf,52.0,11.0,00-0019599,00-0007091,Marc Bulger,Matt Hasselbeck,Scott Linehan,Mike Holmgren,Jerome Boger,SEA00,Qwest Field
2007_08_CLE_STL,2007,REG,8,2007-10-28,Sunday,13:00,CLE,27.0,STL,20.0,Home,-7.0,47.0,0.0,2007102805,29303.0,,200710280ram,839.0,271028014,,14,7,-143.0,133.0,-3.0,105.0,-113.0,46.0,-110.0,100.0,0,dome,fieldturf,,,00-0023645,00-0019599,Derek Anderson,Marc Bulger,Romeo Crennel,Scott Linehan,Mike Carey,STL00,Edward Jones Dome
2007_10_STL_NO,2007,REG,10,2007-11-11,Sunday,13:00,STL,37.0,NO,29.0,Home,-8.0,66.0,0.0,2007111104,29329.0,,200711110nor,865.0,271111018,,14,7,450.0,-500.0,10.5,-117.0,109.0,46.5,-105.0,-105.0,0,dome,fieldturf,,,00-0019599,00-0020531,Marc Bulger,Drew Brees,Scott Linehan,Sean Payton,Scott Green,NOR00,Louisiana Superdome
2007_11_STL_SF,2007,REG,11,2007-11-18,Sunday,16:15,STL,13.0,SF,9.0,Home,-4.0,22.0,0.0,2007111813,29352.0,,200711180sfo,888.0,271118025,,7,6,-175.0,165.0,-3.0,-125.0,117.0,39.0,-110.0,100.0,1,outdoors,grass,54.0,5.0,00-0019599,00-0004293,Marc Bulger,Trent Dilfer,Scott Linehan,Mike Nolan,Ed Hochuli,SFO00,Monster Park
2007_12_SEA_STL,2007,REG,12,2007-11-25,Sunday,13:00,SEA,24.0,STL,19.0,Home,-5.0,43.0,0.0,2007112507,29365.0,,200711250ram,901.0,271125014,,7,7,-181.0,171.0,-3.0,-124.0,116.0,45.5,-110.0,100.0,1,dome,fieldturf,,,00-0007091,00-0019599,Matt Hasselbeck,Marc Bulger,Mike Holmgren,Scott Linehan,Walt Coleman,STL00,Edward Jones Dome
2007_13_ATL_STL,2007,REG,13,2007-12-02,Sunday,13:00,ATL,16.0,STL,28.0,Home,12.0,44.0,0.0,2007120207,29379.0,,200712020ram,915.0,271202014,,10,7,153.0,-163.0,3.0,101.0,-109.0,40.0,-101.0,-109.0,0,dome,fieldturf,,,00-0021141,00-0005589,Joey Harrington,Gus Frerotte,Bobby Petrino,Scott Linehan,Peter Morelli,STL00,Edward Jones Dome
2007_14_STL_CIN,2007,REG,14,2007-12-09,Sunday,13:00,STL,10.0,CIN,19.0,Home,9.0,29.0,0.0,2007120901,29389.0,,200712090cin,925.0,271209004,,7,7,420.0,-460.0,10.0,100.0,-108.0,45.0,-107.0,-103.0,0,outdoors,fieldturf,38.0,7.0,00-0023158,00-0021429,Brock Berlin,Carson Palmer,Scott Linehan,Marvin Lewis,Larry Nemmers,CIN00,Paul Brown Stadium
2007_15_GB_STL,2007,REG,15,2007-12-16,Sunday,13:00,GB,33.0,STL,14.0,Home,-19.0,47.0,0.0,2007121607,29412.0,,200712160ram,948.0,271216014,,7,7,-311.0,281.0,-7.0,-106.0,-102.0,47.0,-108.0,-102.0,0,dome,fieldturf,,,00-0005106,00-0019599,Brett Favre,Marc Bulger,Mike McCarthy,Scott Linehan,Ron Winter,STL00,Edward Jones Dome
2007_16_PIT_STL,2007,REG,16,2007-12-20,Thursday,20:15,PIT,41.0,STL,24.0,Home,-17.0,65.0,0.0,2007122000,29419.0,,200712200ram,955.0,271220014,,4,4,-351.0,321.0,-9.0,115.0,-123.0,43.0,-103.0,-107.0,0,dome,fieldturf,,,00-0022924,00-0019599,Ben Roethlisberger,Marc Bulger,Mike Tomlin,Scott Linehan,Walt Anderson,STL00,Edward Jones Dome
2007_17_STL_ARI,2007,REG,17,2007-12-30,Sunday,16:15,STL,19.0,ARI,48.0,Home,29.0,67.0,0.0,2007123011,29447.0,,200712300crd,983.0,271230022,,10,7,195.0,-215.0,6.0,-110.0,102.0,49.5,-111.0,101.0,1,open,grass,,,00-0019599,00-0017200,Marc Bulger,Kurt Warner,Scott Linehan,Ken Whisenhunt,Jeff Triplette,PHO00,University of Phoenix Stadium
2008_01_STL_PHI,2008,REG,1,2008-09-07,Sunday,13:00,STL,3.0,PHI,38.0,Home,35.0,41.0,0.0,2008090706,29535.0,,200809070phi,1072.0,280907021,,7,7,,,8.0,,,44.0,,,0,outdoors,grass,80.0,11.0,00-0019599,00-0011022,Marc Bulger,Donovan McNabb,Scott Linehan,Andy Reid,Peter Morelli,PHI00,Lincoln Financial Field
2008_02_NYG_STL,2008,REG,2,2008-09-14,Sunday,13:00,NYG,41.0,STL,13.0,Home,-28.0,54.0,0.0,2008091406,29550.0,,200809140ram,1085.0,280914014,,10,7,,,-8.0,,,43.5,,,0,dome,fieldturf,,,00-0022803,00-0019599,Eli Manning,Marc Bulger,Tom Coughlin,Scott Linehan,Bill Leavy,STL00,Edward Jones Dome
2008_03_STL_SEA,2008,REG,3,2008-09-21,Sunday,16:05,STL,13.0,SEA,37.0,Home,24.0,50.0,0.0,2008092110,29570.0,,200809210sea,1105.0,280921026,,7,7,,,8.0,,,44.5,,,1,outdoors,fieldturf,59.0,5.0,00-0019599,00-0007091,Marc Bulger,Matt Hasselbeck,Scott Linehan,Mike Holmgren,Gene Steratore,SEA00,Qwest Field
2008_04_BUF_STL,2008,REG,4,2008-09-28,Sunday,16:05,BUF,31.0,STL,14.0,Home,-17.0,45.0,0.0,2008092809,29585.0,,200809280ram,1120.0,280928014,,7,7,,,-8.5,,,43.5,,,0,dome,fieldturf,,,00-0025479,00-0006355,Trent Edwards,Trent Green,Dick Jauron,Scott Linehan,Tony Corrente,STL00,Edward Jones Dome
2008_06_STL_WAS,2008,REG,6,2008-10-12,Sunday,13:00,STL,19.0,WAS,17.0,Home,-2.0,36.0,0.0,2008101207,29610.0,,200810120was,1145.0,281012028,,14,7,425.0,-550.0,12.0,-111.0,103.0,44.0,-113.0,103.0,0,outdoors,grass,72.0,2.0,00-0019599,00-0023460,Marc Bulger,Jason Campbell,Jim Haslett,Jim Zorn,Walt Coleman,WAS00,FedExField
2008_07_DAL_STL,2008,REG,7,2008-10-19,Sunday,13:00,DAL,14.0,STL,34.0,Home,20.0,48.0,0.0,2008101907,29624.0,,200810190ram,1159.0,281019014,,7,7,-310.0,280.0,-9.0,109.0,-117.0,45.0,-101.0,-109.0,0,dome,fieldturf,,,00-0008442,00-0019599,Brad Johnson,Marc Bulger,Wade Phillips,Jim Haslett,John Parry,STL00,Edward Jones Dome
2008_08_STL_NE,2008,REG,8,2008-10-26,Sunday,13:00,STL,16.0,NE,23.0,Home,7.0,39.0,0.0,2008102605,29636.0,,200810260nwe,1173.0,281026017,,7,6,325.0,-370.0,9.0,-110.0,102.0,41.0,101.0,-111.0,0,outdoors,fieldturf,61.0,7.0,00-0019599,00-0023662,Marc Bulger,Matt Cassel,Jim Haslett,Bill Belichick,Scott Green,BOS00,Gillette Stadium
2008_09_ARI_STL,2008,REG,9,2008-11-02,Sunday,13:00,ARI,34.0,STL,13.0,Home,-21.0,47.0,0.0,2008110206,29650.0,,200811020ram,1186.0,281102014,,7,7,-167.0,157.0,-3.0,-122.0,114.0,49.5,101.0,-111.0,1,dome,fieldturf,,,00-0017200,00-0019599,Kurt Warner,Marc Bulger,Ken Whisenhunt,Jim Haslett,Jeff Triplette,STL00,Edward Jones Dome
2008_10_STL_NYJ,2008,REG,10,2008-11-09,Sunday,13:00,STL,3.0,NYJ,47.0,Home,44.0,50.0,0.0,2008110907,29666.0,,200811090nyj,1201.0,281109020,,7,7,340.0,-370.0,9.5,-105.0,-103.0,43.5,100.0,-110.0,0,outdoors,fieldturf,53.0,14.0,00-0019599,00-0005106,Marc Bulger,Brett Favre,Jim Haslett,Eric Mangini,Bill Carollo,NYC00,Giants Stadium
2008_11_STL_SF,2008,REG,11,2008-11-16,Sunday,16:05,STL,16.0,SF,35.0,Home,19.0,51.0,0.0,2008111610,29683.0,,200811160sfo,1218.0,281116025,,7,6,256.0,-276.0,7.0,-106.0,-102.0,43.5,101.0,-111.0,1,outdoors,grass,75.0,5.0,00-0019599,00-0020679,Marc Bulger,Shaun Hill,Jim Haslett,Mike Singletary,Alberto Riveron,SFO00,Candlestick Park
2008_12_CHI_STL,2008,REG,12,2008-11-23,Sunday,13:00,CHI,27.0,STL,3.0,Home,-24.0,30.0,0.0,2008112308,29697.0,,200811230ram,1233.0,281123014,,7,7,-280.0,260.0,-7.0,109.0,-117.0,44.5,-107.0,-103.0,0,dome,fieldturf,,,00-0023541,00-0019599,Kyle Orton,Marc Bulger,Lovie Smith,Jim Haslett,Terry McAulay,STL00,Edward Jones Dome
2008_13_MIA_STL,2008,REG,13,2008-11-30,Sunday,13:00,MIA,16.0,STL,12.0,Home,-4.0,28.0,0.0,2008113005,29712.0,,200811300ram,1246.0,281130014,,7,7,-300.0,270.0,-7.0,-101.0,-107.0,44.5,-110.0,100.0,0,dome,fieldturf,,,00-0019559,00-0019599,Chad Pennington,Marc Bulger,Tony Sparano,Jim Haslett,Ron Winter,STL00,Edward Jones Dome
2008_14_STL_ARI,2008,REG,14,2008-12-07,Sunday,16:15,STL,10.0,ARI,34.0,Home,24.0,44.0,0.0,2008120711,29732.0,,200812070crd,1268.0,281207022,,7,10,650.0,-800.0,14.0,107.0,-115.0,48.5,-102.0,-108.0,1,open,grass,,,00-0019599,00-0017200,Marc Bulger,Kurt Warner,Jim Haslett,Ken Whisenhunt,Walt Coleman,PHO00,University of Phoenix Stadium
2008_15_SEA_STL,2008,REG,15,2008-12-14,Sunday,13:00,SEA,23.0,STL,20.0,Home,-3.0,43.0,0.0,2008121410,29747.0,,200812140ram,1282.0,281214014,,7,7,-105.0,-105.0,-1.0,100.0,-108.0,43.0,-103.0,-107.0,1,dome,fieldturf,,,00-0022055,00-0019599,Seneca Wallace,Marc Bulger,Mike Holmgren,Jim Haslett,Ed Hochuli,STL00,Edward Jones Dome
2008_16_SF_STL,2008,REG,16,2008-12-21,Sunday,13:00,SF,17.0,STL,16.0,Home,-1.0,33.0,0.0,2008122106,29760.0,,200812210ram,1298.0,281221014,,7,7,-183.0,173.0,-3.5,104.0,-112.0,42.0,-109.0,-101.0,1,dome,fieldturf,,,00-0020679,00-0019599,Shaun Hill,Marc Bulger,Mike Singletary,Jim Haslett,Carl Cheffers,STL00,Edward Jones Dome
2008_17_STL_ATL,2008,REG,17,2008-12-28,Sunday,13:00,STL,27.0,ATL,31.0,Home,4.0,58.0,0.0,2008122800,29768.0,,200812280atl,1313.0,281228001,,7,7,600.0,-800.0,14.0,-113.0,105.0,44.0,-109.0,-101.0,0,dome,fieldturf,,,00-0019599,00-0026143,Marc Bulger,Matt Ryan,Jim Haslett,Mike Smith,Walt Anderson,ATL00,Georgia Dome
2009_01_STL_SEA,2009,REG,1,2009-09-13,Sunday,16:15,STL,0.0,SEA,28.0,Home,28.0,28.0,0.0,2009091311,54479.0,,200909130sea,1407.0,290913026,,7,7,,,7.0,,,41.0,,,1,outdoors,fieldturf,73.0,5.0,00-0019599,00-0007091,Marc Bulger,Matt Hasselbeck,Steve Spagnuolo,Jim Mora,Peter Morelli,SEA00,Qwest Field
2009_02_STL_WAS,2009,REG,2,2009-09-20,Sunday,13:00,STL,7.0,WAS,9.0,Home,2.0,16.0,0.0,2009092008,54491.0,,200909200was,1418.0,290920028,,7,7,420.0,-500.0,10.0,-114.0,105.0,37.0,-105.0,-105.0,0,outdoors,grass,72.0,7.0,00-0019599,00-0023460,Marc Bulger,Jason Campbell,Steve Spagnuolo,Jim Zorn,Jerome Boger,WAS00,FedExField
2009_03_GB_STL,2009,REG,3,2009-09-27,Sunday,13:00,GB,36.0,STL,17.0,Home,-19.0,53.0,0.0,2009092707,54511.0,,200909270ram,1430.0,290927014,,7,7,-265.0,233.0,-6.5,-103.0,-105.0,42.5,-107.0,-103.0,0,dome,fieldturf,,,00-0023459,00-0019599,Aaron Rodgers,Marc Bulger,Mike McCarthy,Steve Spagnuolo,Walt Coleman,STL00,Edward Jones Dome
2009_04_STL_SF,2009,REG,4,2009-10-04,Sunday,16:15,STL,0.0,SF,35.0,Home,35.0,35.0,0.0,2009100411,54526.0,,200910040sfo,1454.0,291004025,,7,7,350.0,-400.0,9.5,-112.0,104.0,36.5,-103.0,-107.0,1,outdoors,grass,60.0,17.0,00-0022164,00-0020679,Kyle Boller,Shaun Hill,Steve Spagnuolo,Mike Singletary,Tony Corrente,SFO00,Candlestick Park
2009_05_MIN_STL,2009,REG,5,2009-10-11,Sunday,13:00,MIN,38.0,STL,10.0,Home,-28.0,48.0,0.0,2009101107,54536.0,,200910110ram,1460.0,291011014,,6,7,-550.0,470.0,-10.0,103.0,-111.0,40.5,-107.0,-103.0,0,dome,fieldturf,,,00-0005106,00-0022164,Brett Favre,Kyle Boller,Brad Childress,Steve Spagnuolo,Don Carey,STL00,Edward Jones Dome
2009_06_STL_JAX,2009,REG,6,2009-10-18,Sunday,13:00,STL,20.0,JAX,23.0,Home,3.0,43.0,1.0,2009101802,54545.0,,200910180jax,1477.0,291018030,,7,7,365.0,-425.0,9.5,-106.0,-102.0,42.0,-109.0,-101.0,0,outdoors,grass,57.0,17.0,00-0019599,00-0021231,Marc Bulger,David Garrard,Steve Spagnuolo,Jack Del Rio,Jeff Triplette,JAX00,Jacksonville Municipal Stadium
2009_07_IND_STL,2009,REG,7,2009-10-25,Sunday,13:00,IND,42.0,STL,6.0,Home,-36.0,48.0,0.0,2009102505,54562.0,,200910250ram,1489.0,291025014,,14,7,-1000.0,740.0,-14.0,-104.0,-104.0,45.0,-102.0,-108.0,0,dome,fieldturf,,,00-0010346,00-0019599,Peyton Manning,Marc Bulger,Jim Caldwell,Steve Spagnuolo,Carl Cheffers,STL00,Edward Jones Dome
2009_08_STL_DET,2009,REG,8,2009-11-01,Sunday,13:00,STL,17.0,DET,10.0,Home,-7.0,27.0,0.0,2009110104,54574.0,,200911010det,1501.0,291101008,,7,14,149.0,-164.0,3.5,-127.0,117.0,43.5,-104.0,-106.0,0,dome,fieldturf,,,00-0019599,00-0026498,Marc Bulger,Matthew Stafford,Steve Spagnuolo,Jim Schwartz,Ron Winter,DET00,Ford Field
2009_10_NO_STL,2009,REG,10,2009-11-15,Sunday,13:00,NO,28.0,STL,23.0,Home,-5.0,51.0,0.0,2009111505,54602.0,,200911150ram,1527.0,291115014,,7,14,-800.0,620.0,-14.0,101.0,-109.0,50.5,-105.0,-105.0,0,dome,fieldturf,,,00-0020531,00-0019599,Drew Brees,Marc Bulger,Sean Payton,Steve Spagnuolo,Gene Steratore,STL00,Edward Jones Dome
2009_11_ARI_STL,2009,REG,11,2009-11-22,Sunday,16:05,ARI,21.0,STL,13.0,Home,-8.0,34.0,0.0,2009112209,54621.0,,200911220ram,1549.0,291122014,,7,7,-380.0,330.0,-9.5,106.0,-115.0,46.5,-109.0,-101.0,1,dome,fieldturf,,,00-0017200,00-0019599,Kurt Warner,Marc Bulger,Ken Whisenhunt,Steve Spagnuolo,Bill Leavy,STL00,Edward Jones Dome
2009_12_SEA_STL,2009,REG,12,2009-11-29,Sunday,13:00,SEA,27.0,STL,17.0,Home,-10.0,44.0,0.0,2009112907,54637.0,,200911290ram,1562.0,291129014,,7,7,-163.0,148.0,-3.5,117.0,-127.0,42.5,-104.0,-106.0,1,dome,fieldturf,,,00-0007091,00-0022164,Matt Hasselbeck,Kyle Boller,Jim Mora,Steve Spagnuolo,Scott Green,STL00,Edward Jones Dome
2009_13_STL_CHI,2009,REG,13,2009-12-06,Sunday,13:00,STL,9.0,CHI,17.0,Home,8.0,26.0,0.0,2009120602,54646.0,,200912060chi,1573.0,291206003,,7,7,395.0,-455.0,9.5,-112.0,104.0,41.0,-105.0,-105.0,0,outdoors,grass,36.0,8.0,00-0022164,00-0024226,Kyle Boller,Jay Cutler,Steve Spagnuolo,Lovie Smith,Peter Morelli,CHI98,Soldier Field
2009_14_STL_TEN,2009,REG,14,2009-12-13,Sunday,16:05,STL,7.0,TEN,47.0,Home,40.0,54.0,0.0,2009121310,54670.0,,200912130oti,1590.0,291213010,,7,7,570.0,-700.0,13.5,101.0,-109.0,40.0,-108.0,-102.0,0,outdoors,grass,54.0,0.0,00-0027131,00-0024218,Keith Null,Vince Young,Steve Spagnuolo,Jeff Fisher,Jeff Triplette,NAS00,LP Field
2009_15_HOU_STL,2009,REG,15,2009-12-20,Sunday,13:00,HOU,16.0,STL,13.0,Home,-3.0,29.0,0.0,2009122007,54684.0,,200912200ram,1609.0,291220014,,7,7,-900.0,720.0,-14.0,-109.0,101.0,43.5,104.0,-114.0,0,dome,fieldturf,,,00-0022787,00-0027131,Matt Schaub,Keith Null,Gary Kubiak,Steve Spagnuolo,Ed Hochuli,STL00,Edward Jones Dome
2009_16_STL_ARI,2009,REG,16,2009-12-27,Sunday,16:05,STL,10.0,ARI,31.0,Home,21.0,41.0,0.0,2009122710,54702.0,,200912270crd,1630.0,291227022,,7,7,1040.0,-1400.0,16.0,106.0,-115.0,44.0,-111.0,101.0,1,open,grass,,,00-0027131,00-0017200,Keith Null,Kurt Warner,Steve Spagnuolo,Ken Whisenhunt,Alberto Riveron,PHO00,University of Phoenix Stadium
2009_17_SF_STL,2009,REG,17,2010-01-03,Sunday,13:00,SF,28.0,STL,6.0,Home,-22.0,34.0,0.0,2010010309,54716.0,,201001030ram,1642.0,300103014,,7,7,-295.0,255.0,-7.0,101.0,-109.0,39.5,-105.0,-105.0,1,dome,fieldturf,,,00-0023436,00-0027131,Alex Smith,Keith Null,Mike Singletary,Steve Spagnuolo,Mike Carey,STL00,Edward Jones Dome
2010_01_ARI_STL,2010,REG,1,2010-09-12,Sunday,16:15,ARI,17.0,STL,13.0,Home,-4.0,30.0,0.0,2010091208,54874.0,,201009120ram,1737.0,300912014,,7,7,-163.0,147.0,-3.0,-104.0,-104.0,39.5,-101.0,-109.0,1,dome,astroplay,,,00-0023645,00-0027854,Derek Anderson,Sam Bradford,Ken Whisenhunt,Steve Spagnuolo,Alberto Riveron,STL00,Edward Jones Dome
2010_02_STL_OAK,2010,REG,2,2010-09-19,Sunday,16:05,STL,14.0,OAK,16.0,Home,2.0,30.0,0.0,2010091910,54889.0,,201009190rai,1753.0,300919013,,7,7,162.0,-180.0,3.0,116.0,-126.0,37.5,100.0,-110.0,0,outdoors,grass,72.0,6.0,00-0027854,00-0023460,Sam Bradford,Jason Campbell,Steve Spagnuolo,Tom Cable,Tony Corrente,OAK00,Oakland-Alameda County Coliseum
2010_03_WAS_STL,2010,REG,3,2010-09-26,Sunday,16:05,WAS,16.0,STL,30.0,Home,14.0,46.0,0.0,2010092607,54905.0,,201009260ram,1768.0,300926014,,7,7,-220.0,197.0,-4.5,-103.0,-105.0,39.0,-105.0,-105.0,0,dome,astroplay,,,00-0011022,00-0027854,Donovan McNabb,Sam Bradford,Mike Shanahan,Steve Spagnuolo,Walt Coleman,STL00,Edward Jones Dome
2010_04_SEA_STL,2010,REG,4,2010-10-03,Sunday,13:00,SEA,3.0,STL,20.0,Home,17.0,23.0,0.0,2010100307,54917.0,,201010030ram,1782.0,301003014,,7,7,-125.0,113.0,-1.5,-111.0,103.0,40.0,104.0,-115.0,1,dome,astroplay,,,00-0007091,00-0027854,Matt Hasselbeck,Sam Bradford,Pete Carroll,Steve Spagnuolo,Peter Morelli,STL00,Edward Jones Dome
2010_05_STL_DET,2010,REG,5,2010-10-10,Sunday,13:00,STL,6.0,DET,44.0,Home,38.0,50.0,0.0,2010101004,54930.0,,201010100det,1793.0,301010008,,7,7,129.0,-143.0,3.0,-114.0,105.0,43.5,100.0,-110.0,0,dome,fieldturf,,,00-0027854,00-0020679,Sam Bradford,Shaun Hill,Steve Spagnuolo,Jim Schwartz,Bill Leavy,DET00,Ford Field
2010_06_SD_STL,2010,REG,6,2010-10-17,Sunday,13:00,SD,17.0,STL,20.0,Home,3.0,37.0,0.0,2010101701,54946.0,,201010170ram,1804.0,301017014,,7,7,-376.0,326.0,-9.5,104.0,-113.0,44.5,-110.0,100.0,0,dome,astroplay,,,00-0022942,00-0027854,Philip Rivers,Sam Bradford,Norv Turner,Steve Spagnuolo,Scott Green,STL00,Edward Jones Dome
2010_07_STL_TB,2010,REG,7,2010-10-24,Sunday,13:00,STL,17.0,TB,18.0,Home,1.0,35.0,0.0,2010102407,54820.0,,201010240tam,1824.0,301024027,,7,7,149.0,-165.0,3.0,105.0,-114.0,38.5,-107.0,-103.0,0,outdoors,grass,84.0,9.0,00-0027854,00-0026993,Sam Bradford,Josh Freeman,Steve Spagnuolo,Raheem Morris,Mike Carey,TAM00,Raymond James Stadium
2010_08_CAR_STL,2010,REG,8,2010-10-31,Sunday,13:00,CAR,10.0,STL,20.0,Home,10.0,30.0,0.0,2010103105,54832.0,,201010310ram,1836.0,301031014,,7,7,131.0,-145.0,2.5,100.0,-108.0,38.0,-113.0,102.0,0,dome,astroplay,,,00-0025708,00-0027854,Matt Moore,Sam Bradford,John Fox,Steve Spagnuolo,Carl Cheffers,STL00,Edward Jones Dome
2010_10_STL_SF,2010,REG,10,2010-11-14,Sunday,16:15,STL,20.0,SF,23.0,Home,3.0,43.0,1.0,2010111410,54957.0,,201011140sfo,1868.0,301114025,,14,14,197.0,-220.0,4.5,104.0,-112.0,38.5,-107.0,-103.0,1,outdoors,grass,74.0,5.0,00-0027854,00-0025561,Sam Bradford,Troy Smith,Steve Spagnuolo,Mike Singletary,Ed Hochuli,SFO00,Candlestick Park
2010_11_ATL_STL,2010,REG,11,2010-11-21,Sunday,16:05,ATL,34.0,STL,17.0,Home,-17.0,51.0,0.0,2010112110,54971.0,,201011210ram,1882.0,301121014,,10,7,-180.0,162.0,-3.5,103.0,-111.0,43.0,-105.0,-105.0,0,dome,astroplay,,,00-0026143,00-0027854,Matt Ryan,Sam Bradford,Mike Smith,Steve Spagnuolo,Walt Anderson,STL00,Edward Jones Dome
2010_12_STL_DEN,2010,REG,12,2010-11-28,Sunday,16:15,STL,36.0,DEN,33.0,Home,-3.0,69.0,0.0,2010112810,54989.0,,201011280den,1900.0,301128007,,7,6,162.0,-180.0,3.0,109.0,-118.0,46.5,-110.0,100.0,0,outdoors,grass,45.0,12.0,00-0027854,00-0023541,Sam Bradford,Kyle Orton,Steve Spagnuolo,Josh McDaniels,Bill Leavy,DEN00,Invesco Field at Mile High
2010_13_STL_ARI,2010,REG,13,2010-12-05,Sunday,16:15,STL,19.0,ARI,6.0,Home,-13.0,25.0,0.0,2010120511,55003.0,,201012050crd,1915.0,301205022,,7,6,-169.0,152.0,-3.0,-112.0,104.0,43.5,-105.0,-105.0,1,closed,grass,,,00-0027854,00-0023645,Sam Bradford,Derek Anderson,Steve Spagnuolo,Ken Whisenhunt,Clete Blakeman,PHO00,University of Phoenix Stadium
2010_14_STL_NO,2010,REG,14,2010-12-12,Sunday,16:05,STL,13.0,NO,31.0,Home,18.0,44.0,0.0,2010121208,55017.0,,201012120nor,1928.0,301212018,,7,7,365.0,-425.0,9.5,-113.0,104.0,47.0,-106.0,-104.0,0,dome,sportturf,,,00-0027854,00-0020531,Sam Bradford,Drew Brees,Steve Spagnuolo,Sean Payton,Tony Corrente,NOR00,Louisiana Superdome
2010_15_KC_STL,2010,REG,15,2010-12-19,Sunday,13:00,KC,27.0,STL,13.0,Home,-14.0,40.0,0.0,2010121900,55032.0,,201012190ram,1936.0,301219014,,7,7,125.0,-138.0,3.0,-121.0,112.0,42.5,-110.0,100.0,0,dome,astroplay,,,00-0023662,00-0027854,Matt Cassel,Sam Bradford,Todd Haley,Steve Spagnuolo,Ron Winter,STL00,Edward Jones Dome
2010_16_SF_STL,2010,REG,16,2010-12-26,Sunday,13:00,SF,17.0,STL,25.0,Home,8.0,42.0,0.0,2010122606,55049.0,,201012260ram,1959.0,301226014,,10,7,121.0,-134.0,2.0,111.0,-120.0,40.0,-108.0,-102.0,1,dome,astroplay,,,00-0025561,00-0027854,Troy Smith,Sam Bradford,Mike Singletary,Steve Spagnuolo,Peter Morelli,STL00,Edward Jones Dome
2010_17_STL_SEA,2010,REG,17,2011-01-02,Sunday,20:20,STL,6.0,SEA,16.0,Home,10.0,22.0,0.0,2011010215,55071.0,,201101020sea,1982.0,310102026,,7,7,-164.0,148.0,-3.0,-108.0,100.0,42.5,-105.0,-105.0,1,outdoors,fieldturf,34.0,4.0,00-0027854,00-0024296,Sam Bradford,Charlie Whitehurst,Steve Spagnuolo,Pete Carroll,Jerome Boger,SEA00,Qwest Field
2011_01_PHI_STL,2011,REG,1,2011-09-11,Sunday,13:00,PHI,31.0,STL,13.0,Home,-18.0,44.0,0.0,2011091107,55171.0,,201109110ram,2068.0,310911014,,7,7,-200.0,180.0,-3.5,-102.0,-106.0,44.0,-103.0,-107.0,0,dome,astroplay,,,00-0020245,00-0027854,Michael Vick,Sam Bradford,Andy Reid,Steve Spagnuolo,Gene Steratore,STL00,Edward Jones Dome
2011_02_STL_NYG,2011,REG,2,2011-09-19,Monday,20:30,STL,16.0,NYG,28.0,Home,12.0,44.0,0.0,2011091900,55195.0,,201109190nyg,2089.0,310919019,,8,8,273.0,-310.0,7.0,-112.0,104.0,43.5,108.0,-119.0,0,outdoors,fieldturf,60.0,6.0,00-0027854,00-0022803,Sam Bradford,Eli Manning,Steve Spagnuolo,Tom Coughlin,Terry McAulay,NYC01,MetLife Stadium
2011_03_BAL_STL,2011,REG,3,2011-09-25,Sunday,16:05,BAL,37.0,STL,7.0,Home,-30.0,44.0,0.0,2011092510,55205.0,,201109250ram,2100.0,310925014,,7,6,-240.0,214.0,-5.5,-105.0,-103.0,41.5,-106.0,-104.0,0,dome,astroplay,,,00-0026158,00-0027854,Joe Flacco,Sam Bradford,John Harbaugh,Steve Spagnuolo,Scott Green,STL00,Edward Jones Dome
2011_04_WAS_STL,2011,REG,4,2011-10-02,Sunday,13:00,WAS,17.0,STL,10.0,Home,-7.0,27.0,0.0,2011100206,55220.0,,201110020ram,2117.0,311002014,,6,7,-145.0,131.0,-3.0,108.0,-117.0,44.0,-103.0,-107.0,0,dome,astroplay,,,00-0022121,00-0027854,Rex Grossman,Sam Bradford,Mike Shanahan,Steve Spagnuolo,Walt Coleman,STL00,Edward Jones Dome
2011_06_STL_GB,2011,REG,6,2011-10-16,Sunday,13:00,STL,3.0,GB,24.0,Home,21.0,27.0,0.0,2011101605,55244.0,,201110160gnb,2141.0,311016009,,14,7,750.0,-973.0,14.0,-103.0,-105.0,47.0,100.0,-110.0,0,outdoors,grass,57.0,23.0,00-0027854,00-0023459,Sam Bradford,Aaron Rodgers,Steve Spagnuolo,Mike McCarthy,Ed Hochuli,GNB00,Lambeau Field
2011_07_STL_DAL,2011,REG,7,2011-10-23,Sunday,16:15,STL,7.0,DAL,34.0,Home,27.0,41.0,0.0,2011102310,55263.0,,201110230dal,2151.0,311023006,,7,7,760.0,-1000.0,14.0,-109.0,101.0,43.0,-105.0,-105.0,0,closed,matrixturf,,,00-0020305,00-0021678,A.J. Feeley,Tony Romo,Steve Spagnuolo,Jason Garrett,Alberto Riveron,DAL00,Cowboys Stadium
2011_08_NO_STL,2011,REG,8,2011-10-30,Sunday,13:00,NO,21.0,STL,31.0,Home,10.0,52.0,0.0,2011103004,55271.0,,201110300ram,2167.0,311030014,,7,7,-900.0,704.0,-13.5,100.0,-108.0,48.5,-101.0,-109.0,0,dome,astroplay,,,00-0020531,00-0020305,Drew Brees,A.J. Feeley,Sean Payton,Steve Spagnuolo,Walt Anderson,STL00,Edward Jones Dome
2011_09_STL_ARI,2011,REG,9,2011-11-06,Sunday,16:15,STL,13.0,ARI,19.0,Home,6.0,32.0,1.0,2011110611,55289.0,,201111060crd,2175.0,311106022,,7,7,106.0,-117.0,1.0,103.0,-111.0,41.5,-107.0,-103.0,1,closed,grass,,,00-0027854,00-0027754,Sam Bradford,John Skelton,Steve Spagnuolo,Ken Whisenhunt,Ron Winter,PHO00,University of Phoenix Stadium
2011_10_STL_CLE,2011,REG,10,2011-11-13,Sunday,13:00,STL,13.0,CLE,12.0,Home,-1.0,25.0,0.0,2011111310,55299.0,,201111130cle,2192.0,311113005,,7,7,120.0,-132.0,2.5,105.0,-114.0,36.5,-106.0,-104.0,0,outdoors,grass,60.0,40.0,00-0027854,00-0027688,Sam Bradford,Colt McCoy,Steve Spagnuolo,Pat Shurmur,Clete Blakeman,CLE00,Cleveland Browns Stadium
2011_11_SEA_STL,2011,REG,11,2011-11-20,Sunday,16:05,SEA,24.0,STL,7.0,Home,-17.0,31.0,0.0,2011112009,55319.0,,201111200ram,2213.0,311120014,,7,7,143.0,-158.0,3.0,-106.0,-102.0,40.5,-111.0,101.0,1,dome,astroplay,,,00-0024279,00-0027854,Tarvaris Jackson,Sam Bradford,Pete Carroll,Steve Spagnuolo,Carl Cheffers,STL00,Edward Jones Dome
2011_12_ARI_STL,2011,REG,12,2011-11-27,Sunday,13:00,ARI,23.0,STL,20.0,Home,-3.0,43.0,0.0,2011112704,55332.0,,201111270ram,2230.0,311127014,,7,7,127.0,-140.0,1.0,120.0,-130.0,40.0,-104.0,-106.0,1,dome,astroplay,,,00-0027754,00-0027854,John Skelton,Sam Bradford,Ken Whisenhunt,Steve Spagnuolo,Mike Carey,STL00,Edward Jones Dome
2011_13_STL_SF,2011,REG,13,2011-12-04,Sunday,16:15,STL,0.0,SF,26.0,Home,26.0,26.0,0.0,2011120412,55353.0,,201112040sfo,2235.0,311204025,,7,10,638.0,-800.0,14.0,103.0,-111.0,38.5,-104.0,-106.0,1,outdoors,grass,53.0,2.0,00-0020305,00-0023436,A.J. Feeley,Alex Smith,Steve Spagnuolo,Jim Harbaugh,Peter Morelli,SFO00,Candlestick Park
2011_14_STL_SEA,2011,REG,14,2011-12-12,Monday,20:30,STL,13.0,SEA,30.0,Home,17.0,43.0,0.0,2011121200,55371.0,,201112120sea,2265.0,311212026,,8,11,322.0,-370.0,9.0,-117.0,108.0,38.0,-107.0,-103.0,1,outdoors,fieldturf,40.0,7.0,00-0027854,00-0024279,Sam Bradford,Tarvaris Jackson,Steve Spagnuolo,Pete Carroll,Bill Leavy,SEA00,CenturyLink Field
2011_15_CIN_STL,2011,REG,15,2011-12-18,Sunday,13:00,CIN,20.0,STL,13.0,Home,-7.0,33.0,0.0,2011121800,55381.0,,201112180ram,2278.0,311218014,,7,6,-300.0,264.0,-7.0,100.0,-108.0,38.5,-101.0,-109.0,0,dome,astroplay,,,00-0027973,00-0024264,Andy Dalton,Kellen Clemens,Marvin Lewis,Steve Spagnuolo,Jerome Boger,STL00,Edward Jones Dome
2011_16_STL_PIT,2011,REG,16,2011-12-24,Saturday,13:00,STL,0.0,PIT,27.0,Home,27.0,27.0,0.0,2011122409,55396.0,,201112240pit,2294.0,311224023,,6,5,412.0,-485.0,10.0,-104.0,-104.0,33.5,-106.0,-104.0,0,outdoors,grass,36.0,4.0,00-0024264,00-0000865,Kellen Clemens,Charlie Batch,Steve Spagnuolo,Mike Tomlin,Clete Blakeman,PIT00,Heinz Field
2011_17_SF_STL,2011,REG,17,2012-01-01,Sunday,13:00,SF,34.0,STL,27.0,Home,-7.0,61.0,0.0,2012010112,55416.0,,201201010ram,2310.0,320101014,,8,8,-711.0,577.0,-12.5,-102.0,-106.0,35.5,-110.0,100.0,1,dome,astroplay,,,00-0023436,00-0024264,Alex Smith,Kellen Clemens,Jim Harbaugh,Steve Spagnuolo,Jeff Triplette,STL00,Edward Jones Dome
2012_01_STL_DET,2012,REG,1,2012-09-09,Sunday,13:00,STL,23.0,DET,27.0,Home,4.0,50.0,0.0,2012090905,55507.0,,201209090det,2402.0,320909008,,7,7,341.0,-394.0,9.0,-116.0,107.0,46.0,-104.0,-106.0,0,dome,fieldturf,,,00-0027854,00-0026498,Sam Bradford,Matthew Stafford,Jeff Fisher,Jim Schwartz,Donovan Briggans,DET00,Ford Field
2012_02_WAS_STL,2012,REG,2,2012-09-16,Sunday,16:05,WAS,28.0,STL,31.0,Home,3.0,59.0,0.0,2012091609,55529.0,,201209160ram,2420.0,320916014,,7,7,-190.0,171.0,-3.5,-105.0,-103.0,42.5,-105.0,-105.0,0,dome,astroplay,,,00-0029665,00-0027854,Robert Griffin,Sam Bradford,Mike Shanahan,Jeff Fisher,Wayne Elliott,STL00,Edward Jones Dome
2012_03_STL_CHI,2012,REG,3,2012-09-23,Sunday,13:00,STL,6.0,CHI,23.0,Home,17.0,29.0,0.0,2012092301,55537.0,,201209230chi,2435.0,320923003,,7,10,264.0,-300.0,7.0,-113.0,104.0,41.5,-105.0,-105.0,0,outdoors,grass,56.0,10.0,00-0027854,00-0024226,Sam Bradford,Jay Cutler,Jeff Fisher,Lovie Smith,Jerry Hughes,CHI98,Soldier Field
2012_04_SEA_STL,2012,REG,4,2012-09-30,Sunday,13:00,SEA,13.0,STL,19.0,Home,6.0,32.0,0.0,2012093005,55560.0,,201209300ram,2448.0,320930014,,6,7,-130.0,118.0,-2.0,-110.0,102.0,39.5,-101.0,-109.0,1,dome,astroplay,,,00-0029263,00-0027854,Russell Wilson,Sam Bradford,Pete Carroll,Jeff Fisher,Mike Carey,STL00,Edward Jones Dome
2012_05_ARI_STL,2012,REG,5,2012-10-04,Thursday,20:20,ARI,3.0,STL,17.0,Home,14.0,20.0,0.0,2012100400,55567.0,,201210040ram,2453.0,321004014,,4,4,-113.0,102.0,-1.0,-105.0,-103.0,37.5,-103.0,-107.0,1,dome,astroplay,,,00-0025423,00-0027854,Kevin Kolb,Sam Bradford,Ken Whisenhunt,Jeff Fisher,John Parry,STL00,Edward Jones Dome
2012_06_STL_MIA,2012,REG,6,2012-10-14,Sunday,13:00,STL,14.0,MIA,17.0,Home,3.0,31.0,0.0,2012101405,55585.0,,201210140mia,2479.0,321014015,,10,7,201.0,-225.0,5.5,-107.0,-101.0,38.0,-102.0,-108.0,0,outdoors,grass,84.0,20.0,00-0027854,00-0029701,Sam Bradford,Ryan Tannehill,Jeff Fisher,Joe Philbin,Gene Steratore,MIA00,Sun Life Stadium
2012_07_GB_STL,2012,REG,7,2012-10-21,Sunday,13:00,GB,30.0,STL,20.0,Home,-10.0,50.0,0.0,2012102104,55602.0,,201210210ram,2486.0,321021014,,7,7,-215.0,193.0,-4.0,-107.0,-101.0,45.0,-108.0,-102.0,0,dome,astroplay,,,00-0023459,00-0027854,Aaron Rodgers,Sam Bradford,Mike McCarthy,Jeff Fisher,Bill Vinovich,STL00,Edward Jones Dome
2012_08_NE_STL,2012,REG,8,2012-10-28,Sunday,13:00,NE,45.0,STL,7.0,Neutral,-38.0,52.0,0.0,2012102804,55616.0,,201210280ram,2500.0,321028014,,7,7,-305.0,269.0,-7.5,111.0,-120.0,46.0,-105.0,-105.0,0,outdoors,astroplay,49.0,9.0,00-0019596,00-0027854,Tom Brady,Sam Bradford,Bill Belichick,Jeff Fisher,Walt Coleman,LON00,Wembley Stadium
2012_10_STL_SF,2012,REG,10,2012-11-11,Sunday,16:25,STL,24.0,SF,24.0,Home,0.0,48.0,1.0,2012111110,55647.0,,201211110sfo,2533.0,321111025,,14,13,541.0,-660.0,13.5,-105.0,-103.0,38.0,-107.0,-103.0,1,outdoors,grass,55.0,5.0,00-0027854,00-0023436,Sam Bradford,Alex Smith,Jeff Fisher,Jim Harbaugh,Clete Blakeman,SFO00,Candlestick Park
2012_11_NYJ_STL,2012,REG,11,2012-11-18,Sunday,13:00,NYJ,27.0,STL,13.0,Home,-14.0,40.0,0.0,2012111805,55658.0,,201211180ram,2545.0,321118014,,7,7,164.0,-182.0,3.5,-107.0,-101.0,38.0,-104.0,-106.0,0,dome,astroplay,,,00-0026898,00-0027854,Mark Sanchez,Sam Bradford,Rex Ryan,Jeff Fisher,Jerome Boger,STL00,Edward Jones Dome
2012_12_STL_ARI,2012,REG,12,2012-11-25,Sunday,16:25,STL,31.0,ARI,17.0,Home,-14.0,48.0,0.0,2012112510,55676.0,,201211250crd,2563.0,321125022,,7,7,105.0,-116.0,1.0,101.0,-109.0,36.0,102.0,-113.0,1,closed,grass,,,00-0027854,00-0029531,Sam Bradford,Ryan Lindley,Jeff Fisher,Ken Whisenhunt,Tony Corrente,PHO00,University of Phoenix Stadium
2012_13_SF_STL,2012,REG,13,2012-12-02,Sunday,13:00,SF,13.0,STL,16.0,Home,3.0,29.0,1.0,2012120202,55688.0,,201212020ram,2579.0,321202014,,7,7,-330.0,289.0,-7.0,-106.0,-102.0,40.5,-104.0,-106.0,1,dome,astroplay,,,00-0027974,00-0027854,Colin Kaepernick,Sam Bradford,Jim Harbaugh,Jeff Fisher,Carl Cheffers,STL00,Edward Jones Dome
2012_14_STL_BUF,2012,REG,14,2012-12-09,Sunday,13:00,STL,15.0,BUF,12.0,Home,-3.0,27.0,0.0,2012120908,55697.0,,201212090buf,2595.0,321209002,,7,7,171.0,-190.0,3.5,102.0,-110.0,42.0,-107.0,-103.0,0,outdoors,a_turf,37.0,14.0,00-0027854,00-0023682,Sam Bradford,Ryan Fitzpatrick,Jeff Fisher,Chan Gailey,Gene Steratore,BUF00,Ralph Wilson Stadium
2012_15_MIN_STL,2012,REG,15,2012-12-16,Sunday,13:00,MIN,36.0,STL,22.0,Home,-14.0,58.0,0.0,2012121603,55720.0,,201212160ram,2606.0,321216014,,7,7,120.0,-133.0,1.0,116.0,-126.0,39.0,-106.0,-104.0,0,dome,astroplay,,,00-0027950,00-0027854,Christian Ponder,Sam Bradford,Leslie Frazier,Jeff Fisher,Alberto Riveron,STL00,Edward Jones Dome
2012_16_STL_TB,2012,REG,16,2012-12-23,Sunday,13:00,STL,28.0,TB,13.0,Home,-15.0,41.0,0.0,2012122308,55739.0,,201212230tam,2627.0,321223027,,7,7,140.0,-155.0,3.0,-105.0,-103.0,43.5,-102.0,-108.0,0,outdoors,grass,59.0,8.0,00-0027854,00-0026993,Sam Bradford,Josh Freeman,Jeff Fisher,Greg Schiano,Scott Green,TAM00,Raymond James Stadium
2012_17_STL_SEA,2012,REG,17,2012-12-30,Sunday,16:25,STL,13.0,SEA,20.0,Home,7.0,33.0,0.0,2012123015,55759.0,,201212300sea,2644.0,321230026,,7,7,412.0,-485.0,11.0,-113.0,104.0,41.5,-108.0,-102.0,1,outdoors,fieldturf,41.0,1.0,00-0027854,00-0029263,Sam Bradford,Russell Wilson,Jeff Fisher,Pete Carroll,Jeff Triplette,SEA00,CenturyLink Field
2013_01_ARI_STL,2013,REG,1,2013-09-08,Sunday,16:25,ARI,24.0,STL,27.0,Home,3.0,51.0,0.0,2013090810,55848.0,,201309080ram,2754.0,330908014,,7,7,166.0,-185.0,3.5,-104.0,-106.0,42.5,-115.0,104.0,1,dome,astroplay,,,00-0021429,00-0027854,Carson Palmer,Sam Bradford,Bruce Arians,Jeff Fisher,Clete Blakeman,STL00,Edward Jones Dome
2013_02_STL_ATL,2013,REG,2,2013-09-15,Sunday,13:00,STL,24.0,ATL,31.0,Home,7.0,55.0,0.0,2013091500,55854.0,,201309150atl,2759.0,330915001,,7,7,183.0,-204.0,4.0,-106.0,-104.0,47.5,103.0,-114.0,0,dome,fieldturf,,,00-0027854,00-0026143,Sam Bradford,Matt Ryan,Jeff Fisher,Mike Smith,Scott Green,ATL00,Georgia Dome
2013_03_STL_DAL,2013,REG,3,2013-09-22,Sunday,13:00,STL,7.0,DAL,31.0,Home,24.0,38.0,0.0,2013092202,55873.0,,201309220dal,2778.0,330922006,,7,7,153.0,-170.0,3.5,-123.0,111.0,47.5,-102.0,-108.0,0,closed,matrixturf,,,00-0027854,00-0021678,Sam Bradford,Tony Romo,Jeff Fisher,Jason Garrett,Carl Cheffers,DAL00,AT&T Stadium
2013_04_SF_STL,2013,REG,4,2013-09-26,Thursday,20:25,SF,35.0,STL,11.0,Home,-24.0,46.0,0.0,2013092600,55885.0,,201309260ram,2790.0,330926014,,4,4,-179.0,161.0,-3.0,-124.0,112.0,43.0,-107.0,-103.0,1,dome,astroplay,,,00-0027974,00-0027854,Colin Kaepernick,Sam Bradford,Jim Harbaugh,Jeff Fisher,Jeff Triplette,STL00,Edward Jones Dome
2013_05_JAX_STL,2013,REG,5,2013-10-06,Sunday,13:00,JAX,20.0,STL,34.0,Home,14.0,54.0,0.0,2013100606,55907.0,,201310060ram,2812.0,331006014,,7,10,450.0,-535.0,11.0,-103.0,-107.0,40.5,-109.0,-101.0,0,dome,astroplay,,,00-0027948,00-0027854,Blaine Gabbert,Sam Bradford,Gus Bradley,Jeff Fisher,Tony Corrente,STL00,Edward Jones Dome
2013_06_STL_HOU,2013,REG,6,2013-10-13,Sunday,13:00,STL,38.0,HOU,13.0,Home,-25.0,51.0,0.0,2013101303,55918.0,,201310130htx,2823.0,331013034,,7,7,342.0,-395.0,9.5,-105.0,-105.0,43.0,-107.0,-103.0,0,closed,grass,,,00-0027854,00-0022787,Sam Bradford,Matt Schaub,Jeff Fisher,Gary Kubiak,Bill Leavy,HOU00,Reliant Stadium
2013_07_STL_CAR,2013,REG,7,2013-10-20,Sunday,13:00,STL,15.0,CAR,30.0,Home,15.0,45.0,0.0,2013102001,55931.0,,201310200car,2836.0,331020029,,7,7,286.0,-326.0,8.0,-110.0,100.0,42.0,-103.0,-107.0,0,outdoors,grass,68.0,4.0,00-0027854,00-0027939,Sam Bradford,Cam Newton,Jeff Fisher,Ron Rivera,Bill Vinovich,CAR00,Bank of America Stadium
2013_08_SEA_STL,2013,REG,8,2013-10-28,Monday,20:30,SEA,14.0,STL,9.0,Home,-5.0,23.0,0.0,2013102800,55956.0,,201310280ram,2861.0,331028014,,11,8,-650.0,534.0,-13.0,100.0,-110.0,43.0,-105.0,-105.0,1,dome,astroplay,,,00-0029263,00-0024264,Russell Wilson,Kellen Clemens,Pete Carroll,Jeff Fisher,Gene Steratore,STL00,Edward Jones Dome
2013_09_TEN_STL,2013,REG,9,2013-11-03,Sunday,13:00,TEN,28.0,STL,21.0,Home,-7.0,49.0,0.0,2013110304,55962.0,,201311030ram,2867.0,331103014,,14,6,-160.0,144.0,-3.0,-113.0,102.0,41.0,-104.0,-106.0,0,dome,astroplay,,,00-0027946,00-0024264,Jake Locker,Kellen Clemens,Mike Munchak,Jeff Fisher,Peter Morelli,STL00,Edward Jones Dome
2013_10_STL_IND,2013,REG,10,2013-11-10,Sunday,13:00,STL,38.0,IND,8.0,Home,-30.0,46.0,0.0,2013111004,55975.0,,201311100clt,2881.0,331110011,,7,7,293.0,-335.0,7.5,-113.0,102.0,43.0,-111.0,101.0,0,closed,fieldturf,,,00-0024264,00-0029668,Kellen Clemens,Andrew Luck,Jeff Fisher,Chuck Pagano,Terry McAulay,IND00,Lucas Oil Stadium
2013_12_CHI_STL,2013,REG,12,2013-11-24,Sunday,13:00,CHI,21.0,STL,42.0,Home,21.0,63.0,0.0,2013112407,56007.0,,201311240ram,2912.0,331124014,,7,14,111.0,-123.0,1.0,106.0,-117.0,46.0,-102.0,-108.0,0,dome,astroplay,,,00-0021206,00-0024264,Josh McCown,Kellen Clemens,Marc Trestman,Jeff Fisher,Jerome Boger,STL00,Edward Jones Dome
2013_13_STL_SF,2013,REG,13,2013-12-01,Sunday,16:05,STL,13.0,SF,23.0,Home,10.0,36.0,0.0,2013120108,56024.0,,201312010sfo,2929.0,331201025,,7,6,285.0,-325.0,7.5,-115.0,104.0,40.5,-113.0,102.0,1,outdoors,grass,59.0,6.0,00-0024264,00-0027974,Kellen Clemens,Colin Kaepernick,Jeff Fisher,Jim Harbaugh,Bill Vinovich,SFO00,Candlestick Park
2013_14_STL_ARI,2013,REG,14,2013-12-08,Sunday,16:25,STL,10.0,ARI,30.0,Home,20.0,40.0,0.0,2013120810,56040.0,,201312080crd,2945.0,331208022,,7,7,179.0,-199.0,4.0,-107.0,-103.0,41.0,-105.0,-105.0,1,closed,grass,,,00-0024264,00-0021429,Kellen Clemens,Carson Palmer,Jeff Fisher,Bruce Arians,Walt Coleman,PHO00,University of Phoenix Stadium
2013_15_NO_STL,2013,REG,15,2013-12-15,Sunday,16:25,NO,16.0,STL,27.0,Home,11.0,43.0,0.0,2013121507,56053.0,,201312150ram,2958.0,331215014,,7,7,-290.0,256.0,-6.5,-123.0,111.0,48.0,-113.0,102.0,0,dome,astroplay,,,00-0020531,00-0024264,Drew Brees,Kellen Clemens,Sean Payton,Jeff Fisher,Mike Carey,STL00,Edward Jones Dome
2013_16_TB_STL,2013,REG,16,2013-12-22,Sunday,13:00,TB,13.0,STL,23.0,Home,10.0,36.0,0.0,2013122208,56069.0,,201312220ram,2974.0,331222014,,7,7,155.0,-172.0,3.5,-118.0,107.0,43.0,-110.0,100.0,0,dome,astroplay,,,00-0030520,00-0024264,Mike Glennon,Kellen Clemens,Greg Schiano,Jeff Fisher,John Parry,STL00,Edward Jones Dome
2013_17_STL_SEA,2013,REG,17,2013-12-29,Sunday,16:25,STL,9.0,SEA,27.0,Home,18.0,36.0,0.0,2013122915,56092.0,,201312290sea,2997.0,331229026,,7,7,498.0,-600.0,13.0,-118.0,107.0,41.0,-105.0,-105.0,1,outdoors,fieldturf,40.0,5.0,00-0024264,00-0029263,Kellen Clemens,Russell Wilson,Jeff Fisher,Pete Carroll,Jeff Triplette,SEA00,CenturyLink Field
2014_01_MIN_STL,2014,REG,1,2014-09-07,Sunday,13:00,MIN,34.0,STL,6.0,Home,-28.0,40.0,0.0,2014090709,56180.0,,201409070ram,3084.0,400554217,,7,7,140.0,-155.0,3.0,-113.0,102.0,43.5,-114.0,103.0,0,dome,astroplay,,,00-0023662,00-0020679,Matt Cassel,Shaun Hill,Mike Zimmer,Jeff Fisher,Ed Hochuli,STL00,Edward Jones Dome
2014_02_STL_TB,2014,REG,2,2014-09-14,Sunday,16:05,STL,19.0,TB,17.0,Home,-2.0,36.0,0.0,2014091409,56196.0,,201409140tam,3100.0,400554274,,7,7,184.0,-205.0,4.0,-105.0,-105.0,37.5,-105.0,-105.0,0,outdoors,grass,88.0,8.0,00-0028957,00-0021206,Austin Davis,Josh McCown,Jeff Fisher,Lovie Smith,Jeff Triplette,TAM00,Raymond James Stadium
2014_03_DAL_STL,2014,REG,3,2014-09-21,Sunday,13:00,DAL,34.0,STL,31.0,Home,-3.0,65.0,0.0,2014092109,56212.0,,201409210ram,3116.0,400554199,,7,7,-120.0,109.0,-1.5,-105.0,-105.0,45.0,-107.0,-103.0,0,dome,astroplay,,,00-0021678,00-0028957,Tony Romo,Austin Davis,Jason Garrett,Jeff Fisher,Clete Blakeman,STL00,Edward Jones Dome
2014_05_STL_PHI,2014,REG,5,2014-10-05,Sunday,13:00,STL,28.0,PHI,34.0,Home,6.0,62.0,0.0,2014100507,56239.0,,201410050phi,3143.0,400554205,,14,7,175.0,-195.0,3.5,-102.0,-108.0,48.0,-101.0,-109.0,0,outdoors,grass,59.0,16.0,00-0028957,00-0029567,Austin Davis,Nick Foles,Jeff Fisher,Chip Kelly,Bill Vinovich,PHI00,Lincoln Financial Field
2014_06_SF_STL,2014,REG,6,2014-10-13,Monday,20:30,SF,31.0,STL,17.0,Home,-14.0,48.0,0.0,2014101300,56260.0,,201410130ram,3164.0,400554335,,8,8,-188.0,169.0,-3.5,103.0,-114.0,44.0,-110.0,100.0,1,dome,astroplay,,,00-0027974,00-0028957,Colin Kaepernick,Austin Davis,Jim Harbaugh,Jeff Fisher,Craig Wrolstad,STL00,Edward Jones Dome
2014_07_SEA_STL,2014,REG,7,2014-10-19,Sunday,13:00,SEA,26.0,STL,28.0,Home,2.0,54.0,0.0,2014101907,56269.0,,201410190ram,3173.0,400554257,,7,6,-305.0,269.0,-7.0,100.0,-110.0,43.5,-108.0,-102.0,1,dome,astroplay,,,00-0029263,00-0028957,Russell Wilson,Austin Davis,Pete Carroll,Jeff Fisher,Brad Allen,STL00,Edward Jones Dome
2014_08_STL_KC,2014,REG,8,2014-10-26,Sunday,13:00,STL,7.0,KC,34.0,Home,27.0,41.0,0.0,2014102604,56281.0,,201410260kan,3185.0,400554227,,7,7,293.0,-335.0,7.5,-110.0,100.0,44.5,-103.0,-107.0,0,outdoors,grass,70.0,8.0,00-0028957,00-0023436,Austin Davis,Alex Smith,Jeff Fisher,Andy Reid,Jeff Triplette,KAN00,Arrowhead Stadium
2014_09_STL_SF,2014,REG,9,2014-11-02,Sunday,16:05,STL,13.0,SF,10.0,Home,-3.0,23.0,0.0,2014110207,56299.0,,201411020sfo,3203.0,400554377,,7,14,446.0,-530.0,10.5,-106.0,-104.0,44.0,-102.0,-108.0,1,outdoors,grass,61.0,8.0,00-0028957,00-0027974,Austin Davis,Colin Kaepernick,Jeff Fisher,Jim Harbaugh,Jerome Boger,SFO01,Levi's Stadium
2014_10_STL_ARI,2014,REG,10,2014-11-09,Sunday,16:25,STL,14.0,ARI,31.0,Home,17.0,45.0,0.0,2014110908,56313.0,,201411090crd,3217.0,400554397,,7,7,264.0,-300.0,7.0,100.0,-110.0,43.0,-105.0,-105.0,1,closed,grass,,,00-0028957,00-0021429,Austin Davis,Carson Palmer,Jeff Fisher,Bruce Arians,Ronald Torbert,PHO00,University of Phoenix Stadium
2014_11_DEN_STL,2014,REG,11,2014-11-16,Sunday,13:00,DEN,7.0,STL,22.0,Home,15.0,29.0,0.0,2014111607,56325.0,,201411160ram,3229.0,400554383,,7,7,-355.0,310.0,-8.0,-105.0,-105.0,49.5,-108.0,-102.0,0,dome,astroplay,,,00-0010346,00-0020679,Peyton Manning,Shaun Hill,John Fox,Jeff Fisher,Tony Corrente,STL00,Edward Jones Dome
2014_12_STL_SD,2014,REG,12,2014-11-23,Sunday,16:05,STL,24.0,SD,27.0,Home,3.0,51.0,0.0,2014112308,56340.0,,201411230sdg,3244.0,400554360,,7,7,175.0,-195.0,4.0,-109.0,-101.0,43.5,-102.0,-108.0,0,outdoors,grass,72.0,5.0,00-0020679,00-0022942,Shaun Hill,Philip Rivers,Jeff Fisher,Mike McCoy,Carl Cheffers,SDG00,Qualcomm Stadium
2014_13_OAK_STL,2014,REG,13,2014-11-30,Sunday,13:00,OAK,0.0,STL,52.0,Home,52.0,52.0,0.0,2014113007,56356.0,,201411300ram,3260.0,400554354,,10,7,256.0,-290.0,6.5,102.0,-113.0,43.0,-107.0,-103.0,0,dome,astroplay,,,00-0031280,00-0020679,Derek Carr,Shaun Hill,Tony Sparano,Jeff Fisher,Gene Steratore,STL00,Edward Jones Dome
2014_14_STL_WAS,2014,REG,14,2014-12-07,Sunday,13:00,STL,24.0,WAS,0.0,Home,-24.0,24.0,0.0,2014120708,56371.0,,201412070was,3275.0,400554379,,7,7,-134.0,121.0,-2.5,-105.0,-105.0,44.5,-110.0,100.0,0,outdoors,grass,45.0,8.0,00-0020679,00-0027688,Shaun Hill,Colt McCoy,Jeff Fisher,Jay Gruden,Brad Allen,WAS00,FedExField
2014_15_ARI_STL,2014,REG,15,2014-12-11,Thursday,20:25,ARI,12.0,STL,6.0,Home,-6.0,18.0,0.0,2014121100,56378.0,,201412110ram,3282.0,400554342,,4,4,227.0,-255.0,6.0,-101.0,-109.0,40.5,100.0,-110.0,1,dome,astroplay,,,00-0025430,00-0020679,Drew Stanton,Shaun Hill,Bruce Arians,Jeff Fisher,Walt Coleman,STL00,Edward Jones Dome
2014_16_NYG_STL,2014,REG,16,2014-12-21,Sunday,16:05,NYG,37.0,STL,27.0,Home,-10.0,64.0,0.0,2014122108,56405.0,,201412210ram,3309.0,400554439,,7,10,256.0,-290.0,7.0,-115.0,104.0,43.5,100.0,-110.0,0,dome,astroplay,,,00-0022803,00-0020679,Eli Manning,Shaun Hill,Tom Coughlin,Jeff Fisher,Peter Morelli,STL00,Edward Jones Dome
2014_17_STL_SEA,2014,REG,17,2014-12-28,Sunday,16:25,STL,6.0,SEA,20.0,Home,14.0,26.0,0.0,2014122815,56425.0,,201412280sea,3329.0,400554448,,7,7,446.0,-530.0,11.0,-110.0,100.0,41.5,103.0,-114.0,1,outdoors,fieldturf,43.0,5.0,00-0020679,00-0029263,Shaun Hill,Russell Wilson,Jeff Fisher,Pete Carroll,Ronald Torbert,SEA00,CenturyLink Field
2015_01_SEA_STL,2015,REG,1,2015-09-13,Sunday,13:00,SEA,31.0,STL,34.0,Home,3.0,65.0,1.0,2015091301,56509.0,,201509130ram,3408.0,400791550,,7,7,-177.0,159.0,-3.5,-101.0,-109.0,41.5,-103.0,-107.0,1,dome,astroplay,,,00-0029263,00-0029567,Russell Wilson,Nick Foles,Pete Carroll,Jeff Fisher,Jeff Triplette,STL00,Edward Jones Dome
2015_02_STL_WAS,2015,REG,2,2015-09-20,Sunday,13:00,STL,10.0,WAS,24.0,Home,14.0,34.0,0.0,2015092005,56529.0,,201509200was,3430.0,400791675,,7,7,-177.0,159.0,-3.0,-120.0,109.0,41.0,-109.0,-101.0,0,outdoors,grass,72.0,9.0,00-0029567,00-0029604,Nick Foles,Kirk Cousins,Jeff Fisher,Jay Gruden,Ed Hochuli,WAS00,FedExField
2015_03_PIT_STL,2015,REG,3,2015-09-27,Sunday,13:00,PIT,12.0,STL,6.0,Home,-6.0,18.0,0.0,2015092705,56544.0,,201509270ram,3440.0,400791594,,7,7,111.0,-123.0,1.5,-102.0,-108.0,48.5,-102.0,-108.0,0,dome,astroplay,,,00-0022924,00-0029567,Ben Roethlisberger,Nick Foles,Mike Tomlin,Jeff Fisher,John Hussey,STL00,Edward Jones Dome
2015_04_STL_ARI,2015,REG,4,2015-10-04,Sunday,16:25,STL,24.0,ARI,22.0,Home,-2.0,46.0,0.0,2015100410,56561.0,,201510040crd,3464.0,400791718,,7,7,252.0,-285.0,7.0,-115.0,104.0,43.5,-110.0,100.0,1,closed,grass,,,00-0029567,00-0021429,Nick Foles,Carson Palmer,Jeff Fisher,Bruce Arians,John Parry,PHO00,University of Phoenix Stadium
2015_05_STL_GB,2015,REG,5,2015-10-11,Sunday,13:00,STL,10.0,GB,24.0,Home,14.0,34.0,0.0,2015101107,56570.0,,201510110gnb,3470.0,400791548,,7,7,322.0,-370.0,8.5,-110.0,100.0,45.0,-110.0,100.0,0,outdoors,grass,67.0,14.0,00-0029567,00-0023459,Nick Foles,Aaron Rodgers,Jeff Fisher,Mike McCarthy,Brad Allen,GNB00,Lambeau Field
2015_07_CLE_STL,2015,REG,7,2015-10-25,Sunday,13:00,CLE,6.0,STL,24.0,Home,18.0,30.0,0.0,2015102501,56601.0,,201510250ram,3499.0,400791529,,7,14,244.0,-276.0,6.5,102.0,-113.0,43.5,-107.0,-103.0,0,dome,astroplay,,,00-0021206,00-0029567,Josh McCown,Nick Foles,Mike Pettine,Jeff Fisher,Peter Morelli,STL00,Edward Jones Dome
2015_08_SF_STL,2015,REG,8,2015-11-01,Sunday,13:00,SF,6.0,STL,27.0,Home,21.0,33.0,0.0,2015110107,56617.0,,201511010ram,3514.0,400791613,,10,7,346.0,-400.0,8.0,100.0,-110.0,41.0,-104.0,-106.0,1,dome,astroplay,,,00-0027974,00-0029567,Colin Kaepernick,Nick Foles,Jim Tomsula,Jeff Fisher,Jerome Boger,STL00,Edward Jones Dome
2015_09_STL_MIN,2015,REG,9,2015-11-08,Sunday,13:00,STL,18.0,MIN,21.0,Home,3.0,39.0,1.0,2015110800,56625.0,,201511080min,3526.0,400791727,,7,7,111.0,-123.0,2.0,-107.0,-103.0,40.0,-109.0,-101.0,0,outdoors,fieldturf,51.0,14.0,00-0029567,00-0031237,Nick Foles,Teddy Bridgewater,Jeff Fisher,Mike Zimmer,Ron Torbert,MIN98,TCF Bank Stadium
2015_10_CHI_STL,2015,REG,10,2015-11-15,Sunday,13:00,CHI,37.0,STL,13.0,Home,-24.0,50.0,0.0,2015111504,56640.0,,201511150ram,3539.0,400791543,,6,7,324.0,-373.0,7.5,-102.0,-108.0,42.0,-110.0,100.0,0,dome,astroplay,,,00-0024226,00-0029567,Jay Cutler,Nick Foles,John Fox,Jeff Fisher,Jeff Triplette,STL00,Edward Jones Dome
2015_11_STL_BAL,2015,REG,11,2015-11-22,Sunday,13:00,STL,13.0,BAL,16.0,Home,3.0,29.0,0.0,2015112208,56651.0,,201511220rav,3557.0,400791679,,7,7,135.0,-149.0,3.0,-110.0,100.0,41.0,-107.0,-103.0,0,outdoors,sportturf,47.0,14.0,00-0028986,00-0026158,Case Keenum,Joe Flacco,Jeff Fisher,John Harbaugh,Tony Corrente,BAL00,M&T Bank Stadium
2015_12_STL_CIN,2015,REG,12,2015-11-29,Sunday,13:00,STL,7.0,CIN,31.0,Home,24.0,38.0,0.0,2015112902,56667.0,,201511290cin,3577.0,400791516,,7,7,361.0,-420.0,10.5,-125.0,113.0,42.0,-102.0,-108.0,0,outdoors,fieldturf,41.0,8.0,00-0029567,00-0027973,Nick Foles,Andy Dalton,Jeff Fisher,Marvin Lewis,Craig Wrolstad,CIN00,Paul Brown Stadium
2015_13_ARI_STL,2015,REG,13,2015-12-06,Sunday,13:00,ARI,27.0,STL,3.0,Home,-24.0,30.0,0.0,2015120609,56687.0,,201512060ram,3584.0,400791576,,7,7,-180.0,162.0,-3.5,100.0,-110.0,43.0,-105.0,-105.0,1,dome,astroplay,,,00-0021429,00-0029567,Carson Palmer,Nick Foles,Bruce Arians,Jeff Fisher,Bill Vinovich,STL00,Edward Jones Dome
2015_14_DET_STL,2015,REG,14,2015-12-13,Sunday,13:00,DET,14.0,STL,21.0,Home,7.0,35.0,0.0,2015121309,56705.0,,201512130ram,3602.0,400791534,,10,7,-155.0,140.0,-3.0,-105.0,-105.0,41.5,-104.0,-106.0,0,dome,astroplay,,,00-0026498,00-0028986,Matthew Stafford,Case Keenum,Jim Caldwell,Jeff Fisher,Walt Anderson,STL00,Edward Jones Dome
2015_15_TB_STL,2015,REG,15,2015-12-17,Thursday,20:25,TB,23.0,STL,31.0,Home,8.0,54.0,0.0,2015121700,56711.0,,201512170ram,3614.0,400791650,,4,4,-105.0,-105.0,1.0,-113.0,102.0,41.0,-106.0,-104.0,0,dome,astroplay,,,00-0031503,00-0028986,Jameis Winston,Case Keenum,Lovie Smith,Jeff Fisher,Jerome Boger,STL00,Edward Jones Dome
2015_16_STL_SEA,2015,REG,16,2015-12-27,Sunday,16:25,STL,23.0,SEA,17.0,Home,-6.0,40.0,0.0,2015122711,56740.0,,201512270sea,3642.0,400791569,,10,7,480.0,-575.0,11.0,-110.0,100.0,42.0,100.0,-110.0,1,outdoors,fieldturf,37.0,0.0,00-0028986,00-0029263,Case Keenum,Russell Wilson,Jeff Fisher,Pete Carroll,John Hussey,SEA00,CenturyLink Field
2015_17_STL_SF,2015,REG,17,2016-01-03,Sunday,16:25,STL,16.0,SF,19.0,Home,3.0,35.0,1.0,2016010315,56758.0,,201601030sfo,3659.0,400791691,,7,7,-162.0,146.0,-3.0,-115.0,104.0,39.0,-110.0,100.0,1,outdoors,grass,53.0,6.0,00-0028986,00-0027948,Case Keenum,Blaine Gabbert,Jeff Fisher,Jim Tomsula,Walt Coleman,SFO01,Levi's Stadium
