date,NASDAQCOM,UMCSENT,NASDAQCOM_yoy_change,UMCSENT_yoy_change,yoy_change_diff
1971-02-01,100.0,78.1,,,
1971-05-01,111.35,80.2,,,
1971-08-01,105.59,82.1,,,
1971-11-01,103.69,82.0,,,
1972-02-01,119.58,92.8,,,
1972-05-01,130.16,88.6,,,
1972-08-01,128.45,95.2,,,
1972-11-01,131.59,90.7,,,
1973-02-01,126.94,81.9,,,
1973-05-01,107.96,77.0,,,
1973-08-01,107.13,72.0,,,
1973-11-01,109.62,76.5,,,
1974-02-01,94.15,61.8,-5.85,-20.87067861715749,15.020678617157492
1974-05-01,87.63,72.1,-21.302200269420744,-10.099750623441405,-11.202449645979339
1974-08-01,69.63,64.4,-34.056255327209016,-21.559074299634585,-12.497181027574431
1974-11-01,65.06,59.5,-37.25528016202141,-27.439024390243905,-9.816255771777502
1975-02-01,70.73,57.6,-40.85131292858337,-37.93103448275862,-2.9202784458247493
1975-05-01,79.27,72.8,-39.0980331899201,-17.83295711060948,-21.26507607931062
1975-08-01,81.62,75.7,-36.457765667574925,-20.483193277310917,-15.974572390264008
1975-11-01,76.62,75.6,-41.77369100995516,-16.648291069459763,-25.125399940495395
1976-02-01,87.28,84.6,-31.24310697967544,3.296703296703285,-34.539810276378724
1976-05-01,89.05,83.3,-17.515746572804737,8.18181818181818,-25.697564754622917
1976-08-01,91.27,89.7,-14.804443199850647,24.583333333333336,-39.38777653318398
1976-11-01,90.39,87.0,-17.542419266557197,13.725490196078427,-31.26790946263562
1977-02-01,96.3,87.1,2.2835900159320133,40.93851132686084,-38.65492131092883
1977-05-01,95.83,90.2,9.357525961428736,25.104022191400844,-15.746496229972108
1977-08-01,100.76,89.0,44.707740916271746,38.198757763975145,6.508983152296601
1977-11-01,96.74,84.4,48.69351367968029,41.84873949579833,6.84477418388196
1978-01-01,104.0,83.7,47.03803195249541,45.3125,1.725531952495409
1978-02-01,101.54,84.3,28.09385644001514,15.796703296703306,12.297153143311835
1978-03-01,101.47,78.8,24.320019603038467,4.095112285336855,20.224907317701614
1978-04-01,105.89,81.6,38.20151396502218,7.9365079365079305,30.26500602851425
1978-05-01,115.96,82.9,32.85976168652611,-2.0094562647754,34.869217951301515
1978-06-01,120.34,80.0,35.137563166760266,-3.961584633853543,39.09914780061381
1978-07-01,120.15,82.4,31.642379752383043,-8.138238573021184,39.78061832540423
1978-08-01,126.81,78.4,40.29206770660472,-9.885057471264357,50.17712517786907
1978-09-01,135.35,80.4,40.55036344755971,-7.692307692307676,48.24267113986738
1978-10-01,133.3,79.3,39.10049045184181,-12.084257206208427,51.184747658050235
1978-11-01,114.65,75.0,13.78523223501389,-15.73033707865169,29.51556931366558
1978-12-01,116.19,66.1,20.105437254496582,-21.682464454976312,41.78790170947289
1979-01-01,117.84,72.1,13.30769230769231,-13.85902031063322,27.16671261832553
1979-02-01,125.76,73.9,23.852668898956075,-12.336892052194537,36.18956095115061
1979-03-01,123.33,68.4,21.54331329456982,-13.197969543147202,34.74128283771702
1979-04-01,131.36,66.0,24.053262819907474,-19.11764705882353,43.170909878731
1979-05-01,133.79,68.1,15.37599172128321,-17.852834740651403,33.22882646193462
1979-06-01,131.76,65.8,9.489778959614426,-17.75,27.239778959614426
1979-07-01,137.03,60.4,14.049105285060337,-26.699029126213603,40.74813441127394
1979-08-01,141.9,64.5,11.899692453276556,-17.729591836734706,29.629284290011263
1979-09-01,148.49,66.7,9.708164019209464,-17.03980099502488,26.747965014234346
1979-10-01,149.59,62.1,12.220555138784682,-21.689785624211844,33.910340762996526
1979-11-01,136.42,63.3,18.98822503270823,-15.600000000000003,34.58822503270823
1979-12-01,143.86,61.0,23.814441862466662,-7.715582450832059,31.53002431329872
1980-01-01,148.17,67.0,25.738289205702625,-7.073509015256585,32.81179822095921
1980-02-01,162.3,66.9,29.05534351145038,-9.472259810554807,38.52760332200519
1980-03-01,156.87,56.5,27.195329603502792,-17.397660818713454,44.592990422216246
1980-04-01,133.14,52.7,1.3550548112058358,-20.15151515151514,21.506569962720977
1980-05-01,139.68,51.7,4.402421705658122,-24.08223201174742,28.48465371740554
1980-06-01,150.17,58.7,13.972374013357625,-10.790273556231,24.762647569588623
1980-07-01,158.17,62.3,15.427278698095304,3.14569536423841,12.281583333856894
1980-08-01,172.49,67.3,21.557434813248765,4.341085271317824,17.216349541930942
1980-09-01,182.34,73.7,22.79614788874671,10.494752623688154,12.301395265058556
1980-10-01,189.62,75.0,26.75981014773714,20.772946859903385,5.986863287833756
1980-11-01,193.15,76.7,41.58481161120071,21.169036334913116,20.415775276287597
1980-12-01,204.91,64.5,42.4370916168497,5.737704918032782,36.699386698816916
1981-01-01,203.55,71.4,37.375987041911344,6.567164179104479,30.808822862806863
1981-02-01,193.09,66.9,18.971041281577318,0.0,18.971041281577318
1981-03-01,199.06,66.5,26.89488111174858,17.699115044247794,9.195766067500788
1981-04-01,211.34,72.4,58.73516599068651,37.38140417457305,21.35376181611346
1981-05-01,216.68,76.3,55.12600229095075,47.58220502901354,7.543797261937215
1981-06-01,223.02,73.1,48.511686755011006,24.531516183986348,23.980170571024658
1981-07-01,214.63,74.1,35.695770373648614,18.9406099518459,16.755160421802714
1981-08-01,210.4,77.2,21.978085686126736,14.710252600297192,7.267833085829544
1981-09-01,195.17,73.1,7.036305802347265,-0.8141112618724633,7.850417064219728
1981-10-01,181.09,70.3,-4.498470625461448,-6.266666666666676,1.7681960412052282
1981-11-01,197.25,62.5,2.1227025627750473,-18.513689700130374,20.63639226290542
1981-12-01,201.13,64.3,-1.8447123127226628,-0.31007751937984773,-1.534634793342815
1982-01-01,195.53,71.0,-3.940063866371901,-0.5602240896358635,-3.3798397767360377
1982-02-01,186.82,66.5,-3.2471904293334797,-0.5979073243647326,-2.649283104968747
1982-03-01,180.13,62.0,-9.509695569175125,-6.766917293233088,-2.7427782759420376
1982-04-01,177.31,65.5,-16.102015709283624,-9.530386740331497,-6.571628968952126
1982-05-01,184.97,67.5,-14.634484031751892,-11.533420707732633,-3.1010633240192593
1982-06-01,177.36,65.7,-20.473500134517085,-10.123119015047866,-10.350381119469219
1982-07-01,170.6,65.4,-20.514373573125845,-11.740890688259098,-8.773482884866747
1982-08-01,168.37,65.4,-19.97623574144487,-15.284974093264248,-4.691261648180623
1982-09-01,177.3,69.3,-9.156120305374793,-5.198358413132686,-3.9577618922421074
1982-10-01,188.7,73.4,4.202330332983584,4.409672830725464,-0.2073424977418803
1982-11-01,214.52,72.1,8.755386565272506,15.359999999999996,-6.60461343472749
1982-12-01,235.59,71.9,17.133197434495106,11.81959564541215,5.313601789082956
1983-01-01,230.59,70.4,17.930752314222875,-0.845070422535199,18.775822736758073
1983-02-01,248.15,74.6,32.828390964564825,12.180451127819536,20.647939836745287
1983-03-01,261.82,80.8,45.35058013656803,30.32258064516129,15.027999491406739
1983-04-01,268.73,89.1,51.55941571259377,36.03053435114503,15.52888136144874
1983-05-01,290.54,93.3,57.07412012758828,38.22222222222222,18.85189790536606
1983-06-01,307.95,92.2,73.62990527740187,40.334855403348556,33.29504987405332
1983-07-01,321.58,92.8,88.49941383352873,41.89602446483178,46.60338936869695
1983-08-01,302.08,90.9,79.4143849854487,38.99082568807339,40.42355929737531
1983-09-01,294.55,89.9,66.13085166384658,29.725829725829733,36.40502193801685
1983-10-01,294.64,89.3,56.1420243773185,21.662125340599438,34.47989903671906
1983-11-01,273.04,91.1,27.27950773820622,26.352288488210828,0.9272192499953924
1983-12-01,286.07,94.2,21.427055477736733,31.01529902642559,-9.588243548688858
1984-01-01,277.63,100.1,20.399843878745827,42.18749999999998,-21.78765612125415
1984-02-01,266.43,97.4,7.366512190207541,30.56300268096517,-23.19649049075763
1984-03-01,253.5,101.0,-3.1777557100297837,25.0,-28.177755710029786
1984-04-01,249.8,96.1,-7.044245153127681,7.856341189674532,-14.900586342802214
1984-05-01,250.26,98.1,-13.863839746678607,5.144694533762051,-19.008534280440657
1984-06-01,235.9,95.5,-23.396655301185255,3.579175704989157,-26.975831006174413
1984-07-01,237.91,96.6,-26.018409105043837,4.094827586206895,-30.113236691250734
1984-08-01,233.35,99.1,-22.752251059322028,9.020902090209004,-31.773153149531034
1984-09-01,251.39,100.9,-14.652860295365821,12.23581757508343,-26.88867787044925
1984-10-01,247.86,96.3,-15.877002443660048,7.838745800671898,-23.715748244331948
1984-11-01,247.97,95.7,-9.181804863756238,5.049396267837558,-14.231201131593796
1984-12-01,240.9,92.9,-15.789841647149295,-1.3800424628450103,-14.409799184304285
1985-01-01,245.91,96.0,-11.425278248027947,-4.095904095904091,-7.329374152123856
1985-02-01,278.43,93.7,4.503997297601625,-3.7987679671457886,8.302765264747414
1985-03-01,287.16,93.7,13.278106508875753,-7.2277227722772235,20.505829281152977
1985-04-01,280.32,94.6,12.217774219375489,-1.5608740894901163,13.778648308865606
1985-05-01,279.63,91.8,11.735794773435625,-6.422018348623848,18.157813122059473
1985-06-01,290.59,96.5,23.183552352691805,1.0471204188481575,22.136431933843646
1985-07-01,296.48,94.0,24.618553234416396,-2.6915113871635588,27.310064621579954
1985-08-01,304.01,92.4,30.28069423612598,-6.760847628657906,37.04154186478389
1985-09-01,296.56,92.1,17.96809737857512,-8.72150644202181,26.68960382059693
1985-10-01,281.77,88.4,13.68111030420398,-8.203530633437161,21.88464093764114
1985-11-01,294.11,90.9,18.607089567286362,-5.015673981191215,23.62276354847758
1985-12-01,312.95,93.9,29.908675799086758,1.0764262648008671,28.832249534285893
1986-01-01,324.99,95.6,32.158106624374774,-0.4166666666666763,32.57477329104145
1986-02-01,337.5,95.9,21.215386273030923,2.347918890074707,18.867467382956214
1986-03-01,359.78,95.1,25.289037470399766,1.4941302027748016,23.794907267624964
1986-04-01,374.15,96.2,33.47246004566209,1.6913319238900826,31.781128121772007
1986-05-01,381.67,94.8,36.491077495261614,3.267973856209161,33.223103639052454
1986-06-01,399.35,99.3,37.42730307305828,2.901554404145079,34.5257486689132
1986-07-01,407.61,97.7,37.483135456017266,3.936170212765955,33.54696524325131
1986-08-01,370.66,94.9,21.92362093352194,2.7056277056277,19.21799322789424
1986-09-01,380.14,91.9,28.183166981386563,-0.21715526601518986,28.400322247401753
1986-10-01,352.34,95.6,25.04524967171806,8.14479638009049,16.90045329162757
1986-11-01,361.14,91.4,22.790792560606565,0.5500550055005604,22.240737555106005
1986-12-01,357.87,89.1,14.353730627895844,-5.111821086261992,19.465551714157836
1987-01-01,353.26,90.4,8.698729191667432,-5.439330543933041,14.138059735600473
1987-02-01,397.18,90.2,17.682962962962968,-5.943691345151203,23.62665430811417
1987-03-01,423.91,90.8,17.824781811106803,-4.5215562565720235,22.346338067678825
1987-04-01,428.34,92.8,14.483495924094614,-3.53430353430354,18.017799458398155
1987-05-01,418.44,91.1,9.633976995834082,-3.9029535864978926,13.536930582331975
1987-06-01,415.01,91.5,3.921372229873543,-7.85498489425982,11.776357124133362
1987-07-01,424.46,93.7,4.133853438335655,-4.094165813715456,8.228019252051112
1987-08-01,433.13,94.4,16.85372039065449,-0.5268703898840932,17.380590780538583
1987-09-01,452.5,93.6,19.035092334403124,1.8498367791077053,17.18525555529542
1987-10-01,448.45,89.3,27.277629562354555,-6.589958158995812,33.86758772135037
1987-11-01,328.33,83.1,-9.085119344298608,-9.08096280087528,-0.004156543423327719
1987-12-01,305.24,86.8,-14.706457652220074,-2.581369248035914,-12.12508840418416
1988-01-01,338.48,90.8,-4.183887221876226,0.4424778761061843,-4.6263650979824105
1988-02-01,346.2,91.6,-12.83549020595196,1.552106430155198,-14.387596636107158
1988-03-01,367.32,94.6,-13.349531740227881,4.185022026431717,-17.5345537666596
1988-04-01,371.89,91.2,-13.178783209599853,-1.724137931034475,-11.454645278565378
1988-05-01,379.74,94.8,-9.248637797533698,4.061470911086729,-13.310108708620426
1988-06-01,374.81,94.7,-9.686513577986066,3.49726775956285,-13.183781337548915
1988-07-01,394.69,93.4,-7.013617301983688,-0.32017075773745907,-6.693446544246228
1988-08-01,388.0,97.4,-10.419504536744162,3.177966101694918,-13.59747063843908
1988-09-01,372.96,97.3,-17.57790055248619,3.952991452991461,-21.530892005477654
1988-10-01,384.48,94.1,-14.264689486007354,5.375139977603571,-19.639829463610926
1988-11-01,382.35,93.0,16.452958913288462,11.913357400722035,4.539601512566428
1988-12-01,373.87,91.9,22.483947058052678,5.87557603686637,16.608371021186308
1989-01-01,378.56,97.9,11.841172299692747,7.819383259911894,4.021789039780853
1989-02-01,403.23,95.4,16.47313691507799,4.148471615720539,12.324665299357452
1989-03-01,399.8,94.3,8.842426222367417,-0.3171247357293794,9.159550958096796
1989-04-01,407.65,91.5,9.61574659173412,0.3289473684210398,9.286799223313078
1989-05-01,427.47,90.7,12.5691262442724,-4.32489451476793,16.89402075904033
1989-06-01,448.32,90.6,19.612603719217738,-4.329461457233375,23.942065176451113
1989-07-01,436.0,92.0,10.466442017786104,-1.4989293361884481,11.965371353974552
1989-08-01,453.29,89.6,16.827319587628864,-8.00821355236141,24.835533139990275
1989-09-01,471.34,95.8,26.378163878163875,-1.541623843782114,27.919787721945987
1989-10-01,475.19,93.9,23.592904702455254,-0.2125398512220933,23.805444553677347
1989-11-01,456.64,90.9,19.42984176801359,-2.2580645161290214,21.68790628414261
1989-12-01,457.1,90.5,22.261748736191734,-1.5233949945593128,23.785143730751045
1990-01-01,459.33,93.0,21.33611580726964,-5.005107252298268,26.34122305956791
1990-02-01,417.76,89.5,3.6034025246137302,-6.184486373165621,9.78788889777935
1990-03-01,427.21,91.3,6.855927963981978,-3.181336161187698,10.037264125169676
1990-04-01,433.18,93.9,6.262725377161793,2.622950819672143,3.63977455748965
1990-05-01,421.85,90.6,-1.3147121435422404,-0.11025358324145973,-1.2044585603007807
1990-06-01,462.13,88.3,3.080389007851525,-2.5386313465783683,5.619020354429893
1990-07-01,462.04,88.2,5.972477064220194,-4.130434782608694,10.102911846828889
1990-08-01,435.91,76.4,-3.834190032870788,-14.732142857142849,10.89795282427206
1990-09-01,381.67,72.8,-19.024483387788006,-24.00835073068893,4.9838673429009255
1990-10-01,354.65,63.9,-25.366695427092324,-31.948881789137385,6.582186362045061
1990-11-01,330.6,66.0,-27.601611772950243,-27.392739273927404,-0.20887249902283855
1990-12-01,361.32,65.5,-20.953839422445864,-27.62430939226519,6.670469969819326
1991-01-01,372.19,66.8,-18.971110095138567,-28.172043010752688,9.200932915614121
1991-02-01,417.69,70.4,-0.01675603217158317,-21.340782122905022,21.32402609073344
1991-03-01,456.73,87.7,6.909950609770377,-3.943044906900317,10.852995516670694
1991-04-01,480.86,81.8,11.006971697677637,-12.886048988285415,23.89302068596305
1991-05-01,487.85,78.3,15.645371577574974,-13.576158940397354,29.221530517972326
1991-06-01,507.1,82.1,9.731028065695813,-7.021517553793888,16.752545619489702
1991-07-01,481.31,82.9,4.17063457709288,-6.00907029478458,10.17970487187746
1991-08-01,504.15,82.0,15.654607602486736,7.329842931937169,8.324764670549566
1991-09-01,520.91,83.0,36.48177745172529,14.010989010989006,22.470788440736285
1991-10-01,528.51,78.3,49.02298040321445,22.535211267605625,26.487769135608822
1991-11-01,540.93,69.1,63.62068965517238,4.696969696969688,58.92371995820269
1991-12-01,530.91,68.2,46.936233809365646,4.122137404580162,42.81409640478549
1992-01-01,586.45,67.5,57.567371503801844,1.0479041916167775,56.519467312185064
1992-02-01,623.43,68.8,49.256625727213944,-2.272727272727282,51.529352999941224
1992-03-01,635.47,76.0,39.13471854268386,-13.34093500570126,52.475653548385125
1992-04-01,602.09,77.2,25.211080148068056,-5.623471882640585,30.834552030708643
1992-05-01,578.14,79.2,18.507738034231824,1.1494252873563315,17.35831274687549
1992-06-01,588.37,80.4,16.026424768290283,-2.0706455542021773,18.09707032249246
1992-07-01,568.99,76.6,18.2169495751179,-7.599517490952968,25.81646706607087
1992-08-01,582.36,76.1,15.513240107110992,-7.195121951219519,22.70836205833051
1992-09-01,565.61,75.6,8.581136856654714,-8.915662650602417,17.49679950725713
1992-10-01,578.33,73.3,9.426500917674229,-6.38569604086846,15.812196958542689
1992-11-01,607.57,85.3,12.319523783114295,23.444283646888575,-11.12475986377428
1992-12-01,653.95,91.0,23.175302782015805,33.43108504398826,-10.255782261972456
1993-01-01,671.8,89.3,14.553670389632511,32.29629629629629,-17.74262590666378
1993-02-01,701.77,86.6,12.56596570585311,25.872093023255815,-13.306127317402705
1993-03-01,669.51,85.9,5.356665145482875,13.026315789473685,-7.66965064399081
1993-04-01,686.64,85.6,14.042751083725014,10.880829015544036,3.161922068180978
1993-05-01,666.71,80.3,15.31981872902759,1.388888888888884,13.930929840138706
1993-06-01,704.28,81.5,19.70018865679759,1.3681592039801016,18.332029452817487
1993-07-01,703.59,77.0,23.655951774196392,0.5221932114882533,23.133758562708138
1993-08-01,707.66,77.3,21.515900817363832,1.5768725361366753,19.939028281227156
1993-09-01,746.15,77.9,31.919520517671174,3.0423280423280685,28.877192475343104
1993-10-01,763.23,82.7,31.97136582919786,12.824010914051854,19.147354915146007
1993-11-01,783.77,81.2,29.000773573415394,-4.806565064478308,33.8073386378937
1993-12-01,763.81,88.2,16.79944949919716,-3.076923076923077,19.876372576120236
1994-01-01,770.76,94.3,14.730574575766608,5.599104143337064,9.131470432429545
1994-02-01,797.24,93.2,13.604172307166174,7.621247113163987,5.982925194002187
1994-03-01,788.64,91.5,17.79361025227406,6.519208381839348,11.274401870434712
1994-04-01,727.41,92.6,5.937609227542806,8.177570093457941,-2.239960865915135
1994-05-01,740.68,92.8,11.094778839375419,15.566625155666248,-4.471846316290829
1994-06-01,735.52,91.2,4.435735786902928,11.901840490797543,-7.466104703894615
1994-07-01,706.85,89.0,0.4633380235648632,15.58441558441559,-15.121077560850726
1994-08-01,724.85,91.7,2.4291326343159225,18.62871927554981,-16.199586641233886
1994-09-01,758.95,91.5,1.715472760168879,17.458279845956337,-15.742807085787458
1994-10-01,760.88,92.7,-0.30790194305779783,12.091898428053206,-12.399800371111004
1994-11-01,772.19,91.6,-1.477474259030065,12.807881773399,-14.285356032429064
1994-12-01,741.2,95.1,-2.9601602492766443,7.823129251700678,-10.783289500977322
1995-01-01,743.58,97.6,-3.5263895375992504,3.499469777306463,-7.025859314905714
1995-02-01,758.31,95.1,-4.883096683558286,2.0386266094420513,-6.921723293000337
1995-03-01,791.87,90.3,0.40956583485494136,-1.3114754098360715,1.7210412446910128
1995-04-01,818.05,92.5,12.460648052680057,-0.10799136069113979,12.568639413371196
1995-05-01,841.63,89.8,13.629367608143884,-3.2327586206896575,16.862126228833542
1995-06-01,868.82,92.7,18.123232542962818,1.6447368421052655,16.47849570085755
1995-07-01,934.53,94.4,32.21051142392304,6.067415730337089,26.14309569358595
1995-08-01,991.11,96.2,36.73311719666137,4.907306434023995,31.825810762637374
1995-09-01,1019.47,88.9,34.32637196126227,-2.841530054644803,37.167902015907075
1995-10-01,1027.57,90.2,35.05020502575964,-2.696871628910469,37.74707665467011
1995-11-01,1040.5,88.2,34.746629715484524,-3.7117903930130924,38.45842010849761
1995-12-01,1055.31,91.0,42.37857528332432,-4.311251314405884,46.6898265977302
1996-01-01,1058.65,89.3,42.37203797842868,-8.504098360655732,50.87613633908441
1996-02-01,1069.46,88.5,41.03203175482324,-6.9400630914826404,47.97209484630588
1996-03-01,1086.08,93.7,37.15382575422732,3.7652270210409844,33.388598733186335
1996-04-01,1106.57,92.7,35.269237821649035,0.216216216216214,35.05302160543282
1996-05-01,1199.66,89.4,42.54007105260031,-0.44543429844097204,42.98550535104128
1996-06-01,1238.73,92.4,42.57613775005178,-0.3236245954692518,42.89976234552103
1996-07-01,1197.45,94.7,28.133928284806274,0.3177966101694851,27.81613167463679
1996-08-01,1098.85,95.3,10.870639989506703,-0.9355509355509439,11.806190925057647
1996-09-01,1142.29,94.7,12.047436413038138,6.524184476940387,5.5232519360977514
1996-10-01,1221.51,96.5,18.873653376412314,6.984478935698446,11.889174440713868
1996-11-01,1221.78,99.2,17.422393080249886,12.471655328798192,4.950737751451694
1996-12-01,1299.82,96.9,23.169495219414205,6.483516483516483,16.685978735897724
1997-01-01,1280.7,97.4,20.974826429887106,9.070548712206051,11.904277717681055
1997-02-01,1376.05,99.7,28.667738858863334,12.655367231638426,16.01237162722491
1997-03-01,1311.18,100.0,20.725913376546856,6.7235859124866515,14.002327464060205
1997-04-01,1216.93,101.4,9.973160306171325,9.385113268608425,0.5880470375628999
1997-05-01,1270.5,103.2,5.905006418485237,15.436241610738243,-9.531235192253007
1997-06-01,1404.79,104.5,13.405665479967377,13.095238095238093,0.3104273847292838
1997-07-01,1438.25,107.1,20.109399139838825,13.093980992608234,7.015418147230591
1997-08-01,1594.33,104.4,45.09077672111754,9.548793284365175,35.54198343675237
1997-09-01,1618.09,106.0,41.65317038580396,11.932418162618784,29.720752223185176
1997-10-01,1690.3,105.6,38.37790930897005,9.430051813471497,28.94785749549855
1997-11-01,1629.98,107.2,33.41027026142187,8.064516129032251,25.345754132389622
1997-12-01,1630.72,102.1,25.45737102060286,5.366357069143435,20.091013951459423
1998-01-01,1581.53,106.6,23.48949793081907,9.445585215605746,14.043912715213324
1998-02-01,1652.89,110.4,20.118454998001532,10.732196589769316,9.386258408232216
1998-03-01,1758.54,106.5,34.118885278909076,6.499999999999995,27.618885278909083
1998-04-01,1847.66,108.7,51.82960400351704,7.199211045364895,44.63039295815214
1998-05-01,1873.44,106.5,47.45690672963401,3.197674418604657,44.25923231102935
1998-06-01,1746.82,105.6,24.347411356857606,1.0526315789473717,23.294779777910236
1998-07-01,1914.46,105.2,33.11037719450722,-1.7740429505135324,34.884420145020755
1998-08-01,1851.1,104.4,16.105197794684912,0.0,16.105197794684912
1998-09-01,1575.09,100.9,-2.657454158915762,-4.8113207547169745,2.1538665958012126
1998-10-01,1612.33,97.4,-4.612790628882446,-7.765151515151503,3.152360886269057
1998-11-01,1800.91,102.7,10.486631737812747,-4.197761194029848,14.684392931842595
1998-12-01,2003.75,100.5,22.875171703296694,-1.5670910871694366,24.44226279046613
1999-01-01,2208.05,103.9,39.614803386594,-2.5328330206378924,42.14763640723189
1999-02-01,2510.09,108.1,51.860680384054604,-2.083333333333348,53.94401371738795
1999-03-01,2295.18,105.7,30.516223685557332,-0.7511737089201831,31.267397394477516
1999-04-01,2493.37,104.6,34.947447041122274,-3.771849126034965,38.71929616715724
1999-05-01,2535.58,106.8,35.34353915791271,0.28169014084507005,35.06184901706764
1999-06-01,2412.03,107.3,38.081198978715626,1.6098484848484862,36.47135049386714
1999-07-01,2706.18,106.0,41.354742329429705,0.7604562737642651,40.59428605566544
1999-08-01,2623.63,104.5,41.73356382691373,0.09578544061301653,41.63777838630072
1999-09-01,2750.8,107.2,74.64398859747699,6.243805748265596,68.40018284921139
1999-10-01,2736.85,103.2,69.74502738273183,5.954825462012314,63.79020192071952
1999-11-01,2967.65,107.2,64.7861358979627,4.3816942551119675,60.40444164285073
1999-12-01,3353.71,105.4,67.37167810355584,4.875621890547266,62.49605621300857
2000-01-01,4131.15,112.0,87.0949480310681,7.79595765158807,79.29899037948003
2000-02-01,4051.98,111.3,61.427677892027766,2.9602220166512483,58.467455875376515
2000-03-01,4784.08,107.1,108.44029662161576,1.3245033112582627,107.11579331035749
2000-04-01,4223.68,109.2,69.39643935717525,4.397705544933084,64.99873381224216
2000-05-01,3958.08,110.7,56.10156256162298,3.6516853932584414,52.44987716836454
2000-06-01,3582.5,106.4,48.52634502887607,-0.8387698042870428,49.36511483316311
2000-07-01,3991.93,108.3,47.51162154771671,2.169811320754711,45.341810226962
2000-08-01,3685.52,107.3,40.4740759939473,2.6794258373205704,37.79465015662673
2000-09-01,4234.33,106.8,53.930856478115444,-0.3731343283582156,54.303990806473664
2000-10-01,3568.9,105.8,30.401739225752245,2.519379844961245,27.882359380791
2000-11-01,3333.39,107.6,12.324229609286807,0.3731343283581934,11.951095280928612
2000-12-01,2645.29,98.4,-21.123472214353654,-6.641366223908918,-14.482105990444737
2001-01-01,2291.86,94.7,-44.52246953027606,-15.446428571428573,-29.07604095884749
2001-02-01,2782.79,90.6,-31.322711365801414,-18.59838274932615,-12.724328616475265
2001-03-01,2183.37,91.5,-54.361758164579186,-14.565826330532206,-39.79593183404698
2001-04-01,1782.97,88.4,-57.786337980150016,-19.047619047619047,-38.73871893253097
2001-05-01,2168.24,92.0,-45.21990460021021,-16.892502258355925,-28.32740234185428
2001-06-01,2149.44,92.6,-40.0016748080949,-12.969924812030087,-27.03174999606481
2001-07-01,2148.72,92.4,-46.17340484427332,-14.68144044321329,-31.49196440106003
2001-08-01,2068.38,91.5,-43.8782044324817,-14.725069897483689,-29.153134534998014
2001-09-01,1770.78,81.8,-58.18039689868291,-23.408239700374533,-34.77215719830838
2001-10-01,1480.46,82.7,-58.51775056740172,-21.833648393194704,-36.68410217420701
2001-11-01,1746.3,83.9,-47.61189059785984,-22.026022304832704,-25.585868293027136
2001-12-01,1904.9,88.8,-27.98899175515728,-9.756097560975618,-18.23289419418166
2002-01-01,1979.25,93.0,-13.640012915274058,-1.7951425554382339,-11.844870359835824
2002-02-01,1911.24,90.7,-31.319287477675285,0.11037527593820151,-31.429662753613485
2002-03-01,1802.74,95.7,-17.433142344174367,4.590163934426239,-22.023306278600607
2002-04-01,1862.62,93.0,4.467265293302747,5.203619909502266,-0.7363546161995194
2002-05-01,1677.53,96.9,-22.631719735822596,5.326086956521747,-27.95780669234434
2002-06-01,1562.56,92.4,-27.30385588804526,-0.21598272138227959,-27.08787316666298
2002-07-01,1403.8,88.1,-34.66808146245206,-4.653679653679665,-30.01440180877239
2002-08-01,1280.0,87.6,-38.11582011042459,-4.262295081967215,-33.853525028457376
2002-09-01,1263.84,86.1,-28.62806220987362,5.256723716381417,-33.884785926255034
2002-10-01,1213.72,80.6,-18.01737297866879,-2.539298669891188,-15.4780743087776
2002-11-01,1360.7,84.2,-22.080971196243482,0.35756853396899935,-22.438539730212483
2002-12-01,1484.78,86.7,-22.05470103417503,-2.3648648648648574,-19.689836169310173
2003-01-01,1384.85,82.4,-30.03157761778452,-11.397849462365583,-18.633728155418936
2003-02-01,1335.76,79.9,-30.110294887089005,-11.907386990077173,-18.202907897011833
2003-03-01,1316.85,77.6,-26.952860645461918,-18.913270637408573,-8.039590008053345
2003-04-01,1356.37,86.0,-27.179456894052468,-7.5268817204301115,-19.652575173622356
2003-05-01,1478.85,92.1,-11.843603393083878,-4.953560371517041,-6.890043021566838
2003-06-01,1586.48,89.7,1.5308212164652835,-2.922077922077926,4.452899138543209
2003-07-01,1641.77,90.9,16.951844992164133,3.178206583427934,13.7736384087362
2003-08-01,1714.01,89.3,33.90703125000001,1.9406392694063967,31.966391980593613
2003-09-01,1841.48,87.7,45.705152550955816,1.8583042973286945,43.84684825362712
2003-10-01,1832.25,89.6,50.96150677256699,11.166253101736977,39.795253670830014
2003-11-01,1969.26,93.7,44.72403909752334,11.282660332541571,33.44137876498176
2003-12-01,1989.82,92.6,34.014466789692754,6.805074971164937,27.209391818527816
2004-01-01,1999.77,103.8,44.40336498537749,25.970873786407743,18.43249119896975
2004-02-01,2085.49,94.4,56.12759777205485,18.1476846057572,37.97991316629765
2004-03-01,2057.8,95.8,56.266848919770695,23.453608247422686,32.81324067234801
2004-04-01,2019.09,94.2,48.85982438420196,9.534883720930232,39.324940663271725
2004-05-01,1926.09,90.2,30.2424180951415,-2.062975027144398,32.3053931222859
2004-06-01,1972.71,95.6,24.345091019111486,6.577480490523957,17.76761052858753
2004-07-01,2006.67,96.7,22.226012169792362,6.380638063806376,15.845374105985986
2004-08-01,1893.13,95.9,10.45034743087847,7.3908174692049355,3.059529961673534
2004-09-01,1850.41,94.2,0.48493602971522165,7.411630558722915,-6.926694529007693
2004-10-01,1942.2,91.7,6.000818665575114,2.34375,3.657068665575114
2004-11-01,1979.87,92.8,0.5387810649685632,-0.9605122732123883,1.4992933381809515
2004-12-01,2138.23,97.1,7.458463579620278,4.859611231101502,2.5988523485187764
2005-01-01,2152.15,95.5,7.619876285772875,-7.996146435452789,15.616022721225665
2005-02-01,2068.7,94.1,-0.8050865743781999,-0.31779661016950733,-0.4872899642086925
2005-03-01,2071.25,92.6,0.6536106521527696,-3.3402922755741193,3.993902927726889
2005-04-01,1984.81,87.7,-1.6977945510106007,-6.900212314225051,5.20241776321445
2005-05-01,1928.65,86.9,0.13291175386405119,-3.658536585365846,3.791448339229897
2005-06-01,2087.86,96.0,5.8371478828616485,0.4184100418409997,5.418737841020649
2005-07-01,2057.37,96.5,2.526573876123117,-0.20682523267838704,2.733399108801504
2005-08-01,2195.38,89.1,15.965623068674617,-7.090719499478637,23.056342568153255
2005-09-01,2147.9,76.9,16.076977534708515,-18.365180467091292,34.44215800179981
2005-10-01,2155.43,74.2,10.97878694264236,-19.083969465648853,30.062756408291214
2005-11-01,2114.5,81.6,6.79994141029463,-12.06896551724138,18.86890692753601
2005-12-01,2267.17,91.5,6.030221257769286,-5.767250257466527,11.797471515235813
2006-01-01,2243.74,91.2,4.255744255744243,-4.502617801047116,8.75836205679136
2006-02-01,2310.56,86.7,11.69140039638421,-7.863974495217841,19.55537489160205
2006-03-01,2314.64,88.9,11.750875075437527,-3.995680345572339,15.746555421009866
2006-04-01,2336.74,87.4,17.731168222651018,-0.34207525655644,18.07324347920746
2006-05-01,2304.79,79.1,19.50276099862598,-8.975834292289997,28.478595290915976
2006-06-01,2219.86,84.9,6.322262986981886,-11.562499999999998,17.884762986981883
2006-07-01,2190.43,84.7,6.467480326825026,-12.2279792746114,18.695459601436426
2006-08-01,2061.99,82.0,-6.075941294901122,-7.968574635241299,1.8926333403401774
2006-09-01,2193.16,85.4,2.1071744494622457,11.05331599479844,-8.946141545336195
2006-10-01,2237.6,93.6,3.8122323619880882,26.145552560646877,-22.33332019865879
2006-11-01,2334.35,92.1,10.397257034759978,12.867647058823529,-2.4703900240635512
2006-12-01,2413.21,91.7,6.44151078216455,0.21857923497268228,6.222931547191868
2007-01-01,2423.16,96.9,7.996470179254289,6.25,1.7464701792542892
2007-02-01,2468.38,91.3,6.8303787826327955,5.305651672433664,1.524727110199131
2007-03-01,2404.21,88.4,3.869716240970522,-0.5624296962879693,4.4321459372584915
2007-04-01,2422.26,87.1,3.659799549800158,-0.3432494279176357,4.0030489777177936
2007-05-01,2531.53,88.3,9.837772638721987,11.63084702907713,-1.7930743903551427
2007-06-01,2613.92,85.3,17.751569918823694,0.4711425206124664,17.280427398211227
2007-07-01,2632.3,90.4,20.172751468889683,6.729634002361284,13.443117466528399
2007-08-01,2553.87,83.4,23.8546258711245,1.7073170731707332,22.14730879795377
2007-09-01,2630.24,83.4,19.929234529172525,-2.3419203747072626,22.27115490387979
2007-10-01,2740.99,80.9,22.496871648194492,-13.568376068376054,36.065247716570546
2007-11-01,2794.83,76.1,19.726262128643945,-17.372421281216067,37.098683409860016
2007-12-01,2637.13,75.5,9.278927237994218,-17.666303162486376,26.945230400480593
2008-01-01,2609.63,78.4,7.695323461925763,-19.091847265221872,26.787170727147636
2008-02-01,2413.36,70.8,-2.2289922945413543,-22.453450164293542,20.22445786975219
2008-03-01,2258.6,69.5,-6.056459294321215,-21.38009049773756,15.323631203416344
2008-04-01,2362.75,62.6,-2.456796545374984,-28.128587830080363,25.671791284705378
2008-05-01,2480.71,59.8,-2.0074816415369456,-32.276330690826725,30.26884904928978
2008-06-01,2491.53,56.4,-4.682239701291547,-33.88042203985931,29.198182338567765
2008-07-01,2304.97,61.2,-12.435132773620039,-32.30088495575222,19.865752182132177
2008-08-01,2310.96,63.0,-9.511447332871281,-24.460431654676263,14.948984321804982
2008-09-01,2349.24,70.3,-10.683435732100499,-15.707434052757808,5.023998320657309
2008-10-01,2069.4,57.6,-24.50173112634485,-28.80098887515451,4.299257748809659
2008-11-01,1726.33,55.3,-38.231305660809426,-27.33245729303547,-10.898848367773954
2008-12-01,1398.07,60.1,-46.98516948349153,-20.397350993377483,-26.58781849011405
2009-01-01,1632.21,61.2,-37.454351766342356,-21.938775510204078,-15.515576256138278
2009-02-01,1494.43,56.3,-38.0767892067491,-20.48022598870056,-17.596563218048537
2009-03-01,1322.85,57.3,-41.430532188081116,-17.55395683453238,-23.876575353548738
2009-04-01,1551.6,65.1,-34.33075864987833,3.9936102236421522,-38.32436887352048
2009-05-01,1719.2,68.7,-30.69726005861225,14.88294314381271,-45.58020320242496
2009-06-01,1828.68,70.8,-26.604134808731985,25.531914893617014,-52.136049702349
2009-07-01,1845.72,66.0,-19.924337410031356,7.843137254901955,-27.76747466493331
2009-08-01,2008.61,65.7,-13.083307370097286,4.285714285714293,-17.36902165581158
2009-09-01,1968.89,73.5,-16.19034240860873,4.551920341394022,-20.74226275000275
2009-10-01,2057.48,70.6,-0.5760123707354792,22.569444444444443,-23.145456815179923
2009-11-01,2049.2,67.4,18.702681410854225,21.880650994575056,-3.177969583720831
2009-12-01,2175.81,72.5,55.62954644617222,20.63227953410982,34.9972669120624
2010-01-01,2308.42,74.4,41.42910532345716,21.568627450980404,19.860477872476753
2010-02-01,2171.2,73.6,45.28616261718512,30.728241563055047,14.557921054130073
2010-03-01,2273.57,73.6,71.8690705673357,28.446771378708547,43.42229918862715
2010-04-01,2402.58,72.2,54.84532095901007,10.906298003072212,43.93902295593786
2010-05-01,2498.74,73.6,45.34318287575614,7.132459970887917,38.21072290486823
2010-06-01,2222.33,76.0,21.526456241660654,7.344632768361592,14.181823473299062
2010-07-01,2101.36,67.8,13.850421515722866,2.7272727272727337,11.123148788450132
2010-08-01,2295.36,68.9,14.276041640736636,4.87062404870624,9.405417592030396
2010-09-01,2176.84,68.2,10.561788622015445,-7.210884353741498,17.772672975756944
2010-10-01,2370.75,67.7,15.22590742072827,-4.107648725212454,19.333556145940722
2010-11-01,2504.84,71.6,22.235018543821994,6.2314540059347,16.003564537887293
2010-12-01,2549.43,74.5,17.1715361175838,2.758620689655178,14.41291542792862
2011-01-01,2691.52,74.2,16.595766801535248,-0.26881720430107503,16.864584005836324
2011-02-01,2751.19,77.5,26.712877671333835,5.2989130434782705,21.413964627855563
2011-03-01,2737.41,67.5,20.401395162673673,-8.288043478260864,28.689438640934537
2011-04-01,2789.6,69.8,16.108516677904582,-3.3240997229917024,19.432616400896286
2011-05-01,2864.08,74.3,14.62096896836007,0.9510869565217517,13.669882011838318
2011-06-01,2769.19,71.5,24.60750653593302,-5.921052631578949,30.52855916751197
2011-07-01,2816.03,63.7,34.009879316252324,-6.047197640117985,40.05707695637031
2011-08-01,2744.61,55.8,19.572093266415735,-19.01306240928884,38.58515567570457
2011-09-01,2546.04,59.5,16.960364565149465,-12.756598240469208,29.71696280561867
2011-10-01,2335.83,60.8,-1.4729515975956953,-10.192023633678005,8.71907203608231
2011-11-01,2606.96,63.7,4.076907107839212,-11.033519553072612,15.110426660911823
2011-12-01,2626.2,69.9,3.0112613407702993,-6.17449664429529,9.185757985065589
2012-01-01,2648.72,75.0,-1.5901795268101315,1.0781671159029615,-2.668346642713093
2012-02-01,2848.27,75.3,3.52865487298224,-2.83870967741936,6.3673645504016
2012-03-01,2988.97,76.2,9.189708520097462,12.888888888888882,-3.6991803687914206
2012-04-01,3119.7,76.4,11.833237740177793,9.455587392550147,2.3776503476276467
2012-05-01,3050.44,79.3,6.506801485992009,6.729475100942128,-0.2226736149501196
2012-06-01,2747.48,73.2,-0.7839837642054204,2.3776223776223793,-3.1616061418277996
2012-07-01,2951.24,72.3,4.801440325564688,13.500784929356357,-8.699344603791669
2012-08-01,2920.21,74.3,6.397994614899738,33.15412186379929,-26.756127248899553
2012-09-01,3075.06,78.3,20.77814959702127,31.596638655462183,-10.818489058440914
2012-10-01,3113.53,82.6,33.29437501872998,35.85526315789473,-2.560888139164753
2012-11-01,3020.06,82.7,15.846042900543168,29.82731554160125,-13.981272641058084
2012-12-01,3002.2,72.9,14.317264488614722,4.29184549356223,10.025418995052492
2013-01-01,3112.26,73.8,17.50052855718991,-1.6000000000000014,19.10052855718991
2013-02-01,3179.1,77.6,11.615120757512454,3.054448871181936,8.560671886330518
2013-03-01,3169.74,78.6,6.047902789255155,3.149606299212593,2.8982964900425623
2013-04-01,3239.17,76.4,3.8295348911754346,0.0,3.8295348911754346
2013-05-01,3299.13,84.5,8.152594379827182,6.557377049180335,1.5952173306468467
2013-06-01,3465.37,84.1,26.129034606257374,14.890710382513639,11.238324223743735
2013-07-01,3434.49,85.1,16.374473102831356,17.70401106500692,-1.3295379621755643
2013-08-01,3675.74,82.1,25.872454378281006,10.497981157469717,15.37447322081129
2013-09-01,3612.61,77.5,17.480959721111144,-1.0217113665389466,18.502671087650093
2013-10-01,3817.98,73.2,22.625444431240417,-11.38014527845035,34.00558970969077
2013-11-01,3922.04,75.1,29.86629404713814,-9.189842805320447,39.056136852458586
2013-12-01,4045.26,82.5,34.74318832855907,13.168724279835375,21.574464048723698
2014-01-01,4143.07,81.2,33.12094747868106,10.027100271002709,23.09384720767835
2014-02-01,3996.96,81.6,25.7261489100689,5.154639175257736,20.571509734811166
2014-03-01,4277.3,80.0,34.94166713989162,1.781170483460559,33.160496656431064
2014-04-01,4268.04,84.1,31.763383829808255,10.07853403141359,21.684849798394666
2014-05-01,4127.45,81.9,25.10722523816884,-3.076923076923066,28.184148315091907
2014-06-01,4237.2,82.5,22.272657753717496,-1.9024970273483932,24.17515478106589
2014-07-01,4458.65,81.8,29.819856805522793,-3.8777908343125667,33.69764763983536
2014-08-01,4352.64,82.5,18.415339496264703,0.4872107186358221,17.92812877762888
2014-09-01,4598.19,84.6,27.281660627634864,9.16129032258064,18.120370305054223
2014-10-01,4422.09,86.9,15.822764917574217,18.715846994535525,-2.893082076961308
2014-11-01,4638.91,88.8,18.277987985844103,18.242343541944074,0.03564444390002919
2014-12-01,4727.35,93.6,16.861462551232798,13.454545454545453,3.4069170966873443
2015-01-01,4726.81,98.1,14.089551950606683,20.8128078817734,-6.723255931166715
2015-02-01,4676.69,95.4,17.006174692766486,16.91176470588236,0.09440998688412705
2015-03-01,5008.1,93.0,17.085544619269164,16.250000000000007,0.8355446192691574
2015-04-01,4880.23,95.9,14.343586283165099,14.030915576694426,0.31267070647067285
2015-05-01,5005.39,90.7,21.270760396855202,10.744810744810751,10.525949652044451
2015-06-01,5082.93,96.1,19.959643160577745,16.48484848484848,3.474794675729264
2015-07-01,5013.12,93.1,12.435826987989639,13.814180929095343,-1.3783539411057042
2015-08-01,5115.38,91.9,17.523617850316132,11.393939393939402,6.12967845637673
2015-09-01,4636.1,87.2,0.8244548398391727,3.073286052009472,-2.248831212170299
2015-10-01,4627.08,90.0,4.63559086314389,3.5673187571921616,1.0682721059517286
2015-11-01,5127.15,91.3,10.524886234050657,2.8153153153153143,7.709570918735342
2015-12-01,5156.31,92.6,9.074005521063588,-1.0683760683760646,10.142381589439653
2016-01-01,4903.09,92.0,3.7293650474632845,-6.218144750254839,9.947509797718123
2016-02-01,4620.37,91.7,-1.2042705417720567,-3.8784067085953944,2.6741361668233377
2016-03-01,4689.6,91.0,-6.359697290389565,-2.1505376344086002,-4.209159655980965
2016-04-01,4914.54,89.0,0.7030406353798924,-7.1949947862356645,7.898035421615557
2016-05-01,4817.59,94.7,-3.751955392087336,4.4101433296582115,-8.162098721745547
2016-06-01,4952.25,93.5,-2.5709580891336348,-2.7055150884495283,0.1345569993158935
2016-07-01,4862.57,90.0,-3.0031198136090897,-3.329752953813103,0.32663314020401346
2016-08-01,5184.2,89.8,1.3453545973124204,-2.2850924918389692,3.6304470891513896
2016-09-01,5227.21,91.2,12.750156381441279,4.587155963302747,8.163000418138532
2016-10-01,5300.87,87.2,14.561883520492414,-3.111111111111109,17.672994631603522
2016-11-01,5153.58,93.8,0.5154910622860776,2.7382256297918905,-2.222734567505813
2016-12-01,5251.11,98.2,1.8385240608109088,6.047516198704117,-4.208992137893208
2017-01-01,5429.08,98.5,10.727724761323977,7.065217391304346,3.6625073700196307
2017-02-01,5642.65,96.3,22.12550077158322,5.016357688113415,17.109143083469803
2017-03-01,5904.03,96.9,25.89623848515863,6.483516483516483,19.41272200164215
2017-04-01,5894.68,97.0,19.94367733297522,8.98876404494382,10.954913288031399
2017-05-01,6091.6,97.1,26.444965221199812,2.5343189017951406,23.91064631940467
2017-06-01,6246.83,95.0,26.14124892725529,1.6042780748663166,24.536970852388976
2017-07-01,6110.06,93.4,25.65495201097363,3.777777777777791,21.877174233195838
2017-08-01,6362.94,96.8,22.737162918097287,7.795100222717144,14.942062695380143
2017-09-01,6435.33,95.1,23.112138215223798,4.2763157894736725,18.835822425750123
2017-10-01,6516.72,100.7,22.936800940223034,15.481651376146788,7.455149564076246
2017-11-01,6716.53,98.5,30.327461686827405,5.010660980810244,25.316800706017162
2017-12-01,6847.59,95.9,30.40271485457362,-2.3421588594704668,32.74487371404409
2018-01-01,7006.9,95.7,29.06238257679017,-2.8426395939086246,31.905022170698796
2018-02-01,7385.86,99.7,30.893463177762225,3.530633437175501,27.362829740586726
2018-03-01,7180.56,101.4,21.621333224932805,4.643962848297223,16.977370376635584
2018-04-01,6870.12,98.8,16.547802425237656,1.855670103092777,14.692132322144879
2018-05-01,7130.7,98.0,17.057915818504156,0.9268795056642798,16.131036312839875
2018-06-01,7554.33,98.2,20.930616008439486,3.368421052631576,17.56219495580791
2018-07-01,7567.69,97.9,23.856230544380885,4.817987152034253,19.038243392346633
2018-08-01,7707.29,96.2,21.127811986283085,-0.619834710743794,21.74764669702688
2018-09-01,8091.25,100.1,25.73170295851184,5.257623554153512,20.474079404358328
2018-10-01,8037.3,98.6,23.333517475048794,-2.0854021847070636,25.418919659755858
2018-11-01,7434.06,97.5,10.683046156274155,-1.0152284263959421,11.698274582670098
2018-12-01,7441.51,98.3,8.673416486676345,2.502606882168923,6.170809604507422
2019-01-01,6665.94,91.2,-4.866060597411126,-4.702194357366773,-0.1638662400443529
2019-02-01,7263.87,93.8,-1.6516695415293547,-5.917753259779346,4.266083718249991
2019-03-01,7595.35,98.4,5.776568958409922,-2.9585798816568087,8.735148840066731
2019-04-01,7828.91,97.2,13.955942545399491,-1.6194331983805599,15.57537574378005
2019-05-01,8049.64,100.0,12.887093833704967,2.0408163265306145,10.846277507174353
2019-06-01,7333.02,98.2,-2.9295781359829354,0.0,-2.9295781359829354
2019-07-01,8091.16,98.4,6.917170232924441,0.5107252298263587,6.406445003098082
2019-08-01,8111.12,89.8,5.239584860567081,-6.652806652806653,11.892391513373735
2019-09-01,7874.16,93.2,-2.6830217827900515,-6.893106893106882,4.210085110316831
2019-10-01,7908.67,95.5,-1.600413074042284,-3.144016227180524,1.54360315313824
2019-11-01,8386.4,96.8,12.810496552354955,-0.7179487179487243,13.52844527030368
2019-12-01,8567.99,99.3,15.137787895198684,1.0172939979654183,14.120493897233267
2020-01-01,9092.19,99.8,36.397717351191304,9.42982456140351,26.967892789787793
2020-02-01,9273.4,101.0,27.66472968266227,7.6759061833688635,19.988823499293407
2020-03-01,8952.16,89.1,17.86369291737706,-9.45121951219513,27.314912429572193
2020-04-01,7360.58,71.8,-5.9820588051210155,-26.131687242798364,20.14962843767735
2020-05-01,8604.95,72.3,6.898569377015629,-27.700000000000003,34.59856937701563
2020-06-01,9552.05,78.1,30.260792961153783,-20.468431771894103,50.729224733047886
2020-07-01,10154.63,72.5,25.50277092530613,-26.321138211382124,51.82390913668826
2020-08-01,10902.8,74.1,34.4179348844549,-17.483296213808465,51.90123109826337
2020-09-01,11939.67,80.4,51.631031119509885,-13.733905579399142,65.36493669890902
2020-10-01,11326.61,81.8,43.21763330623227,-14.345549738219898,57.563183044452174
2020-11-01,10957.61,76.9,30.659281694171536,-20.55785123966941,51.217132933840944
2020-12-01,12355.11,80.7,44.20079855368646,-18.731117824773413,62.931916378459874
2021-01-01,12698.45,79.0,39.6632714450534,-20.841683366733466,60.50495481178686
2021-02-01,13403.39,76.8,44.53587680893738,-23.96039603960396,68.49627284854134
2021-03-01,13588.83,84.9,51.79386874229237,-4.713804713804704,56.50767345609707
2021-04-01,13480.11,88.3,83.1392363101821,22.980501392757667,60.15873491742443
2021-05-01,13895.12,82.9,61.47821893212628,14.661134163208867,46.81708476891741
2021-06-01,13736.48,85.5,43.8066174276726,9.47503201024329,34.33158541742931
2021-07-01,14522.38,81.2,43.01239927008665,12.00000000000001,31.012399270086636
2021-08-01,14681.07,70.3,34.654125545731375,-5.128205128205121,39.7823306739365
2021-09-01,15309.38,72.8,28.222806827994408,-9.452736318407972,37.675543146402376
2021-10-01,14566.7,71.7,28.60599950029179,-12.347188264058673,40.95318776435046
2021-11-01,15595.92,67.4,42.32957734396461,-12.353706111833551,54.68328345579816
2021-12-01,15254.05,70.6,23.463490005349996,-12.515489467162343,35.978979472512336
2022-01-01,15832.8,67.2,24.682933743882106,-14.936708860759495,39.6196426046416
2022-02-01,14346.0,62.8,7.032623836208596,-18.229166666666664,25.26179050287526
2022-03-01,13532.46,59.4,-0.4148260004724569,-30.03533568904594,29.620509688573485
2022-04-01,14261.5,65.2,5.796614419318535,-26.160815402038494,31.95742982135703
2022-05-01,12536.02,58.4,-9.781131793032372,-29.553679131483722,19.77254733845135
2022-06-01,11994.46,50.0,-12.681705939221699,-41.52046783625731,28.83876189703561
2022-07-01,11127.85,51.5,-23.374474431876855,-36.57635467980296,13.201880247926105
2022-08-01,12368.98,58.2,-15.748783978279512,-17.211948790896148,1.4631648126166361
2022-09-01,11785.13,58.6,-23.0202006874217,-19.505494505494504,-3.5147061819271954
2022-10-01,10815.43,59.9,-25.752366699389707,-16.457461645746175,-9.294905053643532
2022-11-01,10890.85,56.7,-30.168595376226605,-15.875370919881304,-14.293224456345301
2022-12-01,11482.45,59.8,-24.725236904297542,-15.29745042492917,-9.427786479368372
2023-01-01,10386.98,64.9,-34.39581122732556,-3.4226190476190466,-30.973192179706512
2023-02-01,11816.32,66.9,-17.63334727450161,6.52866242038217,-24.16200969488378
2023-03-01,11379.48,62.0,-15.909745899858564,4.3771043771043905,-20.286850276962955
2023-04-01,12189.45,63.7,-14.528976615363032,-2.300613496932513,-12.228363118430519
2023-05-01,12212.6,59.0,-2.5799256861428144,1.0273972602739656,-3.60732294641678
2023-06-01,13100.98,64.2,9.225258994569163,28.400000000000002,-19.17474100543084
2023-07-01,13816.77,71.5,24.16387711912005,38.834951456310684,-14.671074337190635
2023-08-01,14283.91,69.4,15.481713124283502,19.243986254295532,-3.76227313001203
2023-09-01,14031.81,67.8,19.06368449054021,15.699658703071663,3.364025787468549
2023-10-01,13307.77,63.8,23.04429874725278,6.510851419031716,16.53344732822106
2023-11-01,13061.47,61.3,19.930675750744875,8.112874779541436,11.81780097120344
2023-12-01,14305.03,69.7,24.581687706020915,16.555183946488295,8.02650375953262
2024-01-01,14765.94,79.0,42.158163393017034,21.725731895223397,20.432431497793637
2024-02-01,15361.64,76.9,30.00358825759628,14.947683109118092,15.055905148478189
2024-03-01,16274.94,79.4,43.02006770080884,28.06451612903227,14.955551571776567
2024-04-01,16396.83,77.2,34.51656965654726,21.193092621664043,13.323477034883219
2024-05-01,15605.48,69.1,27.781799125493343,17.118644067796595,10.663155057696748
2024-06-01,16828.67,68.2,28.45352027100261,6.230529595015577,22.222990675987035
2024-07-01,17879.3,66.4,29.402892282349626,-7.132867132867126,36.53575941521675
2024-08-01,17194.15,67.9,20.37425326818778,-2.1613832853025983,22.535636553490377
2024-09-01,17136.3,70.1,22.124658187361423,3.3923303834808127,18.732327803880608
2024-10-01,17910.36,70.5,34.58573449946911,10.501567398119139,24.084167101349973
2024-11-01,18239.92,71.8,39.64676257725968,17.128874388254477,22.517888189005202
2024-12-01,19403.95,74.0,35.644245415773334,6.1692969870875025,29.47494842868583
2025-01-01,19280.79,71.7,30.576109614423473,-9.240506329113918,39.81661594353739
2025-02-01,19391.96,64.7,26.236261232524647,-15.864759427828357,42.101020660353
2025-03-01,18350.19,57.0,12.751199082761588,-28.21158690176323,40.962785984524814
2025-04-01,17449.89,52.2,6.422338952102313,-32.38341968911917,38.80575864122149
2025-05-01,17710.74,52.2,13.490517433619488,-24.45730824891461,37.9478256825341
2025-06-01,19242.61,60.7,14.344211396384864,-10.997067448680353,25.34127884506522
2025-07-01,20202.89,61.7,12.995978589765823,-7.078313253012047,20.07429184277787
2025-08-01,20650.13,58.2,20.09974322662067,-14.28571428571429,34.38545751233496
2025-09-01,21279.63,55.1,24.178673342553548,-21.398002853067045,45.57667619562059
