date,SP500,UMCSENT,SP500_yoy_change,UMCSENT_yoy_change,yoy_change_diff
1985-01-01,179.6300048828125,96.0,,,
1985-02-01,181.17999267578125,93.7,,,
1985-03-01,180.66000366210935,93.7,,,
1985-04-01,179.8300018310547,94.6,,,
1985-05-01,189.5500030517578,91.8,,,
1985-06-01,191.8500061035156,96.5,,,
1985-07-01,190.9199981689453,94.0,,,
1985-08-01,188.6300048828125,92.4,,,
1985-09-01,182.0800018310547,92.1,,,
1985-10-01,189.82000732421875,88.4,,,
1985-11-01,202.1699981689453,90.9,,,
1985-12-01,211.27999877929688,93.9,,,
1986-01-01,211.77999877929688,95.6,17.89789735710272,-0.4166666666666763,-18.314564023769396
1986-02-01,226.9199981689453,95.9,25.245616150904194,2.347918890074707,-22.89769726082949
1986-03-01,238.8999938964844,95.1,32.23734587280427,1.4941302027748016,-30.743215670029468
1986-04-01,235.52000427246097,96.2,30.9681376157275,1.6913319238900826,-29.276805691837417
1986-05-01,247.3500061035156,94.8,30.493274661660188,3.267973856209161,-27.225300805451027
1986-06-01,250.83999633789065,99.3,30.747974124403264,2.901554404145079,-27.846419720258183
1986-07-01,236.1199951171875,97.7,23.67483625693556,3.936170212765955,-19.738666044169605
1986-08-01,252.92999267578125,94.9,34.08788958729843,2.7056277056277,-31.38226188167073
1986-09-01,231.32000732421875,91.9,27.043060741427304,-0.21715526601518986,-27.260216007442494
1986-10-01,243.97999572753903,95.6,28.532286541751773,8.14479638009049,-20.387490161661283
1986-11-01,249.22000122070312,91.4,23.27249516638963,0.5500550055005604,-22.722440160889068
1986-12-01,242.1699981689453,89.1,14.620408731597978,-5.111821086261992,-19.73222981785997
1987-01-01,274.0799865722656,90.4,29.417314265779027,-5.439330543933041,-34.856644809712066
1987-02-01,284.20001220703125,90.2,25.242382557856402,-5.943691345151203,-31.186073903007603
1987-03-01,291.70001220703125,90.8,22.101305843241303,-4.5215562565720235,-26.622862099813325
1987-04-01,288.3599853515625,92.8,22.43545351586087,-3.53430353430354,-25.96975705016441
1987-05-01,290.1000061035156,91.1,17.28320151409628,-3.9029535864978926,-21.186155100594174
1987-06-01,304.0,91.5,21.1927939874871,-7.85498489425982,-29.047778881746922
1987-07-01,318.6600036621094,93.7,34.95680596806587,-4.094165813715456,-39.05097178178133
1987-08-01,329.79998779296875,94.4,30.391806959692367,-0.5268703898840932,-30.91867734957646
1987-09-01,321.8299865722656,93.6,39.127605214532025,1.8498367791077053,-37.27776843542432
1987-10-01,251.7899932861328,89.3,3.201081111303683,-6.589958158995812,-9.791039270299496
1987-11-01,230.3000030517578,83.1,-7.591685288609806,-9.08096280087528,-1.489277512265474
1987-12-01,247.0800018310547,86.8,2.0275028695685204,-2.581369248035914,-4.6088721176044345
1988-01-01,257.07000732421875,90.8,-6.20620989543208,0.4424778761061843,6.648687771538264
1988-02-01,267.82000732421875,91.6,-5.763548268562413,1.552106430155198,7.315654698717611
1988-03-01,258.8900146484375,94.6,-11.247856080070084,4.185022026431717,15.432878106501802
1988-04-01,261.3299865722656,91.2,-9.373699595088569,-1.724137931034475,7.649561664054094
1988-05-01,262.1600036621094,94.8,-9.631162307330833,4.061470911086729,13.692633218417562
1988-06-01,273.5,94.7,-10.032894736842103,3.49726775956285,13.530162496404952
1988-07-01,272.0199890136719,93.4,-14.636293890805375,-0.32017075773745907,14.316123133067915
1988-08-01,261.5199890136719,97.4,-20.703457036559836,3.177966101694918,23.881423138254753
1988-09-01,271.9100036621094,97.3,-15.51129011993011,3.952991452991461,19.46428157292157
1988-10-01,278.9700012207031,94.1,10.794713316379934,5.375139977603571,-5.419573338776362
1988-11-01,273.70001220703125,93.0,18.844988528080787,11.913357400722035,-6.931631127358752
1988-12-01,277.7200012207031,91.9,12.40084149367906,5.87557603686637,-6.52526545681269
1989-01-01,297.4700012207031,97.9,15.715561032186676,7.819383259911894,-7.896177772274782
1989-02-01,288.8599853515625,95.4,7.856014282709323,4.148471615720539,-3.7075426669887834
1989-03-01,294.8699951171875,94.3,13.897786099479115,-0.3171247357293794,-14.214910835208494
1989-04-01,309.6400146484375,91.5,18.486216874622883,0.3289473684210398,-18.157269506201843
1989-05-01,320.5199890136719,90.7,22.261208626919693,-4.32489451476793,-26.586103141687623
1989-06-01,317.9800109863281,90.6,16.26325813028451,-4.329461457233375,-20.592719587517884
1989-07-01,346.0799865722656,92.0,27.225939471261242,-1.4989293361884481,-28.72486880744969
1989-08-01,351.45001220703125,89.6,34.38743766108754,-8.00821355236141,-42.39565121344895
1989-09-01,349.1499938964844,95.8,28.406454045125074,-1.541623843782114,-29.948077888907186
1989-10-01,340.3599853515625,93.9,22.005944675854792,-0.2125398512220933,-22.218484527076885
1989-11-01,345.989990234375,90.9,26.41212086342999,-2.2580645161290214,-28.670185379559012
1989-12-01,353.3999938964844,90.5,27.250465340319007,-1.5233949945593128,-28.77386033487832
1990-01-01,329.0799865722656,93.0,10.62627667389895,-5.005107252298268,-15.631383926197218
1990-02-01,331.8900146484375,89.5,14.896500546624525,-6.184486373165621,-21.080986919790146
1990-03-01,339.94000244140625,91.3,15.284704469950228,-3.181336161187698,-18.466040631137925
1990-04-01,330.79998779296875,93.9,6.83373341412481,2.622950819672143,-4.210782594452667
1990-05-01,361.2300109863281,90.6,12.70124278299527,-0.11025358324145973,-12.811496366236728
1990-06-01,358.0199890136719,88.3,12.591979572283662,-2.5386313465783683,-15.13061091886203
1990-07-01,356.1499938964844,88.2,2.90973408313977,-4.130434782608694,-7.040168865748464
1990-08-01,322.55999755859375,76.4,-8.220234356235856,-14.732142857142849,-6.511908500906992
1990-09-01,306.04998779296875,72.8,-12.344266606601707,-24.00835073068893,-11.664084124087225
1990-10-01,304.0,63.9,-10.68280259619996,-31.948881789137385,-21.266079192937426
1990-11-01,322.2200012207031,66.0,-6.870137774092822,-27.392739273927404,-20.522601499834582
1990-12-01,330.2200012207031,65.5,-6.559137825727013,-27.62430939226519,-21.065171566538176
1991-01-01,343.92999267578125,66.8,4.5125825663830055,-28.172043010752688,-32.68462557713569
1991-02-01,367.0700073242187,70.4,10.599894881756677,-21.340782122905022,-31.9406770046617
1991-03-01,375.2200012207031,87.7,10.378301619674168,-3.943044906900317,-14.321346526574485
1991-04-01,375.3399963378906,81.8,13.464331979600086,-12.886048988285415,-26.3503809678855
1991-05-01,389.8299865722656,78.3,7.917386351108013,-13.576158940397354,-21.493545291505367
1991-06-01,371.1600036621094,82.1,3.6701902272656906,-7.021517553793888,-10.691707781059579
1991-07-01,387.80999755859375,82.9,8.889514026304157,-6.00907029478458,-14.898584321088737
1991-08-01,395.4299926757813,82.0,22.59114449055344,7.329842931937169,-15.261301558616271
1991-09-01,387.8599853515625,83.0,26.730926587696892,14.010989010989006,-12.719937576707887
1991-10-01,392.4500122070313,78.3,29.095398752312928,22.535211267605625,-6.560187484707303
1991-11-01,375.2200012207031,69.1,16.448389236923223,4.696969696969688,-11.751419539953535
1991-12-01,417.0899963378906,68.2,26.30670304526097,4.122137404580162,-22.18456564068081
1992-01-01,408.7799987792969,67.5,18.85558325372598,1.0479041916167775,-17.807679062109205
1992-02-01,412.7000122070313,68.8,12.43087257807729,-2.272727272727282,-14.703599850804572
1992-03-01,403.69000244140625,76.0,7.587548938777688,-13.34093500570126,-20.92848394447895
1992-04-01,414.9500122070313,77.2,10.553102854906715,-5.623471882640585,-16.1765747375473
1992-05-01,415.3500061035156,79.2,6.546448557137663,1.1494252873563315,-5.397023269781331
1992-06-01,408.1400146484375,80.4,9.963360982179914,-2.0706455542021773,-12.03400653638209
1992-07-01,424.2099914550781,76.6,9.38603804069924,-7.599517490952968,-16.98555553165221
1992-08-01,414.0299987792969,76.1,4.703741862789346,-7.195121951219519,-11.898863814008864
1992-09-01,417.7999877929687,75.6,7.719281073624562,-8.915662650602417,-16.63494372422698
1992-10-01,418.6799926757813,73.3,6.683648784017038,-6.38569604086846,-13.069344824885498
1992-11-01,431.3500061035156,85.3,14.95922517461883,23.444283646888575,8.485058472269746
1992-12-01,435.7099914550781,91.0,4.464263175974903,33.43108504398826,28.96682186801336
1993-01-01,438.7799987792969,89.3,7.3389109275371345,32.29629629629629,24.957385368759155
1993-02-01,443.3800048828125,86.6,7.433969413209174,25.872093023255815,18.43812361004664
1993-03-01,451.6700134277344,85.9,11.885360225955122,13.026315789473685,1.1409555635185633
1993-04-01,440.19000244140625,85.6,6.082658029127108,10.880829015544036,4.7981709864169275
1993-05-01,450.19000244140625,80.3,8.38810541132089,1.388888888888884,-6.999216522432006
1993-06-01,450.5299987792969,81.5,10.386137749167567,1.3681592039801016,-9.017978545187464
1993-07-01,448.1300048828125,77.0,5.638719952278026,0.5221932114882533,-5.116526740789773
1993-08-01,463.55999755859375,77.3,11.962900979476942,1.5768725361366753,-10.386028443340265
1993-09-01,458.9299926757813,77.9,9.84442462530508,3.0423280423280685,-6.802096582977012
1993-10-01,467.8299865722656,82.7,11.739274566803882,12.824010914051854,1.084736347247972
1993-11-01,461.7900085449219,81.2,7.056914804842096,-4.806565064478308,-11.863479869320404
1993-12-01,466.4500122070313,88.2,7.055156263296869,-3.076923076923077,-10.132079340219946
1994-01-01,481.6099853515625,94.3,9.761152899270776,5.599104143337064,-4.1620487559337125
1994-02-01,467.1400146484375,93.2,5.358836551933566,7.621247113163987,2.2624105612304213
1994-03-01,445.7699890136719,91.5,-1.306268788863596,6.519208381839348,7.825477170702944
1994-04-01,450.9100036621094,92.6,2.4353122881590306,8.177570093457941,5.742257805298911
1994-05-01,456.5,92.8,1.4016298728035448,15.566625155666248,14.164995282862703
1994-06-01,444.2699890136719,91.2,-1.3894767901330374,11.901840490797543,13.291317280930581
1994-07-01,458.260009765625,89.0,2.260505829209425,15.58441558441559,13.323909755206165
1994-08-01,475.489990234375,91.7,2.57355956911991,18.62871927554981,16.055159706429897
1994-09-01,462.7099914550781,91.5,0.8236547707979547,17.458279845956337,16.634625075158382
1994-10-01,472.3500061035156,92.7,0.9661671250207116,12.091898428053206,11.125731303032495
1994-11-01,453.69000244140625,91.6,-1.7540453352462904,12.807881773399,14.56192710864529
1994-12-01,459.2699890136719,95.1,-1.5392910291473272,7.823129251700678,9.362420280848005
1995-01-01,470.4200134277344,97.6,-2.3234509798752856,3.499469777306463,5.822920757181748
1995-02-01,487.3900146484375,95.1,4.334888762470901,2.0386266094420513,-2.2962621530288496
1995-03-01,500.7099914550781,90.3,12.324742310034974,-1.3114754098360715,-13.636217719871045
1995-04-01,514.7100219726562,92.5,14.149168967729441,-0.10799136069113979,-14.25716032842058
1995-05-01,533.4000244140625,89.8,16.845569422576666,-3.2327586206896575,-20.078328043266325
1995-06-01,544.75,92.7,22.616880156457285,1.6447368421052655,-20.972143314352017
1995-07-01,562.0599975585938,94.4,22.650893724297873,6.067415730337089,-16.583477993960784
1995-08-01,561.8800048828125,96.2,18.168629502769296,4.907306434023995,-13.261323068745302
1995-09-01,584.4099731445312,88.9,26.301567706965812,-2.841530054644803,-29.143097761610615
1995-10-01,581.5,90.2,23.107863339915813,-2.696871628910469,-25.80473496882628
1995-11-01,605.3699951171875,88.2,33.43251820837083,-3.7117903930130924,-37.14430860138392
1995-12-01,615.9299926757812,91.0,34.11065547708709,-4.311251314405884,-38.42190679149298
1996-01-01,636.02001953125,89.3,35.202585216743756,-8.504098360655732,-43.70668357739949
1996-02-01,640.4299926757812,88.5,31.399900167781247,-6.9400630914826404,-38.33996325926389
1996-03-01,645.5,93.7,28.916940148159973,3.7652270210409844,-25.151713127118988
1996-04-01,654.1699829101562,92.7,27.094860209446004,0.216216216216214,-26.87864399322979
1996-05-01,669.1199951171875,89.4,25.444312802987355,-0.44543429844097204,-25.889747101428327
1996-06-01,670.6300048828125,92.4,23.107848532870577,-0.3236245954692518,-23.431473128339828
1996-07-01,639.9500122070312,94.7,13.857953774822352,0.3177966101694851,-13.540157164652868
1996-08-01,651.989990234375,95.3,16.037229402807473,-0.9355509355509439,-16.972780338358415
1996-09-01,687.3300170898438,94.7,17.610932166597237,6.524184476940387,-11.08674768965685
1996-10-01,705.27001953125,96.5,21.28461212919175,6.984478935698446,-14.300133193493304
1996-11-01,757.02001953125,99.2,25.05079961630838,12.471655328798192,-12.57914428751019
1996-12-01,740.739990234375,96.9,20.263666170303285,6.483516483516483,-13.780149686786803
1997-01-01,786.1599731445312,97.4,23.606167888227027,9.070548712206051,-14.535619176020976
1997-02-01,790.8200073242188,99.7,23.482662643592445,12.655367231638426,-10.827295411954019
1997-03-01,757.1199951171875,100.0,17.29202093217468,6.7235859124866515,-10.568435019688028
1997-04-01,801.3400268554688,101.4,22.497217510746715,9.385113268608425,-13.11210424213829
1997-05-01,848.280029296875,103.2,26.775471587620103,15.436241610738243,-11.33922997688186
1997-06-01,885.1400146484375,104.5,31.98634242485303,13.095238095238093,-18.89110432961494
1997-07-01,954.3099975585938,107.1,49.1225844761549,13.093980992608234,-36.02860348354666
1997-08-01,899.469970703125,104.4,37.95763495997642,9.548793284365175,-28.408841675611242
1997-09-01,947.280029296875,106.0,37.82026184563567,11.932418162618784,-25.887843683016886
1997-10-01,914.6199951171876,105.6,29.683662964304048,9.430051813471497,-20.25361115083255
1997-11-01,955.4000244140624,107.2,26.205384238801255,8.064516129032251,-18.140868109769002
1997-12-01,970.4299926757812,102.1,31.008181746570852,5.366357069143435,-25.641824677427415
1998-01-01,980.280029296875,106.6,24.69218260704502,9.445585215605746,-15.246597391439273
1998-02-01,1049.3399658203125,110.4,32.69011356589342,10.732196589769316,-21.957916976124103
1998-03-01,1101.75,106.5,45.51854489452105,6.499999999999995,-39.01854489452106
1998-04-01,1111.75,108.7,38.736361936468874,7.199211045364895,-31.53715089110398
1998-05-01,1090.8199462890625,106.5,28.59196357519165,3.197674418604657,-25.394289156586993
1998-06-01,1133.8399658203125,105.6,28.097244171099224,1.0526315789473717,-27.04461259215185
1998-07-01,1120.6700439453125,105.2,17.43249539586893,-1.7740429505135324,-19.206538346382462
1998-08-01,957.280029296875,104.4,6.427124915416504,0.0,-6.427124915416504
1998-09-01,1017.010009765625,100.9,7.361073633158677,-4.8113207547169745,-12.172394387875652
1998-10-01,1098.6700439453125,97.4,20.123116683507792,-7.765151515151503,-27.888268198659297
1998-11-01,1163.6300048828125,102.7,21.795057059628565,-4.197761194029848,-25.992818253658413
1998-12-01,1229.22998046875,100.5,26.66858915596535,-1.5670910871694366,-28.235680243134787
1999-01-01,1279.6400146484375,103.9,30.538211164648963,-2.5328330206378924,-33.07104418528686
1999-02-01,1238.3299560546875,108.1,18.010368078055027,-2.083333333333348,-20.093701411388373
1999-03-01,1286.3699951171875,105.7,16.756977092551615,-0.7511737089201831,-17.5081508014718
1999-04-01,1335.1800537109375,104.6,20.097148973324707,-3.771849126034965,-23.868998099359672
1999-05-01,1301.8399658203125,106.8,19.345082591231844,0.28169014084507005,-19.06339245038677
1999-06-01,1372.7099609375,107.3,21.0673465672353,1.6098484848484862,-19.457498082386813
1999-07-01,1328.719970703125,106.0,18.564779872706684,0.7604562737642651,-17.804323598942418
1999-08-01,1320.4100341796875,104.5,37.933519322400635,0.09578544061301653,-37.83773388178762
1999-09-01,1282.7099609375,107.2,26.125598432714227,6.243805748265596,-19.88179268444863
1999-10-01,1362.9300537109375,103.2,24.05271821343833,5.954825462012314,-18.097892751426016
1999-11-01,1388.9100341796875,107.2,19.36010831205428,4.3816942551119675,-14.978414056942313
1999-12-01,1469.25,105.4,19.526046658878403,4.875621890547266,-14.650424768331138
2000-01-01,1394.4599609375,112.0,8.972831810093695,7.79595765158807,-1.1768741585056244
2000-02-01,1366.4200439453125,111.3,10.343776895999458,2.9602220166512483,-7.3835548793482095
2000-03-01,1498.5799560546875,107.1,16.496805875681808,1.3245033112582627,-15.172302564423546
2000-04-01,1452.4300537109375,109.2,8.781587148049486,4.397705544933084,-4.383881603116402
2000-05-01,1420.5999755859375,110.7,9.12247379736819,3.6516853932584414,-5.470788404109749
2000-06-01,1454.5999755859375,106.4,5.965572989104717,-0.8387698042870428,-6.8043427933917595
2000-07-01,1430.8299560546875,108.3,7.68483861182041,2.169811320754711,-5.515027291065699
2000-08-01,1517.6800537109375,107.3,14.940057590050436,2.6794258373205704,-12.260631752729866
2000-09-01,1436.510009765625,106.8,11.990243586766614,-0.3731343283582156,-12.363377915124829
2000-10-01,1429.4000244140625,105.8,4.876990607268716,2.519379844961245,-2.3576107623074716
2000-11-01,1314.949951171875,107.6,-5.32504490483392,0.3731343283581934,5.698179233192113
2000-12-01,1320.280029296875,98.4,-10.139184665858437,-6.641366223908918,3.4978184419495193
2001-01-01,1366.010009765625,94.7,-2.0402128400121344,-15.446428571428573,-13.406215731416438
2001-02-01,1239.93994140625,90.6,-9.25631200299668,-18.59838274932615,-9.342070746329469
2001-03-01,1160.3299560546875,91.5,-22.571368223188504,-14.565826330532206,8.005541892656298
2001-04-01,1249.4599609375,88.4,-13.974517551110422,-19.047619047619047,-5.073101496508626
2001-05-01,1255.8199462890625,92.0,-11.599326490830764,-16.892502258355925,-5.293175767525161
2001-06-01,1224.3800048828125,92.6,-15.827029737876108,-12.969924812030087,2.8571049258460217
2001-07-01,1211.22998046875,92.4,-15.347733995691115,-14.68144044321329,0.6662935524778248
2001-08-01,1133.5799560546875,91.5,-25.308370938727975,-14.725069897483689,10.583301041244287
2001-09-01,1040.93994140625,81.8,-27.53688214284804,-23.408239700374533,4.128642442473506
2001-10-01,1059.780029296875,82.7,-25.858401343507854,-21.833648393194704,4.02475295031315
2001-11-01,1139.449951171875,83.9,-13.346515572215923,-22.026022304832704,-8.679506732616781
2001-12-01,1148.0799560546875,88.8,-13.042693172742602,-9.756097560975618,3.286595611766984
2002-01-01,1130.199951171875,93.0,-17.262688919403267,-1.7951425554382339,15.467546363965033
2002-02-01,1106.72998046875,90.7,-10.74325912805284,0.11037527593820151,10.853634403991041
2002-03-01,1147.3900146484375,95.7,-1.1151949786979531,4.590163934426239,5.705358913124192
2002-04-01,1076.9200439453125,93.0,-13.809159347749455,5.203619909502266,19.012779257251722
2002-05-01,1067.1400146484375,96.9,-15.024441377776544,5.326086956521747,20.35052833429829
2002-06-01,989.8200073242188,92.4,-19.157450842317857,-0.21598272138227959,18.94146812093558
2002-07-01,911.6199951171876,88.1,-24.736011342421715,-4.653679653679665,20.08233168874205
2002-08-01,916.0700073242188,87.6,-19.18787885836395,-4.262295081967215,14.925583776396733
2002-09-01,815.280029296875,86.1,-21.6784756865532,5.256723716381417,26.935199402934614
2002-10-01,885.760009765625,80.6,-16.420390526391206,-2.539298669891188,13.881091856500017
2002-11-01,936.3099975585938,84.2,-17.82789611815425,0.35756853396899935,18.18546465212325
2002-12-01,879.8200073242188,86.7,-23.365963957103563,-2.3648648648648574,21.001099092238707
2003-01-01,855.7000122070312,82.4,-24.28773233269227,-11.397849462365583,12.889882870326685
2003-02-01,841.1500244140625,79.9,-23.996815911881452,-11.907386990077173,12.089428921804279
2003-03-01,848.1799926757812,77.6,-26.077446914538015,-18.913270637408573,7.164176277129442
2003-04-01,916.9199829101562,86.0,-14.857190367540529,-7.5268817204301115,7.330308647110417
2003-05-01,963.5900268554688,92.1,-9.703505291860193,-4.953560371517041,4.749944920343152
2003-06-01,974.5,89.7,-1.547756886187146,-2.922077922077926,-1.3743210358907798
2003-07-01,990.3099975585938,90.9,8.631886406933265,3.178206583427934,-5.453679823505332
2003-08-01,1008.010009765625,89.3,10.036351120146048,1.9406392694063967,-8.09571185073965
2003-09-01,995.969970703125,87.7,22.162929903003146,1.8583042973286945,-20.304625605674453
2003-10-01,1050.7099609375,89.6,18.62242022142333,11.166253101736977,-7.456167119686352
2003-11-01,1058.199951171875,93.7,13.018119418900408,11.282660332541571,-1.735459086358837
2003-12-01,1111.9200439453125,92.6,26.38039993281984,6.805074971164937,-19.575324961654903
2004-01-01,1131.1300048828125,103.8,32.18768128393372,25.970873786407743,-6.216807497525977
2004-02-01,1144.93994140625,94.4,36.11602070674667,18.1476846057572,-17.968336100989468
2004-03-01,1126.2099609375,95.8,32.77959521122498,23.453608247422686,-9.325986963802293
2004-04-01,1107.300048828125,94.2,20.762996713599048,9.534883720930232,-11.228112992668816
2004-05-01,1120.6800537109375,90.2,16.302579154758213,-2.062975027144398,-18.36555418190261
2004-06-01,1140.8399658203125,95.6,17.069262782997697,6.577480490523957,-10.49178229247374
2004-07-01,1101.719970703125,96.7,11.250009938220318,6.380638063806376,-4.869371874413941
2004-08-01,1104.239990234375,95.9,9.546530246373708,7.3908174692049355,-2.1557127771687723
2004-09-01,1114.5799560546875,94.2,11.908992122305385,7.411630558722915,-4.49736156358247
2004-10-01,1130.199951171875,91.7,7.565359917540881,2.34375,-5.221609917540881
2004-11-01,1173.8199462890625,92.8,10.926100968833662,-0.9605122732123883,-11.88661324204605
2004-12-01,1211.9200439453125,97.1,8.993452410946755,4.859611231101502,-4.133841179845254
2005-01-01,1181.27001953125,95.5,4.432736682078575,-7.996146435452789,-12.428883117531363
2005-02-01,1203.5999755859375,94.1,5.123415828051159,-0.31779661016950733,-5.441212438220666
2005-03-01,1180.5899658203125,92.6,4.828584968076877,-3.3402922755741193,-8.168877243650996
2005-04-01,1156.8499755859375,87.7,4.474841919338135,-6.900212314225051,-11.375054233563187
2005-05-01,1191.5,86.9,6.319372425212211,-3.658536585365846,-9.977909010578056
2005-06-01,1191.3299560546875,96.0,4.425685612974695,0.4184100418409997,-4.007275571133695
2005-07-01,1234.1800537109375,96.5,12.02302640690771,-0.20682523267838704,-12.229851639586098
2005-08-01,1220.3299560546875,89.1,10.513110089019007,-7.090719499478637,-17.603829588497643
2005-09-01,1228.81005859375,76.9,10.248713151401567,-18.365180467091292,-28.61389361849286
2005-10-01,1207.010009765625,74.2,6.7961477536879755,-19.083969465648853,-25.880117219336828
2005-11-01,1249.47998046875,81.6,6.445625193103988,-12.06896551724138,-18.514590710345367
2005-12-01,1248.2900390625,91.5,3.0010226581274946,-5.767250257466527,-8.768272915594022
2006-01-01,1280.0799560546875,91.2,8.364720587986074,-4.502617801047116,-12.86733838903319
2006-02-01,1280.6600341796875,86.7,6.402464286877008,-7.863974495217841,-14.266438782094848
2006-03-01,1294.8699951171875,88.9,9.679908571598727,-3.995680345572339,-13.675588917171066
2006-04-01,1310.6099853515625,87.4,13.291266197913565,-0.34207525655644,-13.633341454470004
2006-05-01,1270.0899658203125,79.1,6.595884668091689,-8.975834292289997,-15.571718960381688
2006-06-01,1270.199951171875,84.9,6.620331732308671,-11.562499999999998,-18.18283173230867
2006-07-01,1276.6600341796875,84.7,3.4419597319711226,-12.2279792746114,-15.669939006582522
2006-08-01,1303.8199462890625,82.0,6.841591474513753,-7.968574635241299,-14.810166109755052
2006-09-01,1335.8499755859375,85.4,8.71085944028518,11.05331599479844,2.3424565545132605
2006-10-01,1377.93994140625,93.6,14.161434475080782,26.145552560646877,11.984118085566095
2006-11-01,1400.6300048828125,92.1,12.097034508496707,12.867647058823529,0.7706125503268222
2006-12-01,1418.300048828125,91.7,13.619431738260701,0.21857923497268228,-13.400852503288018
2007-01-01,1438.239990234375,96.9,12.35548087692504,6.25,-6.105480876925039
2007-02-01,1406.8199462890625,91.3,9.85116336438072,5.305651672433664,-4.545511691947056
2007-03-01,1420.8599853515625,88.4,9.7299335616293,-0.5624296962879693,-10.29236325791727
2007-04-01,1482.3699951171875,87.1,13.10534878303644,-0.3432494279176357,-13.448598210954076
2007-05-01,1530.6199951171875,88.3,20.51272242975375,11.63084702907713,-8.881875400676622
2007-06-01,1503.3499755859375,85.3,18.355379733636457,0.4711425206124664,-17.88423721302399
2007-07-01,1455.27001953125,90.4,13.99041096060687,6.729634002361284,-7.260776958245585
2007-08-01,1473.989990234375,83.4,13.05165214181998,1.7073170731707332,-11.344335068649247
2007-09-01,1526.75,83.4,14.290528719763529,-2.3419203747072626,-16.632449094470793
2007-10-01,1549.3800048828125,80.9,12.441766025128809,-13.568376068376054,-26.01014209350486
2007-11-01,1481.1400146484375,76.1,5.748128305473577,-17.372421281216067,-23.12054958668964
2007-12-01,1468.3599853515625,75.5,3.5295730663479574,-17.666303162486376,-21.195876228834333
2008-01-01,1378.550048828125,78.4,-4.150207323641652,-19.091847265221872,-14.94163994158022
2008-02-01,1330.6300048828125,70.8,-5.415756409142858,-22.453450164293542,-17.037693755150684
2008-03-01,1322.699951171875,69.5,-6.908494516818964,-21.38009049773756,-14.471595980918595
2008-04-01,1385.5899658203125,62.6,-6.528736389407563,-28.128587830080363,-21.5998514406728
2008-05-01,1400.3800048828125,59.8,-8.508969610344309,-32.276330690826725,-23.767361080482416
2008-06-01,1280.0,56.4,-14.856818386476235,-33.88042203985931,-19.023603653383077
2008-07-01,1267.3800048828125,61.2,-12.911007038333533,-32.30088495575222,-19.389877917418683
2008-08-01,1282.8299560546875,63.0,-12.968882790668868,-24.460431654676263,-11.491548864007395
2008-09-01,1166.3599853515625,70.3,-23.605044352280167,-15.707434052757808,7.897610299522359
2008-10-01,968.75,57.6,-37.4749901930436,-28.80098887515451,8.674001317889093
2008-11-01,896.239990234375,55.3,-39.489853668756226,-27.33245729303547,12.157396375720754
2008-12-01,903.25,60.1,-38.485793060906715,-20.397350993377483,18.088442067529233
2009-01-01,825.8800048828125,61.2,-40.09067675236928,-21.938775510204078,18.151901242165206
2009-02-01,735.0900268554688,56.3,-44.756241467724344,-20.48022598870056,24.276015479023783
2009-03-01,797.8699951171875,57.3,-39.678685675440065,-17.55395683453238,22.124728840907686
2009-04-01,872.8099975585938,65.1,-37.00806017010502,3.9936102236421522,41.00167039374717
2009-05-01,919.1400146484376,68.7,-34.364957265627794,14.88294314381271,49.247900409440504
2009-06-01,919.3200073242188,70.8,-28.178124427795414,25.531914893617014,53.710039321412424
2009-07-01,987.47998046875,66.0,-22.084932958993875,7.843137254901955,29.92807021389583
2009-08-01,1020.6199951171876,65.7,-20.43996242057835,4.285714285714293,24.725676706292642
2009-09-01,1057.0799560546875,73.5,-9.36932256501718,4.551920341394022,13.921242906411202
2009-10-01,1036.18994140625,70.6,6.96154233870967,22.569444444444443,15.607902105734773
2009-11-01,1095.6300048828125,67.4,22.247390969052283,21.880650994575056,-0.36673997447722684
2009-12-01,1115.0999755859375,72.5,23.45419048834072,20.63227953410982,-2.8219109542309013
2010-01-01,1073.8699951171875,74.4,30.027363390346686,21.568627450980404,-8.458735939366282
2010-02-01,1104.489990234375,73.6,50.25234323462486,30.728241563055047,-19.524101671569813
2010-03-01,1169.4300537109375,73.6,46.56899756446875,28.446771378708547,-18.122226185760205
2010-04-01,1186.68994140625,72.2,35.96200143509296,10.906298003072212,-25.055703432020746
2010-05-01,1089.4100341796875,73.6,18.52492730352693,7.132459970887917,-11.392467332639013
2010-06-01,1030.7099609375,76.0,12.116559274881201,7.344632768361592,-4.771926506519609
2010-07-01,1101.5999755859375,67.8,11.55668948984825,2.7272727272727337,-8.829416762575516
2010-08-01,1049.3299560546875,68.9,2.8129922081531866,4.87062404870624,2.0576318405530536
2010-09-01,1141.199951171875,68.2,7.957770330935654,-7.210884353741498,-15.168654684677152
2010-10-01,1183.260009765625,67.7,14.19335031951585,-4.107648725212454,-18.300999044728304
2010-11-01,1180.550048828125,71.6,7.750795758317652,6.2314540059347,-1.5193417523829522
2010-12-01,1257.6400146484375,74.5,12.782713853760175,2.758620689655178,-10.024093164104997
2011-01-01,1286.1199951171875,74.2,19.764962329247115,-0.26881720430107503,-20.03377953354819
2011-02-01,1327.219970703125,77.5,20.16586681980579,5.2989130434782705,-14.866953776327518
2011-03-01,1325.8299560546875,67.5,13.37402795895728,-8.288043478260864,-21.662071437218145
2011-04-01,1363.6099853515625,69.8,14.908700054848278,-3.3240997229917024,-18.23279977783998
2011-05-01,1345.199951171875,74.3,23.479673306368444,0.9510869565217517,-22.52858634984669
2011-06-01,1320.6400146484375,71.5,28.129159967293482,-5.921052631578949,-34.050212598872434
2011-07-01,1292.280029296875,63.7,17.30937345105834,-6.047197640117985,-23.356571091176328
2011-08-01,1218.8900146484375,55.8,16.158888595086786,-19.01306240928884,-35.17195100437563
2011-09-01,1131.4200439453125,59.5,-0.8569845465310144,-12.756598240469208,-11.899613693938193
2011-10-01,1253.300048828125,60.8,5.919243317990031,-10.192023633678005,-16.111266951668036
2011-11-01,1246.9599609375,63.7,5.625336441711792,-11.033519553072612,-16.658855994784403
2011-12-01,1257.5999755859375,69.9,-0.0031836663936912757,-6.17449664429529,-6.171312977901599
2012-01-01,1312.4100341796875,75.0,2.0441357853319575,1.0781671159029615,-0.965968669428996
2012-02-01,1365.6800537109375,75.3,2.8977926686438726,-2.83870967741936,-5.736502346063233
2012-03-01,1408.469970703125,76.2,6.2330779502336675,12.888888888888882,6.655810938655215
2012-04-01,1397.9100341796875,76.4,2.515385571870965,9.455587392550147,6.940201820679182
2012-05-01,1310.3299560546875,79.3,-2.592179332656863,6.729475100942128,9.321654433598992
2012-06-01,1362.1600341796875,73.2,3.143931659703858,2.3776223776223793,-0.7663092820814787
2012-07-01,1379.3199462890625,72.3,6.735375848804659,13.500784929356357,6.765409080551698
2012-08-01,1406.5799560546875,74.3,15.39843128999503,33.15412186379929,17.75569057380426
2012-09-01,1440.6700439453125,78.3,27.332908026061787,31.596638655462183,4.263730629400396
2012-10-01,1412.1600341796875,82.6,12.675335447413527,35.85526315789473,23.179927710481206
2012-11-01,1416.1800537109375,82.7,13.570611573302882,29.82731554160125,16.256703968298368
2012-12-01,1426.18994140625,72.9,13.40569092662105,4.29184549356223,-9.11384543305882
2013-01-01,1498.1099853515625,73.8,14.149537593862238,-1.6000000000000014,-15.74953759386224
2013-02-01,1514.6800537109375,77.6,10.910315311051445,3.054448871181936,-7.855866439869509
2013-03-01,1569.18994140625,78.6,11.410961827101772,3.149606299212593,-8.26135552788918
2013-04-01,1597.5699462890625,76.4,14.28274404128862,0.0,-14.28274404128862
2013-05-01,1630.739990234375,84.5,24.452622234511058,6.557377049180335,-17.895245185330722
2013-06-01,1606.280029296875,84.1,17.921535575238057,14.890710382513639,-3.030825192724418
2013-07-01,1685.72998046875,85.1,22.214572841062473,17.70401106500692,-4.510561776055553
2013-08-01,1632.969970703125,82.1,16.095069012887,10.497981157469717,-5.597087855417282
2013-09-01,1681.550048828125,77.5,16.71999816301839,-1.0217113665389466,-17.741709529557333
2013-10-01,1756.5400390625,73.2,24.386754797437682,-11.38014527845035,-35.76690007588803
2013-11-01,1805.81005859375,75.1,27.512744856265403,-9.189842805320447,-36.70258766158585
2013-12-01,1848.3599853515625,82.5,29.601249573324353,13.168724279835375,-16.43252529348898
2014-01-01,1782.5899658203125,81.2,18.989258682632105,10.027100271002709,-8.962158411629396
2014-02-01,1859.449951171875,81.6,22.761895927543097,5.154639175257736,-17.607256752285362
2014-03-01,1872.3399658203125,80.0,19.318886542338575,1.781170483460559,-17.537716058878015
2014-04-01,1883.949951171875,84.1,17.925975982963017,10.07853403141359,-7.847441951549428
2014-05-01,1923.5699462890625,81.9,17.956875885076016,-3.076923076923066,-21.033798961999082
2014-06-01,1960.22998046875,82.5,22.035382667791193,-1.9024970273483932,-23.937879695139586
2014-07-01,1930.6700439453125,81.8,14.530207465874945,-3.8777908343125667,-18.40799830018751
2014-08-01,2003.3699951171875,82.5,22.682598642923946,0.4872107186358221,-22.195387924288124
2014-09-01,1972.2900390625,84.6,17.289999214533758,9.16129032258064,-8.128708891953117
2014-10-01,2018.050048828125,86.9,14.887790995370542,18.715846994535525,3.8280559991649827
2014-11-01,2067.56005859375,88.8,14.494879943455086,18.242343541944074,3.747463598488988
2014-12-01,2058.89990234375,93.6,11.390633786748117,13.454545454545453,2.0639116677973366
2015-01-01,1994.989990234375,98.1,11.91524851405299,20.8128078817734,8.897559367720408
2015-02-01,2104.5,95.4,13.178631060959066,16.91176470588236,3.733133644923292
2015-03-01,2067.889892578125,93.0,10.444146379802222,16.250000000000007,5.8058536201977855
2015-04-01,2085.510009765625,95.9,10.69880112623871,14.030915576694426,3.332114450455716
2015-05-01,2107.389892578125,90.7,9.556187267517192,10.744810744810751,1.188623477293559
2015-06-01,2063.110107421875,96.1,5.248370241155231,16.48484848484848,11.236478243693249
2015-07-01,2103.840087890625,93.1,8.969427193858603,13.814180929095343,4.84475373523674
2015-08-01,1972.1800537109375,91.9,-1.5568737418584333,11.393939393939402,12.950813135797835
2015-09-01,1920.030029296875,87.2,-2.6497121990468497,3.073286052009472,5.722998251056321
2015-10-01,2079.360107421875,90.0,3.0380841460970087,3.5673187571921616,0.5292346110951529
2015-11-01,2080.409912109375,91.3,0.62149844026127,2.8153153153153143,2.1938168750540443
2015-12-01,2043.93994140625,92.6,-0.7265997205823549,-1.0683760683760646,-0.3417763477937097
2016-01-01,1940.239990234375,92.0,-2.744374671953509,-6.218144750254839,-3.4737700783013303
2016-02-01,1932.22998046875,91.7,-8.185793277797583,-3.8784067085953944,4.307386569202189
2016-03-01,2059.739990234375,91.0,-0.3941168421491281,-2.1505376344086002,-1.7564207922594721
2016-04-01,2065.300048828125,89.0,-0.9690656406761256,-7.1949947862356645,-6.2259291455595385
2016-05-01,2096.949951171875,94.7,-0.49539676749033035,4.4101433296582115,4.905540097148542
2016-06-01,2098.860107421875,93.5,1.7328207482185443,-2.7055150884495283,-4.438335836668072
2016-07-01,2173.60009765625,90.0,3.315841834517408,-3.329752953813103,-6.645594788330511
2016-08-01,2170.949951171875,89.8,10.078689168715794,-2.2850924918389692,-12.363781660554764
2016-09-01,2168.27001953125,91.2,12.92896394569838,4.587155963302747,-8.341807982395633
2016-10-01,2126.14990234375,87.2,2.2502016247627266,-3.111111111111109,-5.3613127358738355
2016-11-01,2198.81005859375,93.8,5.6911931535803095,2.7382256297918905,-2.952967523788419
2016-12-01,2238.830078125,98.2,9.535022667283656,6.047516198704117,-3.4875064685795385
2017-01-01,2278.8701171875,98.5,17.453002136721206,7.065217391304346,-10.38778474541686
2017-02-01,2363.639892578125,96.3,22.327047839549465,5.016357688113415,-17.31069015143605
2017-03-01,2362.719970703125,96.9,14.709622666221778,6.483516483516483,-8.226106182705294
2017-04-01,2384.199951171875,97.0,15.440850956484375,8.98876404494382,-6.452086911540555
2017-05-01,2411.800048828125,97.1,15.014669161765015,2.5343189017951406,-12.480350259969875
2017-06-01,2423.409912109375,95.0,15.46314609248347,1.6042780748663166,-13.858868017617153
2017-07-01,2470.300048828125,93.4,13.650162764153384,3.777777777777791,-9.872384986375593
2017-08-01,2471.64990234375,96.8,13.851077083078668,7.795100222717144,-6.055976860361524
2017-09-01,2519.360107421875,95.1,16.1921755467765,4.2763157894736725,-11.915859757302828
2017-10-01,2575.260009765625,100.7,21.123162902427573,15.481651376146788,-5.641511526280786
2017-11-01,2647.580078125,98.5,20.409676487393426,5.010660980810244,-15.399015506583183
2017-12-01,2673.610107421875,95.9,19.419965523287928,-2.3421588594704668,-21.762124382758394
2018-01-01,2823.81005859375,95.7,23.91272487608005,-2.8426395939086246,-26.755364469988674
2018-02-01,2713.830078125,99.7,14.815716499221354,3.530633437175501,-11.285083062045853
2018-03-01,2640.8701171875,101.4,11.772455048983232,4.643962848297223,-7.12849220068601
2018-04-01,2648.050048828125,98.8,11.066609473193022,1.855670103092777,-9.210939370100245
2018-05-01,2705.27001953125,98.0,12.168088761990026,0.9268795056642798,-11.241209256325746
2018-06-01,2718.3701171875,98.2,12.171288216832732,3.368421052631576,-8.802867164201157
2018-07-01,2816.2900390625,97.9,14.005990502996092,4.817987152034253,-9.18800335096184
2018-08-01,2901.52001953125,96.2,17.392030998398035,-0.619834710743794,-18.01186570914183
2018-09-01,2913.97998046875,100.1,15.663496134766518,5.257623554153512,-10.405872580613007
2018-10-01,2711.739990234375,98.6,5.299658285035491,-2.0854021847070636,-7.385060469742555
2018-11-01,2760.169921875,97.5,4.2525566905510015,-1.0152284263959421,-5.267785116946944
2018-12-01,2506.85009765625,98.3,-6.2372598496206795,2.502606882168923,8.739866731789602
2019-01-01,2704.10009765625,91.2,-4.239306414154331,-4.702194357366773,-0.46288794321244175
2019-02-01,2784.489990234375,93.8,2.6036969918984187,-5.917753259779346,-8.521450251677765
2019-03-01,2834.39990234375,98.4,7.328258360632933,-2.9585798816568087,-10.286838242289742
2019-04-01,2945.830078125,97.2,11.245256842054596,-1.6194331983805599,-12.864690040435157
2019-05-01,2752.06005859375,100.0,1.729588496700507,2.0408163265306145,0.31122782983010744
2019-06-01,2941.760009765625,98.2,8.217787973966196,0.0,-8.217787973966196
2019-07-01,2980.3798828125,98.4,5.8264540041700785,0.5107252298263587,-5.31572877434372
2019-08-01,2926.4599609375,89.8,0.8595474523136026,-6.652806652806653,-7.512354105120256
2019-09-01,2976.739990234375,93.2,2.1537556944893455,-6.893106893106882,-9.046862587596227
2019-10-01,3037.56005859375,95.5,12.015166259771615,-3.144016227180524,-15.159182486952139
2019-11-01,3140.97998046875,96.8,13.796616490011715,-0.7179487179487243,-14.51456520796044
2019-12-01,3230.780029296875,99.3,28.878070225158446,1.0172939979654183,-27.86077622719303
2020-01-01,3225.52001953125,99.8,19.28256732533442,9.42982456140351,-9.852742763930909
2020-02-01,2954.219970703125,101.0,6.095550031209251,7.6759061833688635,1.5803561521596121
2020-03-01,2584.590087890625,89.1,-8.813499261221347,-9.45121951219513,-0.6377202509737838
2020-04-01,2912.429931640625,71.8,-1.133811034533061,-26.131687242798364,-24.997876208265303
2020-05-01,3044.31005859375,72.3,10.619317666684003,-27.700000000000003,-38.31931766668401
2020-06-01,3100.2900390625,78.1,5.388951810161613,-20.468431771894103,-25.857383582055718
2020-07-01,3271.1201171875,72.5,9.755140143431529,-26.321138211382124,-36.07627835481365
2020-08-01,3500.31005859375,74.1,19.609019269561976,-17.483296213808465,-37.09231548337044
2020-09-01,3363.0,80.4,12.975940493049665,-13.733905579399142,-26.709846072448805
2020-10-01,3269.9599609375,81.8,7.650874315595924,-14.345549738219898,-21.996424053815822
2020-11-01,3621.6298828125,76.9,15.302545872069494,-20.55785123966941,-35.860397111738905
2020-12-01,3756.070068359375,80.7,16.258923055706177,-18.731117824773413,-34.99004088047959
2021-01-01,3714.239990234375,79.0,15.151664467863025,-20.841683366733466,-35.99334783459649
2021-02-01,3811.14990234375,76.8,29.006977819484092,-23.96039603960396,-52.967373859088056
2021-03-01,3972.889892578125,84.9,53.71450626511303,-4.713804713804704,-58.428310978917736
2021-04-01,4181.169921875,88.3,43.56293610537338,22.980501392757667,-20.582434712615715
2021-05-01,4204.10986328125,82.9,38.0972956881811,14.661134163208867,-23.43616152497223
2021-06-01,4297.5,85.5,38.61606320225206,9.47503201024329,-29.141031192008768
2021-07-01,4395.259765625,81.2,34.365587571392275,12.00000000000001,-22.365587571392265
2021-08-01,4522.68017578125,70.3,29.207987294652327,-5.128205128205121,-34.33619242285745
2021-09-01,4307.5400390625,72.8,28.08623369201606,-9.452736318407972,-37.53897001042403
2021-10-01,4605.3798828125,71.7,40.83902976879674,-12.347188264058673,-53.186218032855415
2021-11-01,4567.0,67.4,26.103443691858995,-12.353706111833551,-38.457149803692545
2021-12-01,4766.18017578125,70.6,26.89273866137125,-12.515489467162343,-39.408228128533594
2022-01-01,4515.5498046875,67.2,21.573991356507925,-14.936708860759495,-36.51070021726742
2022-02-01,4373.93994140625,62.8,14.766935268444836,-18.229166666666664,-32.9961019351115
2022-03-01,4530.41015625,59.4,14.03311641516658,-30.03533568904594,-44.06845210421252
2022-04-01,4131.93017578125,65.2,-1.177654747685286,-26.160815402038494,-24.98316065435321
2022-05-01,4132.14990234375,58.4,-1.711657479886508,-29.553679131483722,-27.842021651597214
2022-06-01,3785.3798828125,50.0,-11.916698480221054,-41.52046783625731,-29.603769356036256
2022-07-01,4130.2900390625,51.5,-6.028533936374103,-36.57635467980296,-30.547820743428858
2022-08-01,3955.0,58.2,-12.551853186991902,-17.211948790896148,-4.660095603904246
2022-09-01,3585.6201171875,58.6,-16.759447743453126,-19.505494505494504,-2.7460467620413773
2022-10-01,3871.97998046875,59.9,-15.924851391322436,-16.457461645746175,-0.532610254423739
2022-11-01,4080.110107421875,56.7,-10.661044286799326,-15.875370919881304,-5.214326633081978
2022-12-01,3839.5,59.8,-19.442827203429268,-15.29745042492917,4.145376778500097
2023-01-01,4076.60009765625,64.9,-9.720847427606383,-3.4226190476190466,6.298228379987337
2023-02-01,3970.14990234375,66.9,-9.231723445491092,6.52866242038217,15.76038586587326
2023-03-01,4109.31005859375,62.0,-9.294966308410613,4.3771043771043905,13.672070685515003
2023-04-01,4169.47998046875,63.7,0.9087715205739144,-2.300613496932513,-3.2093850175064276
2023-05-01,4179.830078125,59.0,1.1538830126710975,1.0273972602739656,-0.1264857523971319
2023-06-01,4450.3798828125,64.2,17.567589530959093,28.400000000000002,10.832410469040909
2023-07-01,4588.9599609375,71.5,11.105029369296048,38.834951456310684,27.729922087014636
2023-08-01,4507.66015625,69.4,13.973708122629592,19.243986254295532,5.27027813166594
2023-09-01,4288.0498046875,67.8,19.59018703997495,15.699658703071663,-3.8905283369032873
2023-10-01,4193.7998046875,63.8,8.311505375598305,6.510851419031716,-1.800653956566589
2023-11-01,4567.7998046875,61.3,11.952856281464053,8.112874779541436,-3.839981501922617
2023-12-01,4769.830078125,69.7,24.230500797629894,16.555183946488295,-7.675316851141599
2024-01-01,4845.64990234375,79.0,18.864980284174738,21.725731895223397,2.8607516110486593
2024-02-01,5096.27001953125,76.9,28.36467500944242,14.947683109118092,-13.416991900324327
2024-03-01,5254.35009765625,79.4,27.864532554994035,28.06451612903227,0.1999835740382352
2024-04-01,5035.68994140625,77.2,20.775011871866987,21.193092621664043,0.41808074979705623
2024-05-01,5277.509765625,69.1,26.26134715965296,17.118644067796595,-9.142703091856365
2024-06-01,5460.47998046875,68.2,22.69694103097326,6.230529595015577,-16.46641143595768
2024-07-01,5522.2998046875,66.4,20.33880991978243,-7.132867132867126,-27.471677052649557
2024-08-01,5648.39990234375,67.9,25.306693640426325,-2.1613832853025983,-27.468076925728923
2024-09-01,5762.47998046875,70.1,34.38463271040999,3.3923303834808127,-30.992302326929178
2024-10-01,5705.4501953125,70.5,36.04488676200985,10.501567398119139,-25.543319363890713
2024-11-01,6032.3798828125,71.8,32.06314069679761,17.128874388254477,-14.934266308543133
2024-12-01,5881.6298828125,74.0,23.309002343424012,6.1692969870875025,-17.13970535633651
2025-01-01,6040.52978515625,71.7,24.65881578102782,-9.240506329113918,-33.89932211014174
2025-02-01,5954.5,64.7,16.840355341840564,-15.864759427828357,-32.705114769668924
2025-03-01,5611.85009765625,57.0,6.803886177273677,-28.21158690176323,-35.01547307903691
2025-04-01,5569.06005859375,52.2,10.591798212233705,-32.38341968911917,-42.97521790135288
2025-05-01,5911.68994140625,52.2,12.016655656650332,-24.45730824891461,-36.47396390556494
2025-06-01,6204.9501953125,60.7,13.633787093929461,-10.997067448680353,-24.630854542609814
2025-07-01,6339.39013671875,61.7,14.796196529164863,-7.078313253012047,-21.87450978217691
2025-08-01,6460.259765625,58.2,14.373271675477085,-14.28571428571429,-28.658985961191377
2025-09-01,6688.4599609375,55.1,16.06912273200516,-21.398002853067045,-37.4671255850722
2025-10-01,6840.2001953125,53.6,19.888877497034162,-23.97163120567376,-43.86050870270792
2025-11-01,6538.759765625,50.3,8.394363296901798,-29.94428969359332,-38.33865299049512
