Month,Agency,Police Force,Felony Type,Felony Count,Crimes per Million Riders
2019-01-01,NYCT,NYPD,Burglary,1,0.01
2019-01-01,NYCT,NYPD,Felony Assault,30,0.16
2019-01-01,NYCT,NYPD,Murder,0,0.0
2019-01-01,NYCT,NYPD,Rape,1,0.01
2019-01-01,NYCT,NYPD,Robbery,34,0.18
2019-01-01,NYCT,NYPD,Grand Larceny,129,0.68
2019-02-01,NYCT,NYPD,Burglary,1,0.01
2019-02-01,NYCT,NYPD,Felony Assault,27,0.15
2019-02-01,NYCT,NYPD,Murder,1,0.01
2019-02-01,NYCT,NYPD,Rape,0,0.0
2019-02-01,NYCT,NYPD,Robbery,50,0.28
2019-02-01,NYCT,NYPD,Grand Larceny,113,0.64
2019-03-01,NYCT,NYPD,Burglary,0,0.0
2019-03-01,NYCT,NYPD,Felony Assault,33,0.16
2019-03-01,NYCT,NYPD,Murder,0,0.0
2019-03-01,NYCT,NYPD,Rape,0,0.0
2019-03-01,NYCT,NYPD,Robbery,33,0.16
2019-03-01,NYCT,NYPD,Grand Larceny,107,0.53
2019-04-01,NYCT,NYPD,Burglary,0,0.0
2019-04-01,NYCT,NYPD,Felony Assault,31,0.15
2019-04-01,NYCT,NYPD,Murder,0,0.0
2019-04-01,NYCT,NYPD,Rape,0,0.0
2019-04-01,NYCT,NYPD,Robbery,35,0.17
2019-04-01,NYCT,NYPD,Grand Larceny,112,0.55
2019-05-01,NYCT,NYPD,Burglary,0,0.0
2019-05-01,NYCT,NYPD,Felony Assault,35,0.17
2019-05-01,NYCT,NYPD,Murder,0,0.0
2019-05-01,NYCT,NYPD,Rape,1,0.0
2019-05-01,NYCT,NYPD,Robbery,37,0.18
2019-05-01,NYCT,NYPD,Grand Larceny,126,0.6
2019-06-01,NYCT,NYPD,Burglary,0,0.0
2019-06-01,NYCT,NYPD,Felony Assault,22,0.11
2019-06-01,NYCT,NYPD,Murder,0,0.0
2019-06-01,NYCT,NYPD,Rape,0,0.0
2019-06-01,NYCT,NYPD,Robbery,46,0.23
2019-06-01,NYCT,NYPD,Grand Larceny,145,0.74
2019-07-01,NYCT,NYPD,Burglary,1,0.01
2019-07-01,NYCT,NYPD,Felony Assault,22,0.11
2019-07-01,NYCT,NYPD,Murder,1,0.01
2019-07-01,NYCT,NYPD,Rape,0,0.0
2019-07-01,NYCT,NYPD,Robbery,35,0.18
2019-07-01,NYCT,NYPD,Grand Larceny,121,0.62
2019-08-01,NYCT,NYPD,Burglary,1,0.01
2019-08-01,NYCT,NYPD,Felony Assault,29,0.15
2019-08-01,NYCT,NYPD,Murder,0,0.0
2019-08-01,NYCT,NYPD,Rape,0,0.0
2019-08-01,NYCT,NYPD,Robbery,56,0.29
2019-08-01,NYCT,NYPD,Grand Larceny,119,0.62
2019-09-01,NYCT,NYPD,Burglary,0,0.0
2019-09-01,NYCT,NYPD,Felony Assault,23,0.11
2019-09-01,NYCT,NYPD,Murder,0,0.0
2019-09-01,NYCT,NYPD,Rape,1,0.0
2019-09-01,NYCT,NYPD,Robbery,68,0.34
2019-09-01,NYCT,NYPD,Grand Larceny,146,0.72
2019-10-01,NYCT,NYPD,Burglary,0,0.0
2019-10-01,NYCT,NYPD,Felony Assault,26,0.12
2019-10-01,NYCT,NYPD,Murder,1,0.0
2019-10-01,NYCT,NYPD,Rape,0,0.0
2019-10-01,NYCT,NYPD,Robbery,42,0.19
2019-10-01,NYCT,NYPD,Grand Larceny,134,0.62
2019-11-01,NYCT,NYPD,Burglary,0,0.0
2019-11-01,NYCT,NYPD,Felony Assault,44,0.22
2019-11-01,NYCT,NYPD,Murder,0,0.0
2019-11-01,NYCT,NYPD,Rape,0,0.0
2019-11-01,NYCT,NYPD,Robbery,58,0.3
2019-11-01,NYCT,NYPD,Grand Larceny,142,0.72
2019-12-01,NYCT,NYPD,Burglary,2,0.01
2019-12-01,NYCT,NYPD,Felony Assault,43,0.22
2019-12-01,NYCT,NYPD,Murder,0,0.0
2019-12-01,NYCT,NYPD,Rape,0,0.0
2019-12-01,NYCT,NYPD,Robbery,60,0.31
2019-12-01,NYCT,NYPD,Grand Larceny,152,0.79
2020-01-01,NYCT,NYPD,Burglary,0,0.0
2020-01-01,NYCT,NYPD,Felony Assault,33,0.17
2020-01-01,NYCT,NYPD,Murder,0,0.0
2020-01-01,NYCT,NYPD,Rape,1,0.01
2020-01-01,NYCT,NYPD,Robbery,75,0.39
2020-01-01,NYCT,NYPD,Grand Larceny,152,0.79
2020-02-01,NYCT,NYPD,Burglary,1,0.01
2020-02-01,NYCT,NYPD,Felony Assault,43,0.23
2020-02-01,NYCT,NYPD,Murder,0,0.0
2020-02-01,NYCT,NYPD,Rape,1,0.01
2020-02-01,NYCT,NYPD,Robbery,76,0.41
2020-02-01,NYCT,NYPD,Grand Larceny,145,0.79
2020-03-01,NYCT,NYPD,Burglary,2,0.02
2020-03-01,NYCT,NYPD,Felony Assault,30,0.28
2020-03-01,NYCT,NYPD,Murder,1,0.01
2020-03-01,NYCT,NYPD,Rape,0,0.0
2020-03-01,NYCT,NYPD,Robbery,51,0.48
2020-03-01,NYCT,NYPD,Grand Larceny,89,0.84
2020-04-01,NYCT,NYPD,Burglary,10,0.82
2020-04-01,NYCT,NYPD,Felony Assault,21,1.71
2020-04-01,NYCT,NYPD,Murder,1,0.08
2020-04-01,NYCT,NYPD,Rape,0,0.0
2020-04-01,NYCT,NYPD,Robbery,44,3.59
2020-04-01,NYCT,NYPD,Grand Larceny,45,3.67
2020-05-01,NYCT,NYPD,Burglary,0,0.0
2020-05-01,NYCT,NYPD,Felony Assault,19,1.21
2020-05-01,NYCT,NYPD,Murder,0,0.0
2020-05-01,NYCT,NYPD,Rape,0,0.0
2020-05-01,NYCT,NYPD,Robbery,35,2.23
2020-05-01,NYCT,NYPD,Grand Larceny,31,1.97
2020-06-01,NYCT,NYPD,Burglary,3,0.12
2020-06-01,NYCT,NYPD,Felony Assault,19,0.77
2020-06-01,NYCT,NYPD,Murder,0,0.0
2020-06-01,NYCT,NYPD,Rape,2,0.08
2020-06-01,NYCT,NYPD,Robbery,46,1.87
2020-06-01,NYCT,NYPD,Grand Larceny,36,1.47
2020-07-01,NYCT,NYPD,Burglary,3,0.09
2020-07-01,NYCT,NYPD,Felony Assault,31,0.93
2020-07-01,NYCT,NYPD,Murder,1,0.03
2020-07-01,NYCT,NYPD,Rape,0,0.0
2020-07-01,NYCT,NYPD,Robbery,38,1.14
2020-07-01,NYCT,NYPD,Grand Larceny,34,1.02
2020-08-01,NYCT,NYPD,Burglary,1,0.03
2020-08-01,NYCT,NYPD,Felony Assault,29,0.79
2020-08-01,NYCT,NYPD,Murder,1,0.03
2020-08-01,NYCT,NYPD,Rape,2,0.05
2020-08-01,NYCT,NYPD,Robbery,46,1.25
2020-08-01,NYCT,NYPD,Grand Larceny,31,0.84
2020-09-01,NYCT,NYPD,Burglary,2,0.03
2020-09-01,NYCT,NYPD,Felony Assault,22,0.31
2020-09-01,NYCT,NYPD,Murder,0,0.0
2020-09-01,NYCT,NYPD,Rape,0,0.0
2020-09-01,NYCT,NYPD,Robbery,39,0.55
2020-09-01,NYCT,NYPD,Grand Larceny,50,0.71
2020-10-01,NYCT,NYPD,Burglary,0,0.0
2020-10-01,NYCT,NYPD,Felony Assault,37,0.47
2020-10-01,NYCT,NYPD,Murder,1,0.01
2020-10-01,NYCT,NYPD,Rape,0,0.0
2020-10-01,NYCT,NYPD,Robbery,39,0.5
2020-10-01,NYCT,NYPD,Grand Larceny,72,0.92
2020-11-01,NYCT,NYPD,Burglary,1,0.01
2020-11-01,NYCT,NYPD,Felony Assault,26,0.37
2020-11-01,NYCT,NYPD,Murder,0,0.0
2020-11-01,NYCT,NYPD,Rape,1,0.01
2020-11-01,NYCT,NYPD,Robbery,38,0.54
2020-11-01,NYCT,NYPD,Grand Larceny,44,0.62
2020-12-01,NYCT,NYPD,Burglary,0,0.0
2020-12-01,NYCT,NYPD,Felony Assault,37,0.53
2020-12-01,NYCT,NYPD,Murder,0,0.0
2020-12-01,NYCT,NYPD,Rape,0,0.0
2020-12-01,NYCT,NYPD,Robbery,40,0.57
2020-12-01,NYCT,NYPD,Grand Larceny,41,0.59
2021-01-01,NYCT,NYPD,Burglary,2,0.03
2021-01-01,NYCT,NYPD,Felony Assault,43,0.65
2021-01-01,NYCT,NYPD,Murder,0,0.0
2021-01-01,NYCT,NYPD,Rape,1,0.02
2021-01-01,NYCT,NYPD,Robbery,24,0.36
2021-01-01,NYCT,NYPD,Grand Larceny,44,0.66
2021-02-01,NYCT,NYPD,Burglary,1,0.02
2021-02-01,NYCT,NYPD,Felony Assault,37,0.6
2021-02-01,NYCT,NYPD,Murder,2,0.03
2021-02-01,NYCT,NYPD,Rape,0,0.0
2021-02-01,NYCT,NYPD,Robbery,30,0.48
2021-02-01,NYCT,NYPD,Grand Larceny,34,0.55
2021-03-01,NYCT,NYPD,Burglary,0,0.0
2021-03-01,NYCT,NYPD,Felony Assault,40,0.49
2021-03-01,NYCT,NYPD,Murder,1,0.01
2021-03-01,NYCT,NYPD,Rape,1,0.01
2021-03-01,NYCT,NYPD,Robbery,35,0.43
2021-03-01,NYCT,NYPD,Grand Larceny,41,0.5
2021-04-01,NYCT,NYPD,Burglary,0,0.0
2021-04-01,NYCT,NYPD,Felony Assault,37,0.44
2021-04-01,NYCT,NYPD,Murder,1,0.01
2021-04-01,NYCT,NYPD,Rape,0,0.0
2021-04-01,NYCT,NYPD,Robbery,26,0.31
2021-04-01,NYCT,NYPD,Grand Larceny,47,0.56
2021-05-01,NYCT,NYPD,Burglary,0,0.0
2021-05-01,NYCT,NYPD,Felony Assault,65,0.72
2021-05-01,NYCT,NYPD,Murder,0,0.0
2021-05-01,NYCT,NYPD,Rape,0,0.0
2021-05-01,NYCT,NYPD,Robbery,51,0.57
2021-05-01,NYCT,NYPD,Grand Larceny,52,0.58
2021-06-01,NYCT,NYPD,Burglary,0,0.0
2021-06-01,NYCT,NYPD,Felony Assault,31,0.31
2021-06-01,NYCT,NYPD,Murder,0,0.0
2021-06-01,NYCT,NYPD,Rape,0,0.0
2021-06-01,NYCT,NYPD,Robbery,33,0.33
2021-06-01,NYCT,NYPD,Grand Larceny,47,0.48
2021-07-01,NYCT,NYPD,Burglary,0,0.0
2021-07-01,NYCT,NYPD,Felony Assault,26,0.26
2021-07-01,NYCT,NYPD,Murder,0,0.0
2021-07-01,NYCT,NYPD,Rape,0,0.0
2021-07-01,NYCT,NYPD,Robbery,39,0.39
2021-07-01,NYCT,NYPD,Grand Larceny,55,0.55
2021-08-01,NYCT,NYPD,Burglary,1,0.01
2021-08-01,NYCT,NYPD,Felony Assault,35,0.35
2021-08-01,NYCT,NYPD,Murder,0,0.0
2021-08-01,NYCT,NYPD,Rape,2,0.02
2021-08-01,NYCT,NYPD,Robbery,44,0.44
2021-08-01,NYCT,NYPD,Grand Larceny,64,0.64
2021-09-01,NYCT,NYPD,Burglary,0,0.0
2021-09-01,NYCT,NYPD,Felony Assault,36,0.33
2021-09-01,NYCT,NYPD,Murder,0,0.0
2021-09-01,NYCT,NYPD,Rape,0,0.0
2021-09-01,NYCT,NYPD,Robbery,52,0.48
2021-09-01,NYCT,NYPD,Grand Larceny,96,0.88
2021-10-01,NYCT,NYPD,Burglary,1,0.01
2021-10-01,NYCT,NYPD,Felony Assault,34,0.28
2021-10-01,NYCT,NYPD,Murder,0,0.0
2021-10-01,NYCT,NYPD,Rape,1,0.01
2021-10-01,NYCT,NYPD,Robbery,40,0.33
2021-10-01,NYCT,NYPD,Grand Larceny,85,0.7
2021-11-01,NYCT,NYPD,Burglary,1,0.01
2021-11-01,NYCT,NYPD,Felony Assault,40,0.34
2021-11-01,NYCT,NYPD,Murder,1,0.01
2021-11-01,NYCT,NYPD,Rape,0,0.0
2021-11-01,NYCT,NYPD,Robbery,88,0.74
2021-11-01,NYCT,NYPD,Grand Larceny,103,0.87
2021-12-01,NYCT,NYPD,Burglary,0,0.0
2021-12-01,NYCT,NYPD,Felony Assault,39,0.35
2021-12-01,NYCT,NYPD,Murder,1,0.01
2021-12-01,NYCT,NYPD,Rape,4,0.04
2021-12-01,NYCT,NYPD,Robbery,58,0.51
2021-12-01,NYCT,NYPD,Grand Larceny,92,0.82
2022-01-01,NYCT,NYPD,Burglary,1,0.01
2022-01-01,NYCT,NYPD,Felony Assault,45,0.49
2022-01-01,NYCT,NYPD,Murder,1,0.01
2022-01-01,NYCT,NYPD,Rape,1,0.01
2022-01-01,NYCT,NYPD,Robbery,57,0.62
2022-01-01,NYCT,NYPD,Grand Larceny,93,1.01
2022-02-01,NYCT,NYPD,Burglary,1,0.01
2022-02-01,NYCT,NYPD,Felony Assault,41,0.41
2022-02-01,NYCT,NYPD,Murder,0,0.0
2022-02-01,NYCT,NYPD,Rape,1,0.01
2022-02-01,NYCT,NYPD,Robbery,52,0.52
2022-02-01,NYCT,NYPD,Grand Larceny,87,0.86
2022-03-01,NYCT,NYPD,Burglary,0,0.0
2022-03-01,NYCT,NYPD,Felony Assault,62,0.49
2022-03-01,NYCT,NYPD,Murder,0,0.0
2022-03-01,NYCT,NYPD,Rape,1,0.01
2022-03-01,NYCT,NYPD,Robbery,42,0.33
2022-03-01,NYCT,NYPD,Grand Larceny,75,0.6
2022-04-01,NYCT,NYPD,Burglary,1,0.01
2022-04-01,NYCT,NYPD,Felony Assault,49,0.41
2022-04-01,NYCT,NYPD,Murder,1,0.01
2022-04-01,NYCT,NYPD,Rape,1,0.01
2022-04-01,NYCT,NYPD,Robbery,47,0.39
2022-04-01,NYCT,NYPD,Grand Larceny,77,0.65
2022-05-01,NYCT,NYPD,Burglary,0,0.0
2022-05-01,NYCT,NYPD,Felony Assault,55,0.44
2022-05-01,NYCT,NYPD,Murder,1,0.01
2022-05-01,NYCT,NYPD,Rape,1,0.01
2022-05-01,NYCT,NYPD,Robbery,54,0.43
2022-05-01,NYCT,NYPD,Grand Larceny,108,0.86
2022-06-01,NYCT,NYPD,Burglary,0,0.0
2022-06-01,NYCT,NYPD,Felony Assault,35,0.28
2022-06-01,NYCT,NYPD,Murder,0,0.0
2022-06-01,NYCT,NYPD,Rape,1,0.01
2022-06-01,NYCT,NYPD,Robbery,49,0.39
2022-06-01,NYCT,NYPD,Grand Larceny,77,0.62
2022-07-01,NYCT,NYPD,Burglary,0,0.0
2022-07-01,NYCT,NYPD,Felony Assault,39,0.34
2022-07-01,NYCT,NYPD,Murder,1,0.01
2022-07-01,NYCT,NYPD,Rape,2,0.02
2022-07-01,NYCT,NYPD,Robbery,44,0.38
2022-07-01,NYCT,NYPD,Grand Larceny,107,0.93
2022-08-01,NYCT,NYPD,Burglary,0,0.0
2022-08-01,NYCT,NYPD,Felony Assault,40,0.34
2022-08-01,NYCT,NYPD,Murder,0,0.0
2022-08-01,NYCT,NYPD,Rape,0,0.0
2022-08-01,NYCT,NYPD,Robbery,48,0.4
2022-08-01,NYCT,NYPD,Grand Larceny,90,0.75
2022-09-01,NYCT,NYPD,Burglary,1,0.01
2022-09-01,NYCT,NYPD,Felony Assault,36,0.28
2022-09-01,NYCT,NYPD,Murder,1,0.01
2022-09-01,NYCT,NYPD,Rape,1,0.01
2022-09-01,NYCT,NYPD,Robbery,54,0.42
2022-09-01,NYCT,NYPD,Grand Larceny,105,0.81
2022-10-01,NYCT,NYPD,Burglary,2,0.02
2022-10-01,NYCT,NYPD,Felony Assault,46,0.35
2022-10-01,NYCT,NYPD,Murder,3,0.02
2022-10-01,NYCT,NYPD,Rape,0,0.0
2022-10-01,NYCT,NYPD,Robbery,51,0.38
2022-10-01,NYCT,NYPD,Grand Larceny,108,0.81
2022-11-01,NYCT,NYPD,Burglary,0,0.0
2022-11-01,NYCT,NYPD,Felony Assault,46,0.36
2022-11-01,NYCT,NYPD,Murder,0,0.0
2022-11-01,NYCT,NYPD,Rape,2,0.02
2022-11-01,NYCT,NYPD,Robbery,60,0.47
2022-11-01,NYCT,NYPD,Grand Larceny,97,0.76
2022-12-01,NYCT,NYPD,Burglary,0,0.0
2022-12-01,NYCT,NYPD,Felony Assault,44,0.35
2022-12-01,NYCT,NYPD,Murder,1,0.01
2022-12-01,NYCT,NYPD,Rape,1,0.01
2022-12-01,NYCT,NYPD,Robbery,44,0.35
2022-12-01,NYCT,NYPD,Grand Larceny,108,0.85
2023-01-01,NYCT,NYPD,Burglary,0,0.0
2023-01-01,NYCT,NYPD,Felony Assault,43,0.35
2023-01-01,NYCT,NYPD,Murder,1,0.01
2023-01-01,NYCT,NYPD,Rape,1,0.01
2023-01-01,NYCT,NYPD,Robbery,46,0.37
2023-01-01,NYCT,NYPD,Grand Larceny,54,0.43
2023-02-01,NYCT,NYPD,Burglary,1,0.01
2023-02-01,NYCT,NYPD,Felony Assault,36,0.31
2023-02-01,NYCT,NYPD,Murder,0,0.0
2023-02-01,NYCT,NYPD,Rape,0,0.0
2023-02-01,NYCT,NYPD,Robbery,41,0.35
2023-02-01,NYCT,NYPD,Grand Larceny,91,0.77
2023-03-01,NYCT,NYPD,Burglary,3,0.02
2023-03-01,NYCT,NYPD,Felony Assault,53,0.38
2023-03-01,NYCT,NYPD,Murder,0,0.0
2023-03-01,NYCT,NYPD,Rape,0,0.0
2023-03-01,NYCT,NYPD,Robbery,53,0.38
2023-03-01,NYCT,NYPD,Grand Larceny,104,0.74
2023-04-01,NYCT,NYPD,Burglary,0,0.0
2023-04-01,NYCT,NYPD,Felony Assault,44,0.34
2023-04-01,NYCT,NYPD,Murder,3,0.02
2023-04-01,NYCT,NYPD,Rape,1,0.01
2023-04-01,NYCT,NYPD,Robbery,39,0.3
2023-04-01,NYCT,NYPD,Grand Larceny,80,0.62
2023-05-01,NYCT,NYPD,Burglary,1,0.01
2023-05-01,NYCT,NYPD,Felony Assault,57,0.4
2023-05-01,NYCT,NYPD,Murder,2,0.01
2023-05-01,NYCT,NYPD,Rape,1,0.01
2023-05-01,NYCT,NYPD,Robbery,38,0.26
2023-05-01,NYCT,NYPD,Grand Larceny,94,0.65
2023-06-01,NYCT,NYPD,Burglary,0,0.0
2023-06-01,NYCT,NYPD,Felony Assault,54,0.4
2023-06-01,NYCT,NYPD,Murder,1,0.01
2023-06-01,NYCT,NYPD,Rape,1,0.01
2023-06-01,NYCT,NYPD,Robbery,40,0.3
2023-06-01,NYCT,NYPD,Grand Larceny,99,0.74
2023-07-01,NYCT,NYPD,Burglary,2,0.02
2023-07-01,NYCT,NYPD,Felony Assault,40,0.32
2023-07-01,NYCT,NYPD,Murder,0,0.0
2023-07-01,NYCT,NYPD,Rape,0,0.0
2023-07-01,NYCT,NYPD,Robbery,42,0.33
2023-07-01,NYCT,NYPD,Grand Larceny,88,0.7
2023-08-01,NYCT,NYPD,Burglary,1,0.01
2023-08-01,NYCT,NYPD,Felony Assault,42,0.32
2023-08-01,NYCT,NYPD,Murder,0,0.0
2023-08-01,NYCT,NYPD,Rape,0,0.0
2023-08-01,NYCT,NYPD,Robbery,47,0.36
2023-08-01,NYCT,NYPD,Grand Larceny,80,0.61
2023-09-01,NYCT,NYPD,Burglary,0,0.0
2023-09-01,NYCT,NYPD,Felony Assault,45,0.35
2023-09-01,NYCT,NYPD,Murder,0,0.0
2023-09-01,NYCT,NYPD,Rape,0,0.0
2023-09-01,NYCT,NYPD,Robbery,38,0.29
2023-09-01,NYCT,NYPD,Grand Larceny,92,0.71
2023-10-01,NYCT,NYPD,Burglary,2,0.01
2023-10-01,NYCT,NYPD,Felony Assault,54,0.38
2023-10-01,NYCT,NYPD,Murder,0,0.0
2023-10-01,NYCT,NYPD,Rape,0,0.0
2023-10-01,NYCT,NYPD,Robbery,45,0.32
2023-10-01,NYCT,NYPD,Grand Larceny,122,0.86
2023-11-01,NYCT,NYPD,Burglary,1,0.01
2023-11-01,NYCT,NYPD,Felony Assault,52,0.39
2023-11-01,NYCT,NYPD,Murder,0,0.0
2023-11-01,NYCT,NYPD,Rape,0,0.0
2023-11-01,NYCT,NYPD,Robbery,60,0.45
2023-11-01,NYCT,NYPD,Grand Larceny,115,0.87
2023-12-01,NYCT,NYPD,Burglary,2,0.02
2023-12-01,NYCT,NYPD,Felony Assault,37,0.29
2023-12-01,NYCT,NYPD,Murder,0,0.0
2023-12-01,NYCT,NYPD,Rape,1,0.01
2023-12-01,NYCT,NYPD,Robbery,42,0.33
2023-12-01,NYCT,NYPD,Grand Larceny,109,0.85
2024-01-01,NYCT,NYPD,Burglary,2,0.02
2024-01-01,NYCT,NYPD,Felony Assault,55,0.45
2024-01-01,NYCT,NYPD,Murder,1,0.01
2024-01-01,NYCT,NYPD,Rape,0,0.0
2024-01-01,NYCT,NYPD,Robbery,52,0.42
2024-01-01,NYCT,NYPD,Grand Larceny,113,0.92
2024-02-01,NYCT,NYPD,Burglary,2,0.02
2024-02-01,NYCT,NYPD,Felony Assault,35,0.29
2024-02-01,NYCT,NYPD,Murder,2,0.02
2024-02-01,NYCT,NYPD,Rape,1,0.01
2024-02-01,NYCT,NYPD,Robbery,38,0.31
2024-02-01,NYCT,NYPD,Grand Larceny,70,0.58
2024-03-01,NYCT,NYPD,Burglary,0,0.0
2024-03-01,NYCT,NYPD,Felony Assault,49,0.37
2024-03-01,NYCT,NYPD,Murder,1,0.01
2024-03-01,NYCT,NYPD,Rape,1,0.01
2024-03-01,NYCT,NYPD,Robbery,26,0.19
2024-03-01,NYCT,NYPD,Grand Larceny,89,0.66
2024-04-01,NYCT,NYPD,Burglary,1,0.01
2024-04-01,NYCT,NYPD,Felony Assault,28,0.21
2024-04-01,NYCT,NYPD,Murder,0,0.0
2024-04-01,NYCT,NYPD,Rape,0,0.0
2024-04-01,NYCT,NYPD,Robbery,21,0.16
2024-04-01,NYCT,NYPD,Grand Larceny,84,0.63
2024-04-01,NYCT,NYPD,Grand Larceny Auto,0,0.0
2024-05-01,NYCT,NYPD,Burglary,1,0.01
2024-05-01,NYCT,NYPD,Felony Assault,41,0.29
2024-05-01,NYCT,NYPD,Murder,0,0.0
2024-05-01,NYCT,NYPD,Rape,0,0.0
2024-05-01,NYCT,NYPD,Robbery,41,0.29
2024-05-01,NYCT,NYPD,Grand Larceny,95,0.67
2024-05-01,NYCT,NYPD,Grand Larceny Auto,0,0.0
2024-06-01,NYCT,NYPD,Burglary,1,0.01
2024-06-01,NYCT,NYPD,Felony Assault,48,0.37
2024-06-01,NYCT,NYPD,Murder,2,0.02
2024-06-01,NYCT,NYPD,Rape,1,0.01
2024-06-01,NYCT,NYPD,Robbery,30,0.23
2024-06-01,NYCT,NYPD,Grand Larceny,90,0.7
2024-06-01,NYCT,NYPD,Grand Larceny Auto,0,0.0
2024-07-01,NYCT,NYPD,Burglary,0,0.0
2024-07-01,NYCT,NYPD,Felony Assault,41,0.32
2024-07-01,NYCT,NYPD,Murder,0,0.0
2024-07-01,NYCT,NYPD,Rape,0,0.0
2024-07-01,NYCT,NYPD,Robbery,34,0.27
2024-07-01,NYCT,NYPD,Grand Larceny,73,0.58
2024-07-01,NYCT,NYPD,Grand Larceny Auto,0,0.0
2024-08-01,NYCT,NYPD,Burglary,0,0.0
2024-08-01,NYCT,NYPD,Felony Assault,48,0.38
2024-08-01,NYCT,NYPD,Murder,1,0.01
2024-08-01,NYCT,NYPD,Rape,0,0.0
2024-08-01,NYCT,NYPD,Robbery,54,0.43
2024-08-01,NYCT,NYPD,Grand Larceny,79,0.63
2024-08-01,NYCT,NYPD,Grand Larceny Auto,0,0.0
2024-09-01,NYCT,NYPD,Burglary,0,0.0
2024-09-01,NYCT,NYPD,Felony Assault,50,0.36
2024-09-01,NYCT,NYPD,Murder,1,0.01
2024-09-01,NYCT,NYPD,Rape,1,0.01
2024-09-01,NYCT,NYPD,Robbery,24,0.17
2024-09-01,NYCT,NYPD,Grand Larceny,91,0.65
2024-09-01,NYCT,NYPD,Grand Larceny Auto,0,0.0
2024-10-01,NYCT,NYPD,Burglary,2,0.01
2024-10-01,NYCT,NYPD,Felony Assault,45,0.29
2024-10-01,NYCT,NYPD,Murder,1,0.01
2024-10-01,NYCT,NYPD,Rape,2,0.01
2024-10-01,NYCT,NYPD,Robbery,48,0.31
2024-10-01,NYCT,NYPD,Grand Larceny,70,0.46
2024-10-01,NYCT,NYPD,Grand Larceny Auto,0,0.0
2024-11-01,NYCT,NYPD,Burglary,1,0.01
2024-11-01,NYCT,NYPD,Felony Assault,50,0.36
2024-11-01,NYCT,NYPD,Murder,0,0.0
2024-11-01,NYCT,NYPD,Rape,0,0.0
2024-11-01,NYCT,NYPD,Robbery,38,0.28
2024-11-01,NYCT,NYPD,Grand Larceny,113,0.82
2024-11-01,NYCT,NYPD,Grand Larceny Auto,0,0.0
2024-12-01,NYCT,NYPD,Burglary,1,0.01
2024-12-01,NYCT,NYPD,Felony Assault,55,0.4
2024-12-01,NYCT,NYPD,Murder,1,0.01
2024-12-01,NYCT,NYPD,Rape,1,0.01
2024-12-01,NYCT,NYPD,Robbery,41,0.3
2024-12-01,NYCT,NYPD,Grand Larceny,86,0.62
2024-12-01,NYCT,NYPD,Grand Larceny Auto,0,0.0
2025-01-01,NYCT,NYPD,Burglary,1,0.01
2025-01-01,NYCT,NYPD,Felony Assault,45,0.34
2025-01-01,NYCT,NYPD,Murder,0,0.0
2025-01-01,NYCT,NYPD,Rape,0,0.0
2025-01-01,NYCT,NYPD,Robbery,28,0.21
2025-01-01,NYCT,NYPD,Grand Larceny,73,0.54
2025-01-01,NYCT,NYPD,Grand Larceny Auto,0,0.0
2025-02-01,NYCT,NYPD,Burglary,0,0.0
2025-02-01,NYCT,NYPD,Felony Assault,40,0.31
2025-02-01,NYCT,NYPD,Murder,0,0.0
2025-02-01,NYCT,NYPD,Rape,1,0.01
2025-02-01,NYCT,NYPD,Robbery,22,0.17
2025-02-01,NYCT,NYPD,Grand Larceny,71,0.56
2025-02-01,NYCT,NYPD,Grand Larceny Auto,0,0.0
2025-03-01,NYCT,NYPD,Burglary,1,0.01
2025-03-01,NYCT,NYPD,Felony Assault,54,0.37
2025-03-01,NYCT,NYPD,Murder,0,0.0
2025-03-01,NYCT,NYPD,Rape,2,0.01
2025-03-01,NYCT,NYPD,Robbery,37,0.25
2025-03-01,NYCT,NYPD,Grand Larceny,80,0.54
2025-03-01,NYCT,NYPD,Grand Larceny Auto,0,0.0
2025-04-01,NYCT,NYPD,Burglary,2,0.01
2025-04-01,NYCT,NYPD,Felony Assault,42,0.28
2025-04-01,NYCT,NYPD,Murder,1,0.01
2025-04-01,NYCT,NYPD,Rape,2,0.01
2025-04-01,NYCT,NYPD,Robbery,30,0.2
2025-04-01,NYCT,NYPD,Grand Larceny,75,0.5
2025-04-01,NYCT,NYPD,Grand Larceny Auto,0,0.0
2025-05-01,NYCT,NYPD,Burglary,0,0.0
2025-05-01,NYCT,NYPD,Felony Assault,58,0.38
2025-05-01,NYCT,NYPD,Murder,0,0.0
2025-05-01,NYCT,NYPD,Rape,0,0.0
2025-05-01,NYCT,NYPD,Robbery,32,0.21
2025-05-01,NYCT,NYPD,Grand Larceny,97,0.63
2025-05-01,NYCT,NYPD,Grand Larceny Auto,0,0.0
2025-06-01,NYCT,NYPD,Burglary,1,0.01
2025-06-01,NYCT,NYPD,Felony Assault,39,0.27
2025-06-01,NYCT,NYPD,Murder,1,0.01
2025-06-01,NYCT,NYPD,Rape,1,0.01
2025-06-01,NYCT,NYPD,Robbery,38,0.26
2025-06-01,NYCT,NYPD,Grand Larceny,0,0.0
2025-06-01,NYCT,NYPD,Grand Larceny Auto,0,0.0
2025-07-01,NYCT,NYPD,Burglary,0,0.0
2025-07-01,NYCT,NYPD,Felony Assault,39,0.27
2025-07-01,NYCT,NYPD,Murder,1,0.01
2025-07-01,NYCT,NYPD,Rape,1,0.01
2025-07-01,NYCT,NYPD,Robbery,30,0.21
2025-07-01,NYCT,NYPD,Grand Larceny,78,0.54
2025-07-01,NYCT,NYPD,Grand Larceny Auto,0,0.0
2025-08-01,NYCT,NYPD,Burglary,0,0.0
2025-08-01,NYCT,NYPD,Felony Assault,31,0.22
2025-08-01,NYCT,NYPD,Murder,0,0.0
2025-08-01,NYCT,NYPD,Rape,1,0.01
2025-08-01,NYCT,NYPD,Robbery,37,0.27
2025-08-01,NYCT,NYPD,Grand Larceny,87,0.63
2025-08-01,NYCT,NYPD,Grand Larceny Auto,0,0.0
2025-09-01,NYCT,NYPD,Burglary,1,0.01
2025-09-01,NYCT,NYPD,Felony Assault,46,0.31
2025-09-01,NYCT,NYPD,Murder,0,0.0
2025-09-01,NYCT,NYPD,Rape,1,0.01
2025-09-01,NYCT,NYPD,Robbery,31,0.21
2025-09-01,NYCT,NYPD,Grand Larceny,79,0.53
2025-09-01,NYCT,NYPD,Grand Larceny Auto,0,0.0
2025-10-01,NYCT,NYPD,Burglary,1,0.01
2025-10-01,NYCT,NYPD,Felony Assault,48,0.31
2025-10-01,NYCT,NYPD,Murder,1,0.01
2025-10-01,NYCT,NYPD,Rape,0,0.0
2025-10-01,NYCT,NYPD,Robbery,36,0.24
2025-10-01,NYCT,NYPD,Grand Larceny,69,0.45
2025-10-01,NYCT,NYPD,Grand Larceny Auto,0,0.0
2025-11-01,NYCT,NYPD,Murder,0,0.0
2025-11-01,NYCT,NYPD,Rape,0,0.0
2025-11-01,NYCT,NYPD,Grand Larceny Auto,0,0.0
