station_complex_id,avg_daily_ridership_24,avg_daily_ridership_25,change_pct,change,complex_id,stop_name,latitude,longitude,borough
1,9275.732240437159,9882.704109589042,0.06543654489139034,606.9718691518829,1,Astoria-Ditmars Blvd,40.775036,-73.912034,Q
2,6785.469945355191,7214.013698630137,0.06315609039994254,428.54375327494563,2,Astoria Blvd,40.770258,-73.917843,Q
3,8498.72131147541,9254.194520547946,0.0888925735277914,755.4732090725356,3,30 Av,40.766779,-73.921479,Q
4,7755.945355191257,8281.98904109589,0.06782457351282642,526.043685904634,4,Broadway,40.76182,-73.925508,Q
5,4156.628415300546,4465.720547945206,0.07436126152313535,309.0921326446596,5,36 Av,40.756804,-73.929575,Q
6,2425.551912568306,2663.378082191781,0.09805033171673151,237.82616962347493,6,39 Av-Dutch Kills,40.752882,-73.932755,Q
8,10422.754098360656,10569.876712328767,0.01411552192248797,147.12261396811118,8,5 Av/59 St,40.764811,-73.973347,M
9,22825.49726775956,24018.249315068493,0.0522552491767031,1192.7520473089317,9,57 St-7 Av,40.764664,-73.980658,M
10,17960.680327868853,20218.238356164384,0.12569446073780235,2257.5580282955307,10,49 St,40.759901,-73.984139,M
13,8118.136612021858,8932.345205479452,0.10029501009528,814.2085934575944,13,28 St,40.745494,-73.988691,M
14,12345.368852459016,13222.320547945206,0.07103487193997564,876.9516954861901,14,23 St,40.741303,-73.989344,M
16,11022.920765027322,11816.090410958905,0.07195639548168489,793.1696459315826,16,8 St-NYU,40.730328,-73.992629,M
17,8770.677595628415,9919.397260273972,0.13097273866481152,1148.7196646455577,17,Prince St,40.724329,-73.997702,M
20,3284.314207650273,3255.671232876712,-0.008721143277595642,-28.642974773561036,20,City Hall,40.713282,-74.006978,M
22,3329.188524590164,3461.813698630137,0.0398370873443701,132.625174039973,22,Rector St,40.70722,-74.013342,M
26,13750.22131147541,15037.624657534247,0.09362782728336295,1287.4033460588362,26,DeKalb Av,40.690635,-73.981824,Bk
28,4968.551912568306,5493.712328767123,0.1056968761603127,525.1604161988171,28,Union St,40.677316,-73.98311,Bk
30,3663.3661202185795,3923.139726027397,0.07091117766665317,259.7736058088176,30,Prospect Av,40.665414,-73.992872,Bk
31,2306.035519125683,2492.8027397260275,0.08099060879650107,186.76722060034444,31,25 St,40.660397,-73.998091,Bk
32,9919.803278688525,10892.342465753425,0.09804016871526884,972.5391870649,32,36 St,40.655144,-74.003549,Bk
33,4813.841530054645,5508.117808219178,0.14422499657080573,694.2762781645333,33,45 St,40.648939,-74.010006,Bk
34,5342.174863387978,6019.5232876712325,0.12679263438667823,677.3484242832546,34,53 St,40.645069,-74.014034,Bk
35,8066.928961748634,9036.317808219179,0.12016826366850947,969.3888464705451,35,59 St,40.641362,-74.017881,Bk
36,4883.70218579235,5126.972602739726,0.0498127051348663,243.27041694737636,36,Bay Ridge Av,40.634967,-74.023377,Bk
37,3388.090909090909,3563.956164383562,0.05190688798248359,175.86525529265282,37,77 St,40.629742,-74.02551,Bk
38,7162.795081967213,7652.241095890411,0.06833170687172231,489.4460139231978,38,86 St,40.622687,-74.028398,Bk
39,3390.863387978142,3521.227397260274,0.03844566836408696,130.36400928213197,39,Bay Ridge-95 St,40.616622,-74.030876,Bk
41,5973.832417582417,6371.643835616438,0.06659232971838425,397.8114180340208,41,7 Av,40.67705,-73.972367,Bk
42,6177.571038251366,6924.7479452054795,0.12094994979865266,747.1769069541133,42,Prospect Park,40.661614,-73.962246,Bk
43,4154.390710382514,4636.355555555556,0.11601336484036791,481.9648451730418,43,Parkside Av,40.655292,-73.961495,Bk
44,7777.426229508197,7976.1205479452055,0.025547567096573125,198.6943184370084,44,Church Av,40.650527,-73.962982,Bk
45,2476.8497267759562,2672.617079889807,0.07903884963125132,195.76735311385073,45,Beverley Rd,40.644031,-73.964492,Bk
46,3681.7479452054795,4050.730769230769,0.10021946899048151,368.9828240252896,46,Cortelyou Rd,40.640927,-73.963891,Bk
47,5923.079234972678,6257.770718232045,0.056506332260961294,334.6914832593666,47,Newkirk Plaza,40.635082,-73.962793,Bk
48,1879.2131147540983,2049.276712328767,0.09049723857260451,170.06359757466885,48,Avenue H,40.62927,-73.961639,Bk
49,3186.6775956284155,3449.654794520548,0.0825239425704354,262.9771988921325,49,Avenue J,40.625039,-73.960803,Bk
50,3266.254794520548,3672.491712707182,0.12437392173694937,406.2369181866343,50,Avenue M,40.617618,-73.959399,Bk
51,11684.106557377048,12334.5698630137,0.05567077828693415,650.4633056366511,51,Kings Hwy,40.60867,-73.957734,Bk
52,4229.142076502732,4351.54794520548,0.02894342788407104,122.40586870274728,52,Avenue U,40.5993,-73.955929,Bk
53,2699.1939890710382,2821.3002754820936,0.04523805510291605,122.10628641105541,53,Neck Rd,40.595246,-73.955161,Bk
54,7770.934426229508,7735.049315068493,-0.00461786307704392,-35.88511116101472,54,Sheepshead Bay,40.586896,-73.954155,Bk
55,6939.571038251366,6955.2054794520545,0.0022529405801180345,15.634441200688343,55,Brighton Beach,40.577621,-73.961376,Bk
56,1897.9753424657533,1925.0767123287671,0.014279094810475824,27.101369863013815,56,Ocean Pkwy,40.576312,-73.968501,Bk
57,1663.6994535519125,1894.1808219178083,0.1385354595590147,230.48136836589583,57,W 8 St-NY Aquarium,40.576127,-73.975939,Bk
58,9573.08743169399,10259.660273972602,0.07171906108425889,686.5728422786124,58,Coney Island-Stillwell Av,40.577422,-73.981233,Bk
59,3538.3251366120217,3843.213698630137,0.08616748044529593,304.8885620181154,59,9 Av,40.646292,-73.994324,Bk
60,2477.122950819672,2784.145205479452,0.12394308266296895,307.0222546597802,60,Fort Hamilton Pkwy,40.640914,-73.994304,Bk
61,2087.8169398907103,2134.972602739726,0.0225861098969166,47.1556628490157,61,50 St,40.63626,-73.994791,Bk
62,1149.7185792349726,1163.9890410958903,0.012412134689876345,14.270461860917749,62,55 St,40.631435,-73.995476,Bk
64,3036.0437158469945,3189.043835616438,0.050394570727305806,153.0001197694437,64,71 St,40.619589,-73.998864,Bk
65,3920.655737704918,4111.986301369863,0.04880065388677729,191.3305636649452,65,79 St,40.613501,-74.00061,Bk
66,3821.8224043715845,3950.0054794520547,0.033539778021565894,128.1830750804702,66,18 Av,40.607954,-74.001736,Bk
67,3172.374316939891,3288.9616438356165,0.036750810354620196,116.58732689572571,67,20 Av,40.604556,-73.998168,Bk
68,4669.830601092896,4768.6630136986305,0.021164025218089078,98.83241260573413,68,Bay Pkwy,40.601875,-73.993728,Bk
69,2624.4207650273224,2644.857534246575,0.007787154213832761,20.43676921925271,69,25 Av,40.597704,-73.986829,Bk
70,1618.7513661202186,1803.427397260274,0.11408548280189691,184.67603114005533,70,Bay 50 St,40.588841,-73.983765,Bk
71,7211.819672131148,8083.38904109589,0.12085290656015349,871.5693689647424,71,8 Av,40.635064,-74.011719,Bk
72,4211.950819672131,4491.238356164384,0.06630835649548096,279.2875364922529,72,Fort Hamilton Pkwy,40.631386,-74.005351,Bk
74,3139.8579234972676,3431.3835616438355,0.09284676098396767,291.52563814656787,74,18 Av,40.620671,-73.990414,Bk
75,2727.251366120219,2869.1808219178083,0.052041208067849655,141.92945579758953,75,20 Av,40.61741,-73.985026,Bk
76,4312.281420765027,4498.816438356164,0.04325668929975461,186.53501759113715,76,Bay Pkwy,40.611815,-73.981848,Bk
77,3582.155737704918,3789.991780821918,0.0580198233508854,207.83604311699992,77,Kings Hwy,40.603923,-73.980353,Bk
78,2460.409836065574,2590.832876712329,0.053008664952873735,130.423040646755,78,Avenue U,40.597473,-73.979137,Bk
79,1577.4258241758241,1588.8246575342466,0.007226224639994205,11.398833358422507,79,86 St,40.592721,-73.97823,Bk
80,1300.2602739726028,1481.8131868131868,0.13962813174772837,181.55291284058399,80,121 St,40.700492,-73.828294,Q
81,1311.1972602739727,1460.3479452054794,0.11375152271164897,149.1506849315067,81,111 St,40.697418,-73.836345,Q
82,1690.4957983193278,1728.0710227272727,0.02222733972205183,37.575224407944916,82,104 St,40.695178,-73.84433,Q
83,1557.1939890710382,3062.586301369863,0.966733960485478,1505.392312298825,83,Woodhaven Blvd,40.693879,-73.851576,Q
84,1988.7513966480446,1603.1281337047353,-0.19390219591712712,-385.6232629433093,84,85 St-Forest Pkwy,40.692435,-73.86001,Q
85,1260.5111111111112,2387.9275766016713,0.8944121599188195,1127.41646549056,85,75 St-Elderts Ln,40.691324,-73.867139,Q
86,792.9885386819484,488.54857142857145,-0.3839147130164029,-304.43996725337695,86,Cypress Hills,40.689941,-73.87255,Bk
87,1984.2295081967213,2674.6428571428573,0.3479503485328103,690.413348946136,87,Crescent St,40.683194,-73.873785,Bk
88,1308.5192307692307,1607.3066298342542,0.22834009011038933,298.78739906502346,88,Norwood Av,40.68141,-73.880039,Bk
89,1140.7747252747254,1424.8033240997229,0.2489786918767829,284.0285988249975,89,Cleveland St,40.679947,-73.884639,Bk
90,1453.5123287671233,1893.6878453038673,0.30283576398013984,440.175516536744,90,Van Siclen Av,40.678024,-73.891688,Bk
91,1091.4438356164383,1271.25,0.16474156389550612,179.80616438356174,91,Alabama Av,40.676992,-73.898654,Bk
93,1660.5546448087432,1897.6246575342466,0.1427655593669477,237.07001272550337,93,Chauncey St,40.682893,-73.910456,Bk
94,3349.3169398907103,4006.682191780822,0.19626845225091236,657.3652518901117,94,Halsey St,40.68637,-73.916559,Bk
95,4031.591780821918,4485.417582417583,0.11256739924773428,453.82580159566487,95,Gates Av,40.68963,-73.92227,Bk
96,3574.3387978142077,3911.5741758241757,0.09434902427721605,337.2353780099679,96,Kosciuszko St,40.693342,-73.928814,Bk
97,7625.095628415301,8024.134246575342,0.05233227720751516,399.03861816004155,97,Myrtle Av,40.697207,-73.935657,Bk
98,4578.292349726776,5528.854794520548,0.20762379773552478,950.5624447937726,98,Flushing Av,40.70026,-73.941126,Bk
99,2496.251366120219,2874.9150684931506,0.1516929374630517,378.66370237293177,99,Lorimer St,40.703869,-73.947408,Bk
100,1845.9344262295083,1867.8657534246574,0.011880880969290937,21.93132719514915,100,Hewes St,40.70687,-73.953431,Bk
101,7809.79781420765,8240.794520547945,0.05518666636365692,430.9967063402946,101,Marcy Av,40.708359,-73.957757,Bk
103,2437.461325966851,2779.06301369863,0.14014650574867216,341.6016877317793,103,Bowery,40.72028,-73.993915,M
107,3620.6967213114754,3936.378082191781,0.08718801522983137,315.6813608803054,107,Broad St,40.706476,-74.011056,M
108,2419.8387978142077,2502.423076923077,0.034128008520016344,82.5842791088694,108,Middle Village-Metropolitan Av,40.711396,-73.889601,Q
109,3404.863387978142,3712.797260273973,0.0904394206778107,307.93387229583095,109,Fresh Pond Rd,40.706186,-73.895877,Q
110,2739.292349726776,2875.4505494505493,0.04970561091712386,136.15819972377312,110,Forest Av,40.704423,-73.903077,Q
111,1795.6448087431695,1881.2083333333333,0.047650584443842466,85.56352459016375,111,Seneca Av,40.702762,-73.90774,Q
113,2507.311475409836,2807.9525139664806,0.11990574027405308,300.6410385566446,113,Knickerbocker Av,40.698664,-73.919711,Bk
114,2426.032786885246,2531.7741046831957,0.043586104181926454,105.7413177979497,114,Central Av,40.697857,-73.927397,Bk
118,4727.6120218579235,5191.271232876712,0.09807471697657905,463.6592110187885,118,3 Av,40.732849,-73.986122,M
119,17142.562841530056,20078.868493150683,0.17128743693487009,2936.305651620627,119,1 Av,40.730953,-73.981628,M
120,23946.994535519127,26951.939726027398,0.12548318687972382,3004.9451905082715,120,Bedford Av,40.717304,-73.956872,Bk
122,6208.6994535519125,6782.432876712329,0.09240798776822597,573.7334231604164,122,Graham Av,40.714565,-73.944053,Bk
123,4328.857923497268,4670.646575342465,0.07895584883716121,341.7886518451978,123,Grand St,40.711926,-73.94067,Bk
124,4678.956284153005,5034.068681318681,0.07589564330156151,355.11239716567616,124,Montrose Av,40.707739,-73.93985,Bk
125,4905.158469945355,5711.923287671233,0.16447273266889287,806.764817725878,125,Morgan Av,40.706152,-73.933147,Bk
126,6263.948087431694,7180.14010989011,0.14626430641989355,916.1920224584155,126,Jefferson St,40.706607,-73.922913,Bk
127,8033.207650273224,8937.939726027398,0.11262401211842224,904.7320757541738,127,DeKalb Av,40.703811,-73.918425,Bk
129,4707.565573770492,5830.117808219178,0.23845705744457338,1122.5522344486862,129,Halsey St,40.695602,-73.904084,Q
130,2688.756830601093,3191.002747252747,0.18679484546000133,502.24591665165417,130,Wilson Av,40.688764,-73.904046,Bk
131,1584.4617486338798,1673.6703296703297,0.05630213611238353,89.20858103644991,131,Bushwick Av-Aberdeen St,40.682829,-73.905249,Bk
133,1143.672131147541,1639.3753424657534,0.4334312237029264,495.7032113182124,133,Atlantic Av,40.675345,-73.903097,Bk
134,1489.7095890410958,1789.3166666666666,0.20111777478617393,299.6070776255708,134,Sutter Av,40.669367,-73.901975,Bk
135,1585.5,1812.868493150685,0.14340491526375593,227.36849315068503,135,Livonia Av,40.664038,-73.900571,Bk
136,1927.0846994535518,2188.96694214876,0.13589555392633662,261.88224269520833,136,New Lots Av,40.658733,-73.899232,Bk
137,1567.24043715847,1651.7823691460055,0.05394317935084461,84.54193198753546,137,East 105 St,40.650573,-73.899485,Bk
138,1514.2704918032787,6206.767123287671,3.0988496816683675,4692.496631484392,138,Canarsie-Rockaway Pkwy,40.646654,-73.90185,Bk
141,1007.4697802197802,1157.2191780821918,0.14863909647964194,149.74939786241157,141,Park Pl,40.674772,-73.957624,Bk
143,5288.704918032787,5299.780821917808,0.0020942563551344597,11.075903885021035,143,Inwood-207 St,40.868072,-73.919899,M
144,3905.487671232877,4083.6914600550963,0.04562907473369756,178.2037888222194,144,Dyckman St,40.865491,-73.927271,M
145,2716.814207650273,2718.682584269663,0.0006877086457103813,1.8683766193898919,145,190 St,40.859022,-73.93418,M
146,5606.382513661202,6030.402739726027,0.07563169745046915,424.0202260648248,146,181 St,40.851695,-73.937969,M
147,6254.428961748634,6418.769863013698,0.02627592419230509,164.34090126506453,147,175 St,40.847391,-73.939704,M
149,2447.1065573770493,2570.2849315068493,0.05033633445935011,123.17837412979998,149,163 St-Amsterdam Av,40.836013,-73.939892,M
150,1554.2431693989072,1589.717808219178,0.02282438135725601,35.47463882027091,150,155 St,40.830518,-73.941514,M
151,13824.125683060109,14430.734246575343,0.04388042885479287,606.608563515234,151,145 St,40.824783,-73.944216,M
152,3195.726775956284,3370.301369863014,0.0546275092164255,174.57459390672966,152,135 St,40.817894,-73.947649,M
153,16269.827868852459,17308.161643835618,0.06381959190674551,1038.333774983159,153,125 St,40.811109,-73.952343,M
154,4008.344262295082,4220.805479452055,0.05300473294060892,212.4612171569729,154,116 St,40.805085,-73.954882,M
155,4878.251366120218,5130.92602739726,0.05179615446466833,252.6746612770421,155,Cathedral Pkwy (110 St),40.800603,-73.958161,M
156,2954.480769230769,3060.6246575342466,0.03592641028802947,106.14388830347752,156,103 St,40.796092,-73.961454,M
157,6160.806010928962,6261.5315068493155,0.016349402292763604,100.72549592035375,157,96 St,40.791642,-73.964696,M
158,7361.688524590164,7406.578082191781,0.006097725739369784,44.889557601616616,158,86 St,40.785868,-73.968916,M
159,9709.811475409837,9543.961643835617,-0.017080643840947454,-165.84983157421993,159,81 St-Museum of Natural History,40.781433,-73.972143,M
160,7208.346994535519,7313.318681318681,0.014562518544506627,104.97168678316211,160,72 St,40.775594,-73.97641,M
162,15193.86612021858,16090.83287671233,0.05903479400151817,896.9667564937499,162,50 St,40.762456,-73.985984,M
164,51017.639344262294,55652.10684931507,0.0908404929083413,4634.467505052773,164,34 St-Penn Station,40.752287,-73.993391,M
165,13495.090163934427,14045.476712328767,0.040784206826957464,550.3865483943409,165,23 St,40.745906,-73.998041,M
167,29958.562841530056,33015.91506849315,0.1020527000288826,3057.3522269630957,167,W 4 St-Wash Sq,40.732338,-74.000495,M
168,9015.928961748634,10337.342465753425,0.14656432072735676,1321.4135040047913,168,Spring St,40.726227,-74.003739,M
169,11372.0956284153,11976.550684931506,0.05315247745594599,604.4550565162062,169,Canal St,40.720824,-74.005229,M
173,6058.226775956284,7713.342465753424,0.27320134273710517,1655.1156897971405,173,High St,40.699337,-73.990531,Bk
175,7919.663934426229,8460.021917808219,0.06822991327107844,540.3579833819895,175,Hoyt-Schermerhorn Sts,40.688484,-73.985001,Bk
176,3789.5245901639346,3811.6931506849314,0.005849958218647639,22.168560520996834,176,Lafayette Av,40.686113,-73.973946,Bk
177,4748.341530054645,5187.594520547946,0.09250661261685736,439.2529904933008,177,Clinton-Washington Avs,40.683263,-73.965838,Bk
179,10831.9043715847,11828.964383561644,0.09204845037152733,997.0600119769442,179,Nostrand Av,40.680438,-73.950426,Bk
180,4242.945355191257,4508.2054794520545,0.06251792140953487,265.26012426079797,180,Kingston-Throop Avs,40.679921,-73.940858,Bk
181,7968.327868852459,9767.841095890411,0.225833230842835,1799.5132270379527,181,Utica Av,40.679364,-73.930729,Bk
182,3028.8060109289618,3406.4246575342468,0.12467574524175815,377.618646605285,182,Ralph Av,40.678822,-73.920786,Bk
183,3292.5218579234975,3483.9890410958906,0.058152137308253485,191.4671831723931,183,Rockaway Av,40.67834,-73.911946,Bk
185,1391.2295081967213,1525.7095890410958,0.09666275769170851,134.48008084437447,185,Liberty Av,40.674542,-73.896548,Bk
186,1558.9945355191257,1859.4328767123288,0.19271288920404128,300.4383411932031,186,Van Siclen Av,40.67271,-73.890358,Bk
187,1509.2486338797814,1619.331506849315,0.07293885877938266,110.08287296953358,187,Shepherd Av,40.67413,-73.88075,Bk
188,6128.215846994535,6067.317808219178,-0.009937319490014945,-60.898038775357236,188,Euclid Av,40.675377,-73.872106,Bk
189,3112.1475409836066,3224.027397260274,0.03594940625511197,111.8798562766674,189,Grant Av,40.677044,-73.86505,Bk
190,2439.691256830601,2663.8630136986303,0.0918852974696685,224.1717568680292,190,80 St,40.679371,-73.858992,Q
191,1598.366391184573,1718.7671232876712,0.07532736722139617,120.40073210309811,191,88 St,40.679843,-73.85147,Q
192,4148.581967213115,4527.052054794521,0.09122878385253412,378.470087581406,192,Rockaway Blvd,40.680429,-73.843853,Q
193,1007.6191780821918,1071.6054794520549,0.0635024647820307,63.9863013698631,193,104 St,40.681711,-73.837683,Q
194,1272.8551912568305,1284.4438356164383,0.009104448360826514,11.58864435960777,194,111 St,40.684331,-73.832163,Q
195,3704.412568306011,3897.7397260273974,0.05218834407793645,193.32715772138636,195,Ozone Park-Lefferts Blvd,40.685951,-73.825798,Q
196,484.21857923497265,473.9397260273973,-0.02122771336823785,-10.278853207575366,196,Aqueduct Racetrack,40.672097,-73.835919,Q
197,480.14794520547946,506.06849315068496,0.053984502493523726,25.9205479452055,197,Aqueduct-N Conduit Av,40.668234,-73.834058,Q
198,2496.3879781420765,4314.090410958904,0.7281329860311387,1817.7024328168272,198,Howard Beach-JFK Airport,40.660476,-73.830301,Q
199,173.172131147541,174.15384615384616,0.005669012674266588,0.9817150063051656,199,Broad Channel,40.608382,-73.815925,Q
200,509.6043956043956,590.869387755102,0.1594668194616441,81.2649921507064,200,Beach 90 St,40.588034,-73.813641,Q
201,282.88461538461536,320.5040650406504,0.1329851381450593,37.619449656035044,201,Beach 98 St,40.585307,-73.820558,Q
202,203.62049861495845,237.3278008298755,0.1655398274937769,33.707302214917064,202,Beach 105 St,40.583209,-73.827559,Q
203,469.4010989010989,549.6147540983607,0.17088510313471267,80.21365519726174,203,Rockaway Park-Beach 116 St,40.580903,-73.835592,Q
204,1332.5464480874316,1212.937062937063,-0.0897600119846034,-119.60938515036855,204,Beach 67 St,40.590927,-73.796924,Q
205,928.1945205479452,873.364312267658,-0.05907189394731515,-54.83020828028725,205,Beach 60 St,40.592374,-73.788522,Q
206,422.3415977961433,388.3921568627451,-0.08038384357721964,-33.94944093339819,206,Beach 44 St,40.592943,-73.776013,Q
207,453.65193370165747,422.56175298804783,-0.06853311625925083,-31.09018071360964,207,Beach 36 St,40.595398,-73.768175,Q
208,852.6273972602739,804.0682730923695,-0.05695233852904356,-48.55912416790443,208,Beach 25 St,40.600066,-73.761353,Q
209,2711.292349726776,2796.463768115942,0.0314135871027515,85.17141838916586,209,Far Rockaway-Mott Av,40.603995,-73.755405,Q
210,3581.9043715846997,3835.254794520548,0.07073064958006162,253.3504229358482,210,Norwood-205 St,40.874811,-73.878855,Bx
211,3349.224043715847,3833.5260273972603,0.14460125012840203,484.3019836814133,211,Bedford Park Blvd,40.873244,-73.887138,Bx
212,3162.1393442622953,3705.964383561644,0.17198009957597843,543.8250392993486,212,Kingsbridge Rd,40.866978,-73.893509,Bx
213,4654.060109289618,5252.709589041096,0.12862951180122467,598.6494797514779,213,Fordham Rd,40.861296,-73.897749,Bx
214,2308.379781420765,2671.8383561643836,0.15745180999632413,363.45857474361856,214,182-183 Sts,40.856093,-73.900741,Bx
215,3680.5136612021856,4856.567123287671,0.319535143825915,1176.0534620854855,215,Tremont Av,40.85041,-73.905227,Bx
216,2173.724043715847,2593.32602739726,0.1930336948217812,419.601983681413,216,174-175 Sts,40.8459,-73.910136,Bx
217,2767.4398907103823,3257.391780821918,0.177041565295125,489.9518901115357,217,170 St,40.839306,-73.9134,Bx
218,3970.8251366120217,4726.32602739726,0.19026294656476492,755.5008907852384,218,167 St,40.833771,-73.91844,Bx
220,1529.7814207650274,1663.0054794520547,0.0870869896043079,133.2240586870273,220,155 St,40.830135,-73.938209,M
221,4818.319672131148,7786.438356164384,0.6160070078373263,2968.1186840332357,221,21 St-Queensbridge,40.754203,-73.942836,Q
222,5174.016393442623,6241.791780821918,0.206372633208615,1067.7753873792954,222,Roosevelt Island,40.759145,-73.95326,M
223,10393.93169398907,12614.495890410959,0.21364044538661595,2220.5641964218885,223,Lexington Av/63 St,40.764629,-73.966113,M
224,8267.0773480663,10454.441095890412,0.26458730887956977,2187.3637478241126,224,57 St,40.763972,-73.97745,M
225,34205.016393442624,37187.69315068493,0.08719998034598539,2982.676757242305,225,47-50 Sts-Rockefeller Ctr,40.758663,-73.981329,M
228,16264.53825136612,17385.797260273972,0.06893887742639558,1121.2590089078512,228,23 St,40.742878,-73.992821,M
231,16114.808743169398,16499.81095890411,0.02389120602488699,385.00221573471026,231,Grand St,40.718267,-73.993753,M
232,11628.024590163934,12538.74794520548,0.07832141633170611,910.7233550415458,232,2 Av,40.723402,-73.989938,M
234,9867.75956284153,10550.841095890411,0.06922356880493158,683.0815330488822,234,East Broadway,40.713715,-73.990173,M
235,9798.964480874318,10605.16712328767,0.08227426928497437,806.2026424133528,235,York St,40.701397,-73.986751,Bk
236,7362.215846994535,8137.241095890411,0.10527065016876178,775.0252488958758,236,Bergen St,40.686145,-73.990862,Bk
237,7427.106557377049,8273.893150684931,0.11401298564469936,846.786593307882,237,Carroll St,40.680303,-73.995048,Bk
238,2631.8688524590166,2935.1790633608816,0.11524518427978478,303.31021090186505,238,Smith-9 Sts,40.67358,-73.995959,Bk
240,7677.650273224043,8226.65205479452,0.07150648467085449,549.0017815704769,240,7 Av,40.666271,-73.980305,Bk
241,3830.1721311475408,4047.709589041096,0.05679573931534503,217.53745789355526,241,15 St-Prospect Park,40.660365,-73.979493,Bk
242,3693.8688524590166,3929.1972602739725,0.06370784053643302,235.32840781495588,242,Fort Hamilton Pkwy,40.650782,-73.975776,Bk
243,5877.950819672131,6144.7945205479455,0.04539740277900097,266.84370087581465,243,Church Av,40.644041,-73.979678,Bk
244,2282.846994535519,2358.594520547945,0.03318116640920041,75.74752601242608,244,Ditmas Av,40.636119,-73.978172,Bk
245,2019.9453551912568,2189.608219178082,0.08399378901552552,169.6628639868252,245,18 Av,40.629755,-73.976971,Bk
246,977.3085399449036,953.978021978022,-0.023872213342366697,-23.330517966881644,246,Avenue I,40.625322,-73.976127,Bk
247,741.1408045977012,677.75,-0.0855313918818845,-63.39080459770116,247,Bay Pkwy,40.620769,-73.975264,Bk
248,1592.4153005464482,1649.3397260273973,0.03574722339167121,56.92442548094914,248,Avenue N,40.61514,-73.974197,Bk
249,1464.35,1558.6986301369864,0.06443038217433432,94.34863013698646,249,Avenue P,40.608944,-73.973022,Bk
250,2154.5054644808743,1970.7287671232878,-0.08529878451799021,-183.7766973575865,250,Kings Hwy,40.603217,-73.972361,Bk
251,1091.5861111111112,1198.760989010989,0.09818270570590712,107.17487789987786,251,Avenue U,40.596063,-73.973357,Bk
252,1403.072625698324,1554.9862637362637,0.10827211311483664,151.9136380379398,252,Avenue X,40.58962,-73.97425,Bk
253,939.7784256559767,949.9804469273743,0.010855773012959372,10.202021271397598,253,Neptune Av,40.581011,-73.974574,Bk
254,11314.554644808743,11316.739726027397,0.00019312127496396233,2.1850812186548865,254,Jamaica-179 St,40.712646,-73.783817,Q
255,4762.464480874317,4921.709589041096,0.033437542433396514,159.24510816677866,255,169 St,40.71047,-73.793604,Q
256,4395.6775956284155,4463.356164383562,0.015396617991832263,67.67856875514644,256,Parsons Blvd,40.707564,-73.803326,Q
257,2677.210382513661,2774.8520547945204,0.036471422985138224,97.64167228085944,257,Sutphin Blvd,40.70546,-73.810708,Q
258,3048.568306010929,3241.2356164383564,0.06319927621353963,192.6673104274273,258,Briarwood,40.709179,-73.820574,Q
259,13817.180327868853,14382.635616438356,0.0409240724338667,565.455288569503,259,Kew Gardens-Union Tpke,40.714441,-73.831008,Q
260,2075.9398907103823,2150.6246575342466,0.03597636287932561,74.68476682386427,260,75 Av,40.718331,-73.837324,Q
261,16150.437158469946,17464.271232876712,0.08134975304477987,1313.8340744067664,261,Forest Hills-71 Av,40.721691,-73.844521,Q
262,4729.775956284153,5053.638356164383,0.06847309531647795,323.86239988023044,262,67 Av,40.726523,-73.852719,Q
263,8341.418032786885,8932.164383561643,0.07082085425436811,590.746350774758,263,63 Dr-Rego Park,40.729846,-73.861604,Q
264,11610.86612021858,12393.73698630137,0.06742570777898632,782.8708660827906,264,Woodhaven Blvd,40.733106,-73.869229,Q
265,11157.882513661201,12412.12602739726,0.11240873993792465,1254.243513736059,265,Grand Av-Newtown,40.737015,-73.877223,Q
266,7946.713114754099,8919.665753424657,0.12243459964147267,972.9526386705584,266,Elmhurst Av,40.742454,-73.882017,Q
268,2124.9262295081967,2412.9205479452053,0.13553144313328158,287.9943184370086,268,65 St,40.749669,-73.898453,Q
269,3983.8333333333335,4436.095890410959,0.11352446732484436,452.26255707762584,269,Northern Blvd,40.752885,-73.906006,Q
270,4403.8879781420765,5241.745205479452,0.19025398272979074,837.8572273373757,270,46 St,40.756312,-73.913333,Q
271,7893.245901639344,8189.632876712329,0.03754944148026962,296.38697507298457,271,Steinway St,40.756879,-73.92074,Q
272,2154.6311475409834,2390.882191780822,0.10964802235847407,236.2510442398384,272,36 St,40.752039,-73.928781,Q
273,11729.478142076503,11510.427397260273,-0.018675233643212247,-219.05074481622978,273,Queens Plaza,40.748973,-73.937243,Q
276,12526.25956284153,11464.816438356165,-0.084737436515692,-1061.443124485364,276,5 Av/53 St,40.760167,-73.975224,M
277,11790.953551912567,12420.934246575342,0.0534291558260432,629.9806946627741,277,7 Av,40.762862,-73.981637,M
278,17513.51092896175,18870.126027397262,0.07746105871850652,1356.6150984355118,278,Jamaica Center-Parsons/Archer,40.702147,-73.801109,Q
279,18106.292349726777,20024.57808219178,0.10594580576812293,1918.285732465003,279,Sutphin Blvd-Archer Av-JFK Airport,40.700486,-73.807969,Q
280,2900.5287671232877,3145.1013698630136,0.08432000589405989,244.57260273972588,280,Jamaica-Van Wyck,40.702566,-73.816859,Q
282,1220.682634730539,1376.489010989011,0.12763872592720688,155.80637625847203,282,21 St,40.744065,-73.949724,Q
283,6325.804469273743,7663.682191780822,0.21149526973297025,1337.877722507079,283,Greenpoint Av,40.731352,-73.954449,Bk
284,6509.982352941176,7251.912328767124,0.11396804716233179,741.9299758259476,284,Nassau Av,40.724635,-73.951277,Bk
286,2912.739002932551,3298.1495844875344,0.1323189551713872,385.4105815549833,286,Broadway,40.706092,-73.950308,Bk
287,1710.0819672131147,2069.4191780821916,0.2101286474909044,359.3372108690769,287,Flushing Av,40.700377,-73.950234,Bk
288,2968.030054644809,3474.487671232877,0.17063763077314156,506.45761658806805,288,Myrtle-Willoughby Avs,40.694568,-73.949046,Bk
289,5614.434426229508,6145.101369863014,0.09451832604088077,530.666943633506,289,Bedford-Nostrand Avs,40.689627,-73.953522,Bk
290,3264.3934426229507,3686.065934065934,0.12917330550209907,421.6724914429833,290,Classon Av,40.688873,-73.96007,Bk
291,3169.7704918032787,3919.167123287671,0.23641983967680308,749.3966314843924,291,Clinton-Washington Avs,40.688089,-73.966839,Bk
292,3948.564738292011,4440.626373626374,0.1246178467235182,492.06163533436256,292,Fulton St,40.687119,-73.975375,Bk
293,3936.3934426229507,3743.912328767123,-0.04889783418792886,-192.48111385582752,293,Van Cortlandt Park-242 St,40.889248,-73.898583,Bx
294,2557.598360655738,2862.7671232876714,0.11931848539099466,305.16876263193353,294,238 St,40.884667,-73.90087,Bx
295,4902.150273224043,5444.9342465753425,0.11072365045927517,542.7839733512992,295,231 St,40.878856,-73.904834,Bx
296,2785.6475409836066,2977.682191780822,0.06893716738098471,192.03465079721536,296,Marble Hill-225 St,40.874561,-73.909831,M
297,1426.950819672131,1472.9534246575342,0.0322383955713156,46.002604985403195,297,215 St,40.869444,-73.915279,M
298,3485.281420765027,3799.380821917808,0.09012167547831343,314.09940115278096,298,207 St,40.864621,-73.918822,M
299,4011.191256830601,4584.950684931507,0.14303965863603704,573.7594281009056,299,Dyckman St,40.860531,-73.925536,M
300,4354.7786885245905,4788.983561643836,0.09970767843230054,434.20487311924535,300,191 St,40.855225,-73.929412,M
301,6158.147540983607,6836.807692307692,0.1102052438346885,678.6601513240857,301,181 St,40.849505,-73.933596,M
303,6137.87431693989,6626.9342465753425,0.07967903941690332,489.05992963545214,303,157 St,40.834041,-73.94489,M
304,5803.882513661202,5998.5232876712325,0.033536304973762664,194.64077401003033,304,145 St,40.826551,-73.95036,M
305,7108.767759562841,7628.71506849315,0.07314169297918993,519.9473089303092,305,137 St-City College,40.822008,-73.953676,M
306,5456.524590163935,5795.282191780822,0.06208303399338483,338.75760161688777,306,125 St,40.815581,-73.958372,M
307,9083.969945355191,9430.734246575343,0.03817321097561081,346.76430122015154,307,116 St-Columbia University,40.807722,-73.96411,M
308,7858.928961748634,8442.372602739726,0.07423958707743229,583.4436409910923,308,Cathedral Pkwy (110 St),40.803967,-73.966847,M
309,7593.765027322404,8230.986301369863,0.08391374657429265,637.2212740474588,309,103 St,40.799446,-73.968379,M
310,22655.816939890712,24062.761643835616,0.062100815330461925,1406.9447039449042,310,96 St,40.793919,-73.972323,M
311,10170.77868852459,12054.260273972603,0.18518558343748975,1883.481585448013,311,86 St,40.788644,-73.976218,M
312,8764.161202185793,10569.717808219179,0.2060159055019524,1805.5566060333858,312,79 St,40.783934,-73.979917,M
313,26667.352459016394,27727.873972602738,0.03976853402362314,1060.5215135863436,313,72 St,40.778453,-73.98197,M
314,13044.155737704918,13977.816438356165,0.07157693601836149,933.6607006512477,314,66 St-Lincoln Center,40.77344,-73.982209,M
316,14819.469945355191,17789.528767123287,0.20041599549240222,2970.058821768096,316,50 St,40.761728,-73.983849,M
318,45511.16393442623,49804.54520547945,0.09433688132518973,4293.381271053222,318,34 St-Penn Station,40.750373,-73.991057,M
319,8451.628415300547,9038.506849315068,0.06943968726216784,586.8784340145212,319,28 St,40.747215,-73.993365,M
320,8837.325136612022,9373.468493150685,0.060668058292602925,536.1433565386633,320,23 St,40.744081,-73.995657,M
321,4885.404371584699,5078.254794520548,0.03947481278265057,192.85042293584866,321,18 St,40.74104,-73.997871,M
323,8211.232240437159,9069.227397260274,0.10449042624781935,857.9951568231154,323,Christopher St-Stonewall,40.733422,-74.002906,M
324,8389.792349726777,9834.145205479452,0.17215597186975817,1444.3528557526752,324,Houston St,40.728251,-74.005367,M
325,3264.7650273224044,3626.3479452054794,0.11075312154382731,361.58291788307497,325,Canal St,40.722854,-74.006277,M
326,3851.3934426229507,4099.761643835616,0.06448788079244301,248.36820121266555,326,Franklin St,40.719318,-74.006886,M
327,10859.609289617487,11724.684931506848,0.07965992319046246,865.0756418893616,327,Chambers St,40.715478,-74.009266,M
328,10128.046448087433,12048.14794520548,0.18958261170698285,1920.1014971180466,328,WTC Cortlandt,40.711835,-74.012188,M
329,4666.289617486339,5107.758904109589,0.09460820540776096,441.4692866232499,329,Rector St,40.707513,-74.013783,M
333,11389.45081967213,12352.756164383562,0.08457873517901204,963.3053447114307,333,Wall St,40.706821,-74.0091,M
334,4870.098360655737,4723.542465753425,-0.030093005120040203,-146.5558949023125,334,Clark St,40.697466,-73.993086,Bk
336,5391.603825136612,5129.693150684931,-0.04857750735145011,-261.9106744516803,336,Hoyt St,40.690545,-73.985065,Bk
337,6257.420765027322,6207.052054794521,-0.00804943636111409,-50.36871023280128,337,Nevins St,40.688246,-73.980492,Bk
339,3069.8934426229507,3079.1808219178083,0.0030253099882588635,9.287379294857601,339,Bergen St,40.680829,-73.975098,Bk
340,4751.765027322404,4834.435616438356,0.01739786976851762,82.67058911595177,340,Grand Army Plaza,40.675235,-73.971046,Bk
341,3206.2622950819673,3315.4520547945203,0.03405515508822762,109.18975971255304,341,Eastern Pkwy-Brooklyn Museum,40.671987,-73.964375,Bk
343,2236.8852459016393,2263.4258241758243,0.011864970866436684,26.54057827418501,343,Nostrand Av,40.669847,-73.950466,Bk
344,2708.754098360656,2836.6935933147633,0.047231860223686126,127.93949495410743,344,Kingston Av,40.669399,-73.942161,Bk
345,14476.838797814207,14857.70684931507,0.026308785835093183,380.86805150086184,345,Crown Hts-Utica Av,40.668897,-73.932942,Bk
346,3487.065573770492,3818.923287671233,0.0951681885184368,331.85771390074115,346,Sutter Av-Rutland Rd,40.664717,-73.92261,Bk
347,2559.8360655737706,2992.240331491713,0.16891873340374303,432.4042659179422,347,Saratoga Av,40.661453,-73.916327,Bk
348,2593.9863387978144,2754.0219178082193,0.06169484265078034,160.03557901040494,348,Rockaway Av,40.662549,-73.908946,Bk
349,1386.6448087431695,1575.8666666666666,0.1364602216302273,189.22185792349705,349,Junius St,40.663515,-73.902447,Bk
350,2168.7349726775956,2237.533149171271,0.03172272193717368,68.79817649367533,350,Pennsylvania Av,40.664635,-73.894895,Bk
351,1329.4153005464482,1409.3168044077136,0.06010274127913403,79.90150386126538,351,Van Siclen Av,40.665449,-73.889395,Bk
352,2917.281420765027,3189.654794520548,0.09336547780984862,272.3733737555208,352,New Lots Av,40.666235,-73.884079,Bk
353,2096.585635359116,2237.78021978022,0.06734501183249733,141.19458442110363,353,President St-Medgar Evers College,40.667883,-73.950683,Bk
354,3472.8273972602738,3623.732782369146,0.04345317743920192,150.90538510887245,354,Sterling St,40.662742,-73.95085,Bk
355,4568.636612021858,4967.013698630137,0.08719824324832352,398.37708660827866,355,Winthrop St,40.656652,-73.9502,Bk
356,5212.24043715847,6034.123287671233,0.15768321903446664,821.8828505127631,356,Church Av,40.650843,-73.949575,Bk
357,2682.9698630136986,2943.523287671233,0.09711380968135909,260.5534246575344,357,Beverly Rd,40.645098,-73.948959,Bk
358,4016.3306010928964,4513.6648351648355,0.12382801205075299,497.33423407193914,358,Newkirk Av-Little Haiti,40.639967,-73.948411,Bk
359,10560.88524590164,11419.85205479452,0.08133473557306384,858.9668088928811,359,Flatbush Av-Brooklyn College,40.632836,-73.947642,Bk
360,3347.751366120219,3563.230136986301,0.06436522528129245,215.4787708660824,360,Pelham Bay Park,40.852462,-73.828121,Bx
361,2108.587431693989,2172.0714285714284,0.03010735809348819,63.483996877439495,361,Buhre Av,40.84681,-73.832569,Bx
362,1157.7945205479452,1177.9368131868132,0.01739712209843184,20.142292638867957,362,Middletown Rd,40.843863,-73.836322,Bx
363,1940.3945205479451,2728.478021978022,0.4061460146813499,788.0835014300767,363,Westchester Sq-E Tremont Av,40.839892,-73.842952,Bx
364,1334.2377049180327,1405.2802197802198,0.053245770675137305,71.04251486218709,364,Zerega Av,40.836488,-73.847036,Bx
365,3087.245901639344,3565.3561643835615,0.15486627174412582,478.1102627442174,365,Castle Hill Av,40.834255,-73.851222,Bx
366,7722.062841530054,7783.39010989011,0.007941824564057016,61.327268360055314,366,Parkchester,40.833226,-73.860816,Bx
367,2005.967213114754,2558.4109589041095,0.27540018709057146,552.4437457893555,367,St Lawrence Av,40.831509,-73.867618,Bx
368,2918.94262295082,3664.227397260274,0.25532696958463336,745.284774309454,368,Morrison Av-Soundview,40.829521,-73.874516,Bx
369,3062.551912568306,3827.06301369863,0.24963204639662512,764.5111011303243,369,Elder Av,40.828584,-73.879159,Bx
370,997.2540983606557,1078.2032967032967,0.08117208891466078,80.94919834264101,370,Whitlock Av,40.826525,-73.886283,Bx
371,5353.243169398907,6150.350684931507,0.1489017947268223,797.1075155325998,371,Hunts Point Av,40.820948,-73.890549,Bx
372,1862.8579234972678,1837.4794520547946,-0.013623406875189146,-25.378471442473256,372,Longwood Av,40.816104,-73.896435,Bx
373,2570.464480874317,2802.6849315068494,0.09034182435135032,232.22045063253245,373,E 149 St,40.812118,-73.904098,Bx
374,733.620218579235,1146.2493150684932,0.5624560038549318,412.62909648925813,374,E 143 St-St Mary's St,40.808719,-73.907657,Bx
375,1648.8497267759562,1673.495890410959,0.014947489291940558,24.646163635002722,375,Cypress Av,40.805368,-73.914042,Bx
376,2907.0273224043717,3011.0849315068494,0.035795194733984396,104.05760910247773,376,Brook Av,40.807566,-73.91924,Bx
377,4507.8005464480875,5037.22191780822,0.11744560698837676,529.4213713601321,377,3 Av-138 St,40.810476,-73.926138,Bx
378,3683.377049180328,3907.745205479452,0.06091370861667649,224.36815629912417,378,Woodlawn,40.886037,-73.878751,Bx
379,4036.191256830601,4093.3397260273973,0.014159009214462191,57.14846919679621,379,Mosholu Pkwy,40.87975,-73.884655,Bx
380,3010.655737704918,3061.5150684931505,0.01689310742217359,50.859330788232455,380,Bedford Park Blvd-Lehman College,40.873412,-73.890064,Bx
381,4579.38524590164,5173.169863013699,0.12966470065899605,593.7846171120591,381,Kingsbridge Rd,40.86776,-73.897174,Bx
382,5184.680327868852,5703.375342465753,0.10004377932594918,518.6950145969013,382,Fordham Rd,40.862803,-73.901034,Bx
383,2949.3852459016393,3250.4465753424656,0.10207595967979102,301.0613294408263,383,183 St,40.858407,-73.903879,Bx
384,5427.502732240438,5403.131506849315,-0.0044903202436643135,-24.371225391122607,384,Burnside Av,40.853453,-73.907684,Bx
385,2900.22131147541,3334.3561643835615,0.14969024990968605,434.1348529081515,385,176 St,40.84848,-73.911794,Bx
386,2579.273224043716,2762.66301369863,0.07110134279120714,183.38978965491424,386,Mt Eden Av,40.844434,-73.914685,Bx
387,3846.0081967213114,4436.427397260274,0.15351480556965272,590.4192005389627,387,170 St,40.840075,-73.917791,Bx
388,4680.803278688524,5371.054794520548,0.1474643292476542,690.2515158320239,388,167 St,40.835537,-73.9214,Bx
391,2238.071038251366,2600.3150684931506,0.16185546573392523,362.24403024178446,391,138 St-Grand Concourse,40.813224,-73.929849,Bx
392,15068.658469945356,16198.13698630137,0.07495547918938994,1129.4785163560136,392,125 St,40.804138,-73.937594,M
393,7489.513661202186,8603.646575342465,0.14875904692073735,1114.1329141402794,393,116 St,40.798629,-73.941617,M
394,5557.081967213115,6673.693150684931,0.20093480536365005,1116.6111834718167,394,110 St,40.79502,-73.94425,M
395,6781.661202185793,7987.487671232877,0.17780694627717986,1205.8264690470842,395,103 St,40.7906,-73.947478,M
396,10571.691256830602,11011.37808219178,0.041590963515614206,439.6868253611792,396,96 St,40.785672,-73.95107,M
397,30285.680327868853,30803.7698630137,0.01710674911496374,518.0895351448453,397,86 St,40.779492,-73.955589,M
398,17583.27868852459,18088.002739726027,0.028704774583982164,504.72405120143594,398,77 St,40.77362,-73.959874,M
399,14437.265027322404,14767.945205479453,0.022904627540689938,330.68017815704843,399,68 St-Hunter College,40.768141,-73.96387,M
403,16855.762295081968,17647.920547945207,0.046996287619360186,792.1582528632389,403,33 St,40.746081,-73.982076,M
404,12612.07650273224,13107.405479452054,0.039274181108282076,495.3289767198148,404,28 St,40.74307,-73.984264,M
405,15329.226775956284,16633.32602739726,0.08507273527236482,1304.0992514409754,405,23 St-Baruch College,40.739864,-73.986599,M
407,11097.360655737704,11231.260273972603,0.012065897684028836,133.8996182348983,407,Astor Pl,40.730054,-73.99107,M
409,8756.811475409837,9129.11506849315,0.04251588539147913,372.3035930833139,409,Spring St,40.722301,-73.997141,M
413,9884.010928961749,10504.468493150685,0.06277386464344105,620.4575641889369,413,Wall St,40.707557,-74.011862,M
414,14016.357923497268,14405.265753424657,0.027746710811045842,388.9078299273897,414,Bowling Green,40.704817,-74.014065,M
416,2368.685792349727,2534.46301369863,0.06998700371502335,165.77722134890337,416,Wakefield-241 St,40.903125,-73.85062,Bx
417,1439.9098360655737,1588.0465753424658,0.10287917726964252,148.13673927689206,417,Nereid Av,40.898379,-73.854376,Bx
418,1999.6639344262296,2190.372602739726,0.09537035950404193,190.70866831349645,418,233 St,40.893193,-73.857473,Bx
419,1524.5382513661202,1758.4615384615386,0.15343877851920248,233.92328709541835,419,225 St,40.888022,-73.860341,Bx
420,1208.207650273224,1528.2904109589042,0.2649236334609341,320.0827606856801,420,219 St,40.883895,-73.862633,Bx
421,3427.5054644808743,3559.6931506849314,0.03856673244548077,132.18768620405717,421,Gun Hill Rd,40.87785,-73.866256,Bx
422,1353.6967213114754,1478.5521978021977,0.09223297547013418,124.85547649072237,422,Burke Av,40.871356,-73.867164,Bx
423,2206.0109289617485,2448.7417582417584,0.1100315624430067,242.73082928000986,423,Allerton Av,40.865462,-73.867352,Bx
424,4191.846994535519,4327.556164383562,0.032374552321435573,135.70916984804262,424,Pelham Pkwy,40.857192,-73.867615,Bx
425,1186.8169398907103,1376.3406593406594,0.15969077713653268,189.5237194499491,425,Bronx Park East,40.848828,-73.868457,Bx
426,4854.57650273224,5200.504109589041,0.07125804004985944,345.9276068568006,426,E 180 St,40.841894,-73.873488,Bx
427,2702.467213114754,3370.0986301369862,0.24704514962560722,667.6314170222322,427,West Farms Sq-E Tremont Av,40.840295,-73.880049,Bx
428,2877.396174863388,3672.041095890411,0.27616806054340115,794.644921027023,428,174 St,40.837288,-73.887734,Bx
429,2222.4781420765025,2576.019178082192,0.15907514648282187,353.5410360056894,429,Freeman St,40.829993,-73.891865,Bx
430,3787.092896174863,4639.578082191781,0.22510279240257516,852.4851860169174,430,Simpson St,40.824073,-73.893064,Bx
431,1461.5109289617487,1862.495867768595,0.27436328450291114,400.98493880684623,431,Intervale Av,40.822181,-73.896736,Bx
432,3313.8224043715845,3634.7561643835616,0.09684700048759468,320.93376001197703,432,Prospect Av,40.819585,-73.90177,Bx
433,2555.653005464481,3033.5178082191783,0.18698344483109794,477.8648027546974,433,Jackson Av,40.81649,-73.907807,Bx
434,10207.540983606557,11851.093150684932,0.16101352614875028,1643.5521670783746,434,3 Av-149 St,40.816109,-73.917757,Bx
436,1870.379781420765,1937.4191780821918,0.03584266539200008,67.03939666142674,436,Harlem-148 St,40.82388,-73.93647,M
437,1662.4065934065934,1896.401098901099,0.14075648305448876,233.99450549450557,437,145 St,40.820421,-73.936245,M
438,6187.068306010929,7378.386301369863,0.19254967561963585,1191.3179953589342,438,135 St,40.814229,-73.94077,M
439,8231.983606557376,9227.846575342466,0.12097484839399003,995.8629687850898,439,125 St,40.807754,-73.945495,M
440,5350.180327868852,6258.161643835617,0.16971041354197544,907.9813159667647,440,116 St,40.802098,-73.949625,M
441,4249.4767123287675,4878.852054794521,0.14810655171724607,629.3753424657534,441,110 St-Malcolm X Plaza,40.799075,-73.951822,M
442,2056.7349726775956,2244.890410958904,0.09148258807324841,188.1554382813083,442,Eastchester-Dyre Av,40.8883,-73.830834,Bx
443,1470.4395604395604,1529.1703296703297,0.039940961064195535,58.73076923076928,443,Baychester Av,40.878663,-73.838591,Bx
444,2308.986301369863,2362.860273972603,0.023332304990626267,53.87397260273974,444,Gun Hill Rd,40.869526,-73.846384,Bx
445,1594.0520547945205,1700.1735537190082,0.06657342124135787,106.1214989244877,445,Pelham Pkwy,40.858985,-73.855359,Bx
446,1472.8950276243095,1547.1218836565097,0.05039521122691522,74.2268560322002,446,Morris Park,40.854364,-73.860495,Bx
447,40304.51912568306,41132.89315068493,0.020552881983747915,828.3740250018745,447,Flushing-Main St,40.7596,-73.83003,Q
448,5522.53825136612,6879.010958904109,0.2456248641107079,1356.4727075379897,448,Mets-Willets Point,40.754622,-73.845625,Q
449,5771.893442622951,9442.82191780822,0.636000735577868,3670.9284751852692,449,111 St,40.75173,-73.855334,Q
450,17184.680327868853,15257.487671232877,-0.11214597070569865,-1927.1926566359762,450,103 St-Corona Plaza,40.749865,-73.8627,Q
451,17848.579234972676,18441.77808219178,0.03323507375067617,593.1988472191042,451,Junction Blvd,40.749145,-73.869527,Q
452,12868.418032786885,12951.857534246576,0.006484052759795213,83.43950145969029,452,90 St-Elmhurst Av,40.748408,-73.876613,Q
453,6491.6775956284155,10049.849315068494,0.5481128209195416,3558.171719440078,453,82 St-Jackson Hts,40.747659,-73.883697,Q
455,3926.1311475409834,3158.841095890411,-0.1954315897295336,-767.2900516505724,455,69 St,40.746325,-73.896403,Q
456,10574.524590163934,11427.775342465753,0.08068927780408061,853.2507523018194,456,61 St-Woodside,40.74563,-73.902984,Q
457,4076.8928571428573,3435.449315068493,-0.15733637467330863,-641.4435420743644,457,52 St,40.744149,-73.912549,Q
458,7843.087431693989,9479.04109589041,0.208585417215358,1635.9536641964214,458,46 St-Bliss St,40.743132,-73.918435,Q
459,6017.382513661202,6779.41095890411,0.12663786015146658,762.0284452429078,459,40 St-Lowery St,40.743781,-73.924016,Q
460,4676.0901639344265,6135.432876712329,0.31208609364153544,1459.3427127779023,460,33 St-Rawson St,40.744587,-73.930997,Q
461,8643.295081967213,9761.027397260274,0.12931784749834835,1117.7323152930603,461,Queensboro Plaza,40.750582,-73.940202,Q
463,2878.1629834254145,2973.4005524861877,0.03308970673628332,95.23756906077324,463,Hunters Point Av,40.742216,-73.948916,Q
464,10617.669398907105,11803.427397260273,0.11167780365013256,1185.7579983531687,464,Vernon Blvd-Jackson Av,40.742626,-73.953581,Q
471,16762.42349726776,18500.88493150685,0.10371181914849353,1738.4614342390923,471,34 St-Hudson Yards,40.755882,-74.00191,M
475,11138.215846994535,12360.504109589041,0.1097382452795903,1222.2882625945058,475,96 St,40.784318,-73.947152,M
476,15649.898907103825,17583.378082191783,0.12354579327092713,1933.4791750879576,476,86 St,40.777891,-73.951787,M
477,19160.939890710382,20859.805479452054,0.0886629569547012,1698.8655887416717,477,72 St,40.768799,-73.958424,M
601,28887.62568306011,31544.227397260274,0.09196331132738313,2656.6017142001656,601,14 St/6 Av,40.73779633,-73.997732,M
602,62694.379781420765,67198.98082191781,0.07185015716244417,4504.601040497044,602,14 St-Union Sq,40.735066,-73.99041633,M
603,5822.1120218579235,7118.945205479452,0.2227427398773563,1296.8331836215284,603,149 St-Grand Concourse,40.8183925,-73.9270345,Bx
604,16588.188524590165,17319.901369863015,0.044110473195320056,731.7128452728502,604,161 St-Yankee Stadium,40.8279495,-73.925741,Bx
605,14644.767759562841,14921.038356164383,0.018864798755251058,276.2705966015419,605,168 St-Washington Hts,40.8406375,-73.939847,M
606,16669.333333333332,17652.389041095892,0.05897390664069109,983.0557077625599,606,Court Sq-23 St,40.747141,-73.945032,Q
607,68515.32786885246,72561.89589041096,0.05906077001199172,4046.5680215585016,607,34 St-Herald Sq,40.749643,-73.9878865,M
608,8025.37431693989,8664.219178082192,0.07960312328283974,638.8448611423019,608,4 Av-9 St,40.6705595,-73.9890405,Bk
609,32593.66120218579,35920.21095890411,0.102061248537959,3326.5497567183156,609,42 St-Bryant Pk/5 Av,40.7540215,-73.983266,M
610,92849.22950819672,99625.60547945206,0.07298257623836422,6776.375971255344,610,Grand Central-42 St,40.751992,-73.97735933,M
611,125531.51912568306,132902.1287671233,0.058715211070302864,7370.609641440242,611,Times Sq-42 St/Port Authority Bus Terminal,40.755746,-73.9875808,M
612,34234.27322404372,36677.0904109589,0.07135589445490327,2442.8171869151847,612,Lexington Av/51-53 Sts,40.7573295,-73.9704875,M
613,32771.0956284153,33201.479452054795,0.013133031269980364,430.38382363949495,613,Lexington Av/59 St,40.762593,-73.9676125,M
614,46450.21038251366,47772.397260273974,0.02846460472131807,1322.1868777603158,614,59 St-Columbus Circle,40.7682715,-73.9818325,M
615,3170.1065573770493,3335.709589041096,0.05223894801853819,165.60303166404674,615,62 St/New Utrecht Av,40.625657,-73.996624,Bk
616,41255.66393442623,40828.39178082192,-0.010356690763320093,-427.27215360431,616,Jackson Hts-Roosevelt Av/74 St-Broadway,40.746746,-73.891366,Q
617,28557.24043715847,30618.05205479452,0.07216424227582355,2060.811617636049,617,Atlantic Av-Barclays Ctr,40.68416167,-73.97778867,Bk
618,32230.177595628415,33323.109589041094,0.03391020698442943,1092.9319934126797,618,14 St/8 Av,40.740335,-74.002134,M
619,27307.256830601094,29620.569863013698,0.0847142225512837,2313.313032412603,619,Broadway-Lafayette St/Bleecker St,40.725606,-73.9954315,M
620,17610.945355191256,17934.224657534247,0.01835672621899862,323.2793023429913,620,Borough Hall/Court St,40.693241,-73.990642,Bk
621,5344.770491803279,5492.7013698630135,0.027677685746581842,147.93087805973482,621,Broadway Junction,40.678896,-73.904356,Bk
622,16382.245901639344,17280.15890410959,0.05481012846842896,897.9130024702463,622,Brooklyn Bridge-City Hall/Chambers St,40.713154,-74.003766,M
623,30198.928961748636,33312.63835616438,0.10310661673994183,3113.709394415746,623,Canal St,40.71870125,-74.00058,M
624,36589.743169398906,38710.75068493151,0.05796726983605796,2121.007515532605,624,Chambers St/WTC/Park Place/Cortlandt St,40.712603,-74.0095515,M
625,19445.109289617485,21487.641095890413,0.10504090133160199,2042.5318062729275,625,Delancey St-Essex St,40.718463,-73.9877755,M
626,9598.0,10253.5698630137,0.06830275713833084,655.5698630136994,626,Franklin Av-Medgar Evers College/Botanic Garden,40.6705125,-73.958688,Bk
627,3595.4043715846997,3735.5698630136985,0.03898462507771273,140.16549142899885,627,Franklin Av,40.680988,-73.9563375,Bk
628,52750.956284153006,56569.676712328765,0.0723914919685152,3818.7204281757586,628,Fulton St,40.71008875,-74.00783825,M
629,11305.295081967213,12997.082191780823,0.14964555082795986,1691.7871098136093,629,Metropolitan Av/Lorimer St,40.7134275,-73.9508465,Bk
630,14542.65300546448,15533.254794520548,0.0681169927305453,990.601789056067,630,Myrtle-Wyckoff Avs,40.699622,-73.9119855,Bk
635,18192.579234972676,19143.1397260274,0.05224990248921955,950.5604910547227,635,Whitehall St-South Ferry,40.7025775,-74.013329,M
636,23231.683060109288,23442.613698630135,0.009079438539820333,210.93063852084742,636,Jay St-MetroTech,40.692259,-73.986642,Bk
