name,date,total,1 unit,2 units,3 and 4 units,5 units or more,multi_total,rt,multi_rt,population,rt_pc,multi_rt_pc,lat,lng,region
"Aberdeen, SD",2025-10-01,8.0,6.0,2.0,0.0,0.0,2.0,172.0,108.0,,,,45.4649,-98.4686,
"Aberdeen, WA",2025-10-01,24.0,24.0,0.0,0.0,0.0,0.0,265.0,14.0,,,,46.9757,-123.8094,
"Abilene, TX",2025-10-01,98.0,68.0,30.0,0.0,0.0,30.0,983.0,268.0,184278.0,5.334331824743051,1.4543244445891534,32.4543,-99.7384,
"Ada, OK",2025-10-01,8.0,8.0,0.0,0.0,0.0,0.0,24.0,12.0,,,,34.7662,-96.6681,
"Adrian, MI",2025-10-01,18.0,18.0,0.0,0.0,0.0,0.0,177.0,19.0,,,,41.8994,-84.0447,
"Akron, OH",2025-10-01,47.0,47.0,0.0,0.0,0.0,0.0,929.0,277.0,702209.0,1.3229679482888996,0.3944694528267225,41.0798,-81.5219,
"Alamogordo, NM",2025-10-01,1.0,1.0,0.0,0.0,0.0,0.0,9.0,0.0,,,,32.8837,-105.9625,
"Alamosa, CO",2025-10-01,19.0,17.0,2.0,0.0,0.0,2.0,157.0,14.0,,,,37.4752,-105.877,
"Albany, GA",2025-10-01,21.0,16.0,0.0,0.0,5.0,5.0,221.0,52.0,145451.0,1.5194120356683694,0.3575087142749105,31.5776,-84.1762,
"Albany, NY",2025-10-01,190.0,114.0,0.0,20.0,56.0,76.0,2315.0,1062.0,913485.0,2.5342506992451983,1.162580666349201,42.6664,-73.7987,
"Albany, OR",2025-10-01,30.0,16.0,2.0,0.0,12.0,14.0,192.0,37.0,132474.0,1.4493410027628062,0.2793000890740825,44.6272,-123.0965,
"Albemarle, NC",2025-10-01,26.0,26.0,0.0,0.0,0.0,0.0,343.0,0.0,,,,35.3594,-80.1915,
"Albert Lea, MN",2025-10-01,1.0,1.0,0.0,0.0,0.0,0.0,9.0,0.0,,,,43.6548,-93.3643,
"Albertville, AL",2025-10-01,16.0,16.0,0.0,0.0,0.0,0.0,150.0,0.0,,,,34.2633,-86.2108,
"Albuquerque, NM",2025-10-01,128.0,104.0,0.0,0.0,24.0,24.0,3035.0,1195.0,926303.0,3.2764656921115445,1.2900746300076755,35.1054,-106.6465,
"Alexander City, AL",2025-10-01,14.0,14.0,0.0,0.0,0.0,0.0,221.0,0.0,,,,32.9229,-85.9358,
"Alexandria, LA",2025-10-01,21.0,19.0,2.0,0.0,0.0,2.0,274.0,24.0,148008.0,1.8512512837143937,0.16215339711366952,31.2923,-92.4702,
"Alexandria, MN",2025-10-01,26.0,18.0,0.0,0.0,8.0,8.0,426.0,239.0,,,,45.8776,-95.3767,
"Alice, TX",2025-10-01,0.0,0.0,0.0,0.0,0.0,0.0,3.0,0.0,,,,27.7556,-98.0653,
"Allentown, PA",2025-10-01,224.0,127.0,0.0,0.0,97.0,97.0,2312.0,1015.0,886418.0,2.608250283726188,1.1450579749057443,40.5961,-75.4756,
"Alma, MI",2025-10-01,4.0,4.0,0.0,0.0,0.0,0.0,42.0,4.0,,,,43.3799,-84.6556,
"Alpena, MI",2025-10-01,2.0,2.0,0.0,0.0,0.0,0.0,36.0,0.0,,,,45.074,-83.4402,
"Altoona, PA",2025-10-01,6.0,4.0,2.0,0.0,0.0,2.0,96.0,21.0,120269.0,0.7982106777307536,0.17460858575360233,40.5082,-78.4007,
"Altus, OK",2025-10-01,2.0,2.0,0.0,0.0,0.0,0.0,20.0,0.0,,,,34.6565,-99.3061,
"Amarillo, TX",2025-10-01,102.0,90.0,4.0,8.0,0.0,12.0,1231.0,654.0,274650.0,4.482068086655744,2.3812124522119062,35.1984,-101.8316,
"Americus, GA",2025-10-01,3.0,3.0,0.0,0.0,0.0,0.0,45.0,0.0,,,,32.0736,-84.2248,
"Ames, IA",2025-10-01,20.0,20.0,0.0,0.0,0.0,0.0,400.0,194.0,129227.0,3.0953283756490517,1.50123426218979,42.0256,-93.6217,
"Amherst Town, MA",2025-10-01,33.0,13.0,0.0,0.0,20.0,20.0,285.0,191.0,165399.0,1.7231059438086083,1.1547832816401549,,,
"Amsterdam, NY",2025-10-01,4.0,4.0,0.0,0.0,0.0,0.0,285.0,232.0,,,,42.942,-74.1906,
"Anchorage, AK",2025-10-01,37.0,13.0,4.0,3.0,17.0,24.0,386.0,165.0,407213.0,0.9479068693779422,0.4051933508998976,61.1508,-149.1091,
"Anderson Creek, NC",2025-10-01,158.0,158.0,0.0,0.0,0.0,0.0,1678.0,6.0,,,,35.2657,-78.958,
"Andrews, TX",2025-10-01,10.0,10.0,0.0,0.0,0.0,0.0,71.0,26.0,,,,32.3207,-102.552,
"Angola, IN",2025-10-01,19.0,17.0,2.0,0.0,0.0,2.0,139.0,4.0,,,,41.6433,-85.005,
"Ann Arbor, MI",2025-10-01,447.0,46.0,2.0,0.0,399.0,401.0,1443.0,902.0,373875.0,3.859578736208626,2.4125710464727517,42.2759,-83.731,
"Anniston, AL",2025-10-01,6.0,6.0,0.0,0.0,0.0,0.0,146.0,14.0,116427.0,1.254004655277556,0.12024702173894371,33.6712,-85.8135,
"Appleton, WI",2025-10-01,139.0,67.0,4.0,0.0,68.0,72.0,922.0,310.0,248992.0,3.7029302146253698,1.245019920318725,44.278,-88.3892,
"Arcadia, FL",2025-10-01,30.0,30.0,0.0,0.0,0.0,0.0,135.0,0.0,,,,27.2215,-81.8585,
"Ardmore, OK",2025-10-01,8.0,8.0,0.0,0.0,0.0,0.0,55.0,0.0,,,,34.1949,-97.1256,
"Arkadelphia, AR",2025-10-01,0.0,0.0,0.0,0.0,0.0,0.0,7.0,0.0,,,,34.1253,-93.0729,
"Arkansas City, KS",2025-10-01,4.0,4.0,0.0,0.0,0.0,0.0,47.0,13.0,,,,37.0726,-97.0385,
"Asheville, NC",2025-10-01,227.0,135.0,0.0,0.0,92.0,92.0,3397.0,1492.0,422333.0,8.043415977439603,3.5327573265645826,35.5707,-82.5537,
"Ashland, OH",2025-10-01,7.0,7.0,0.0,0.0,0.0,0.0,68.0,2.0,,,,40.8668,-82.3156,
"Astoria, OR",2025-10-01,12.0,10.0,2.0,0.0,0.0,2.0,191.0,100.0,,,,46.1856,-123.8053,
"Atchison, KS",2025-10-01,2.0,2.0,0.0,0.0,0.0,0.0,19.0,2.0,,,,39.5625,-95.1367,
"Athens, GA",2025-10-01,84.0,84.0,0.0,0.0,0.0,0.0,1491.0,701.0,223689.0,6.665504338612985,3.1338152524263596,33.9508,-83.3689,
"Athens, OH",2025-10-01,4.0,2.0,2.0,0.0,0.0,2.0,61.0,55.0,,,,39.327,-82.0987,
"Athens, TN",2025-10-01,11.0,11.0,0.0,0.0,0.0,0.0,147.0,22.0,,,,35.4573,-84.6045,
"Athens, TX",2025-10-01,19.0,17.0,2.0,0.0,0.0,2.0,234.0,10.0,,,,32.2041,-95.8321,
"Atlanta, GA",2025-10-01,3054.0,2171.0,4.0,32.0,847.0,883.0,34852.0,11611.0,6411149.0,5.436155048026492,1.811063820229416,33.7628,-84.422,Southeast
"Atlantic City, NJ",2025-10-01,162.0,128.0,10.0,9.0,15.0,34.0,1724.0,493.0,372989.0,4.622120223384604,1.3217547970583583,39.3797,-74.4527,
"Auburn, AL",2025-10-01,139.0,127.0,12.0,0.0,0.0,12.0,1911.0,173.0,206006.0,9.276428841878392,0.8397813655912935,32.6087,-85.4903,
"Auburn, IN",2025-10-01,12.0,12.0,0.0,0.0,0.0,0.0,117.0,18.0,,,,41.3666,-85.0559,
"Auburn, NY",2025-10-01,16.0,11.0,0.0,0.0,5.0,5.0,122.0,30.0,,,,42.9338,-76.5685,
"Augusta, GA",2025-10-01,233.0,228.0,2.0,3.0,0.0,5.0,3760.0,452.0,636760.0,5.904893523462529,0.7098435831396445,33.3645,-82.0708,
"Augusta, ME",2025-10-01,41.0,35.0,0.0,0.0,6.0,6.0,467.0,50.0,,,,44.3341,-69.7319,
"Austin, MN",2025-10-01,3.0,3.0,0.0,0.0,0.0,0.0,139.0,102.0,,,,43.6721,-92.9784,
"Austin, TX",2025-10-01,2558.0,979.0,20.0,4.0,1555.0,1579.0,29322.0,14101.0,2550637.0,11.495951795571067,5.528422899848156,30.3005,-97.7522,Southwest
"Bainbridge, GA",2025-10-01,11.0,6.0,0.0,0.0,5.0,5.0,137.0,60.0,,,,30.9052,-84.5732,
"Baker City, OR",2025-10-01,2.0,2.0,0.0,0.0,0.0,0.0,45.0,2.0,,,,44.7749,-117.832,
"Bakersfield, CA",2025-10-01,275.0,218.0,48.0,4.0,5.0,57.0,3017.0,331.0,922529.0,3.2703578966081284,0.35879630884232366,35.3529,-119.0359,
"Baltimore, MD",2025-10-01,620.0,320.0,0.0,0.0,300.0,300.0,6355.0,2808.0,2859024.0,2.222786517356972,0.9821533502342057,39.3051,-76.6144,Northeast
"Bangor, ME",2025-10-01,37.0,32.0,0.0,0.0,5.0,5.0,511.0,187.0,156840.0,3.2580974241264986,1.1922978831930628,44.8323,-68.7906,
"Baraboo, WI",2025-10-01,19.0,19.0,0.0,0.0,0.0,0.0,246.0,30.0,,,,43.4695,-89.7376,
"Barnstable Town, MA",2025-10-01,103.0,47.0,8.0,3.0,45.0,56.0,700.0,300.0,232570.0,3.009846497828611,1.2899342133551188,,,
"Barre, VT",2025-10-01,29.0,9.0,12.0,8.0,0.0,20.0,175.0,32.0,,,,44.1998,-72.5085,
"Bartlesville, OK",2025-10-01,2.0,2.0,0.0,0.0,0.0,0.0,22.0,3.0,,,,36.7365,-95.9456,
"Batavia, NY",2025-10-01,5.0,5.0,0.0,0.0,0.0,0.0,46.0,0.0,,,,42.9987,-78.1802,
"Batesville, AR",2025-10-01,5.0,0.0,0.0,0.0,5.0,5.0,31.0,27.0,,,,35.7687,-91.6227,
"Baton Rouge, LA",2025-10-01,351.0,259.0,10.0,0.0,82.0,92.0,4135.0,903.0,882652.0,4.684745516919465,1.0230532531507321,30.442,-91.1311,
"Battle Creek, MI",2025-10-01,7.0,7.0,0.0,0.0,0.0,0.0,124.0,0.0,133785.0,0.9268602608663153,0.0,42.2985,-85.2296,
"Bay City, MI",2025-10-01,1.0,1.0,0.0,0.0,0.0,0.0,34.0,0.0,102651.0,0.3312193743850523,0.0,43.5902,-83.8887,
"Bay City, TX",2025-10-01,19.0,19.0,0.0,0.0,0.0,0.0,265.0,44.0,,,,28.9838,-95.9601,
"Beatrice, NE",2025-10-01,1.0,1.0,0.0,0.0,0.0,0.0,29.0,4.0,,,,40.2736,-96.7455,
"Beaumont, TX",2025-10-01,70.0,60.0,0.0,0.0,10.0,10.0,996.0,96.0,398733.0,2.4979121366929746,0.24076261558486506,30.0849,-94.1451,
"Beaver Dam, WI",2025-10-01,26.0,24.0,2.0,0.0,0.0,2.0,408.0,183.0,,,,43.4688,-88.8309,
"Beckley, WV",2025-10-01,6.0,6.0,0.0,0.0,0.0,0.0,77.0,0.0,110979.0,0.6938249578749133,0.0,37.7877,-81.1841,
"Bedford, IN",2025-10-01,23.0,23.0,0.0,0.0,0.0,0.0,107.0,26.0,,,,38.8602,-86.4895,
"Beeville, TX",2025-10-01,1.0,1.0,0.0,0.0,0.0,0.0,14.0,0.0,,,,28.4053,-97.749,
"Bellefontaine, OH",2025-10-01,12.0,12.0,0.0,0.0,0.0,0.0,128.0,3.0,,,,40.3627,-83.763,
"Bellingham, WA",2025-10-01,185.0,41.0,2.0,0.0,142.0,144.0,1348.0,675.0,234954.0,5.737293257403577,2.872902780969892,48.7548,-122.469,
"Bemidji, MN",2025-10-01,13.0,5.0,0.0,0.0,8.0,8.0,169.0,96.0,,,,47.4828,-94.8797,
"Bend, OR",2025-10-01,231.0,133.0,32.0,0.0,66.0,98.0,2851.0,1496.0,264407.0,10.782619219612188,5.657944002995382,44.0563,-121.3095,
"Bennington, VT",2025-10-01,5.0,5.0,0.0,0.0,0.0,0.0,61.0,6.0,,,,,,
"Big Rapids, MI",2025-10-01,9.0,9.0,0.0,0.0,0.0,0.0,107.0,0.0,,,,43.6992,-85.4806,
"Big Spring, TX",2025-10-01,1.0,1.0,0.0,0.0,0.0,0.0,10.0,0.0,,,,32.2389,-101.4799,
"Billings, MT",2025-10-01,112.0,78.0,34.0,0.0,0.0,34.0,1320.0,585.0,192531.0,6.8560387677828505,3.038471726631036,45.7891,-108.5526,
"Binghamton, NY",2025-10-01,33.0,14.0,0.0,0.0,19.0,19.0,363.0,218.0,243971.0,1.4878817564382651,0.893548823425735,42.1014,-75.9093,
"Birmingham, AL",2025-10-01,279.0,246.0,2.0,0.0,31.0,33.0,3867.0,719.0,1192583.0,3.2425416092632546,0.6028930481148901,33.5279,-86.7971,Southeast
"Bishop, CA",2025-10-01,1.0,1.0,0.0,0.0,0.0,0.0,16.0,0.0,,,,37.3665,-118.3958,
"Bismarck, ND",2025-10-01,30.0,25.0,2.0,3.0,0.0,5.0,409.0,42.0,139183.0,2.9385772687756404,0.3017609909256159,46.8143,-100.7694,
"Blackfoot, ID",2025-10-01,17.0,17.0,0.0,0.0,0.0,0.0,204.0,8.0,,,,43.194,-112.3454,
"Blacksburg, VA",2025-10-01,118.0,44.0,2.0,0.0,72.0,74.0,512.0,76.0,182041.0,2.8125532160337507,0.4174883680050099,37.23,-80.4279,
"Bloomington, IL",2025-10-01,16.0,16.0,0.0,0.0,0.0,0.0,335.0,110.0,172069.0,1.9468933974161529,0.6392784290023189,40.4757,-88.9703,
"Bloomington, IN",2025-10-01,59.0,28.0,6.0,0.0,25.0,31.0,1274.0,985.0,162553.0,7.837443787564671,6.059562112049608,39.1637,-86.5257,
"Bloomsburg, PA",2025-10-01,7.0,7.0,0.0,0.0,0.0,0.0,70.0,0.0,,,,41.0027,-76.4561,
"Bluefield, WV",2025-10-01,1.0,1.0,0.0,0.0,0.0,0.0,15.0,0.0,,,,37.2608,-81.2143,
"Blytheville, AR",2025-10-01,4.0,4.0,0.0,0.0,0.0,0.0,60.0,0.0,,,,35.9321,-89.9051,
"Bogalusa, LA",2025-10-01,0.0,0.0,0.0,0.0,0.0,0.0,6.0,6.0,,,,30.7812,-89.8633,
"Boise City, ID",2025-10-01,768.0,646.0,14.0,0.0,108.0,122.0,9505.0,1673.0,845877.0,11.236858313915617,1.9778289278464838,,,
"Bonham, TX",2025-10-01,4.0,4.0,0.0,0.0,0.0,0.0,55.0,8.0,,,,33.588,-96.1901,
"Boone, NC",2025-10-01,16.0,16.0,0.0,0.0,0.0,0.0,521.0,286.0,,,,36.2111,-81.6669,
"Borger, TX",2025-10-01,0.0,0.0,0.0,0.0,0.0,0.0,2.0,0.0,,,,35.6598,-101.4012,
"Boston, MA",2025-10-01,961.0,407.0,22.0,16.0,516.0,554.0,9580.0,6071.0,5025517.0,1.9062715338541287,1.2080349146167448,42.3188,-71.0852,Northeast
"Boulder, CO",2025-10-01,132.0,22.0,4.0,0.0,106.0,110.0,1909.0,1464.0,330262.0,5.7802593092756664,4.432844226704859,40.0248,-105.2524,
"Bowling Green, KY",2025-10-01,303.0,39.0,0.0,0.0,264.0,264.0,1358.0,641.0,195159.0,6.958428768337613,3.2845013553051614,36.9716,-86.4378,
"Bozeman, MT",2025-10-01,124.0,49.0,6.0,9.0,60.0,75.0,1477.0,730.0,126984.0,11.631386631386631,5.748755748755749,45.6833,-111.0558,
"Bradford, PA",2025-10-01,2.0,2.0,0.0,0.0,0.0,0.0,32.0,0.0,,,,41.9605,-78.6412,
"Brainerd, MN",2025-10-01,67.0,67.0,0.0,0.0,0.0,0.0,902.0,184.0,,,,46.3553,-94.1983,
"Branson, MO",2025-10-01,14.0,12.0,2.0,0.0,0.0,2.0,931.0,27.0,,,,36.6509,-93.2636,
"Brattleboro, VT",2025-10-01,12.0,12.0,0.0,0.0,0.0,0.0,145.0,9.0,,,,,,
"Breckenridge, CO",2025-10-01,23.0,18.0,0.0,0.0,5.0,5.0,326.0,133.0,,,,39.4995,-106.0432,
"Bremerton, WA",2025-10-01,45.0,26.0,0.0,0.0,19.0,19.0,1809.0,1142.0,281420.0,6.428114561864828,4.057991613957785,47.5436,-122.7121,
"Brenham, TX",2025-10-01,3.0,3.0,0.0,0.0,0.0,0.0,199.0,3.0,,,,30.1584,-96.3966,
"Brevard, NC",2025-10-01,12.0,12.0,0.0,0.0,0.0,0.0,194.0,14.0,,,,35.2438,-82.7265,
"Bridgeport, CT",2025-10-01,456.0,43.0,2.0,0.0,411.0,413.0,3654.0,3114.0,972679.0,3.7566350255325753,3.2014672877691406,41.1918,-73.1954,
"Brigham City, UT",2025-10-01,33.0,33.0,0.0,0.0,0.0,0.0,526.0,81.0,,,,41.5035,-112.0453,
"Brookhaven, MS",2025-10-01,28.0,26.0,2.0,0.0,0.0,2.0,35.0,2.0,,,,31.5803,-90.4432,
"Brookings, OR",2025-10-01,1.0,1.0,0.0,0.0,0.0,0.0,44.0,0.0,,,,42.0697,-124.3002,
"Brookings, SD",2025-10-01,13.0,9.0,0.0,4.0,0.0,4.0,267.0,125.0,,,,44.3022,-96.7859,
"Brownsville, TX",2025-10-01,172.0,116.0,14.0,3.0,39.0,56.0,2177.0,508.0,431874.0,5.040822091628576,1.1762690043855384,25.9975,-97.458,
"Brownwood, TX",2025-10-01,9.0,9.0,0.0,0.0,0.0,0.0,204.0,51.0,,,,31.7127,-98.9767,
"Brunswick, GA",2025-10-01,65.0,46.0,4.0,3.0,12.0,19.0,781.0,214.0,117135.0,6.667520382464677,1.8269518077432023,31.1449,-81.4746,
"Bucyrus, OH",2025-10-01,0.0,0.0,0.0,0.0,0.0,0.0,9.0,0.0,,,,40.8054,-82.9719,
"Buffalo, NY",2025-10-01,127.0,77.0,4.0,4.0,42.0,50.0,1075.0,341.0,1160172.0,0.9265867474822699,0.29392193571298053,42.9018,-78.8487,Northeast
"Burley, ID",2025-10-01,22.0,18.0,0.0,4.0,0.0,4.0,261.0,14.0,,,,42.5379,-113.7926,
"Burlington, IA",2025-10-01,3.0,3.0,0.0,0.0,0.0,0.0,87.0,62.0,,,,40.8071,-91.1247,
"Burlington, NC",2025-10-01,110.0,110.0,0.0,0.0,0.0,0.0,2055.0,338.0,183040.0,11.227054195804197,1.846590909090909,36.076,-79.4685,
"Burlington, VT",2025-10-01,56.0,31.0,0.0,3.0,22.0,25.0,1318.0,876.0,229445.0,5.744296018653708,3.8179084312144522,44.4876,-73.2316,
"Butte, MT",2025-10-01,10.0,5.0,0.0,0.0,5.0,5.0,105.0,45.0,,,,45.902,-112.6571,
"Cadillac, MI",2025-10-01,19.0,14.0,0.0,0.0,5.0,5.0,176.0,69.0,,,,44.2493,-85.4164,
"Calhoun, GA",2025-10-01,17.0,17.0,0.0,0.0,0.0,0.0,327.0,0.0,,,,34.491,-84.9386,
"Cambridge, MD",2025-10-01,6.0,6.0,0.0,0.0,0.0,0.0,72.0,0.0,,,,38.5515,-76.0787,
"Cambridge, OH",2025-10-01,3.0,3.0,0.0,0.0,0.0,0.0,45.0,0.0,,,,40.0221,-81.5869,
"Camden, AR",2025-10-01,0.0,0.0,0.0,0.0,0.0,0.0,3.0,0.0,,,,33.5672,-92.8467,
"Campbellsville, KY",2025-10-01,1.0,1.0,0.0,0.0,0.0,0.0,12.0,0.0,,,,37.3445,-85.3511,
"Canton, IL",2025-10-01,3.0,3.0,0.0,0.0,0.0,0.0,14.0,0.0,,,,40.5632,-90.0409,
"Canton, OH",2025-10-01,59.0,42.0,4.0,3.0,10.0,17.0,642.0,164.0,400551.0,1.6027921538081293,0.4094360019073726,40.8078,-81.3676,
"Cape Coral, FL",2025-10-01,824.0,787.0,6.0,8.0,23.0,37.0,14278.0,3900.0,860959.0,16.583832679604953,4.529832431044916,26.6443,-81.9957,
"Cape Girardeau, MO",2025-10-01,7.0,7.0,0.0,0.0,0.0,0.0,83.0,10.0,98862.0,0.8395541259533491,0.1011510995124517,37.3109,-89.5597,
"Carbondale, IL",2025-10-01,0.0,0.0,0.0,0.0,0.0,0.0,7.0,0.0,,,,37.7221,-89.2237,
"Carlsbad, NM",2025-10-01,27.0,23.0,4.0,0.0,0.0,4.0,206.0,20.0,,,,32.401,-104.2388,
"Carroll, IA",2025-10-01,2.0,2.0,0.0,0.0,0.0,0.0,27.0,0.0,,,,42.0699,-94.8646,
"Carson City, NV",2025-10-01,54.0,54.0,0.0,0.0,0.0,0.0,513.0,251.0,58148.0,8.82231547086744,4.316571507188553,39.1511,-119.7476,
"Casper, WY",2025-10-01,17.0,17.0,0.0,0.0,0.0,0.0,317.0,106.0,80410.0,3.9422957343613985,1.3182439995025494,42.842,-106.3208,
"Cañon City, CO",2025-10-01,12.0,12.0,0.0,0.0,0.0,0.0,115.0,2.0,,,,,,
"Cedar City, UT",2025-10-01,64.0,64.0,0.0,0.0,0.0,0.0,687.0,0.0,,,,37.6834,-113.0956,
"Cedar Rapids, IA",2025-10-01,84.0,48.0,8.0,16.0,12.0,36.0,1048.0,593.0,278677.0,3.7606261011852435,2.127911524811879,41.9662,-91.6783,
"Cedartown, GA",2025-10-01,9.0,9.0,0.0,0.0,0.0,0.0,96.0,0.0,,,,34.0223,-85.2479,
"Celina, OH",2025-10-01,6.0,6.0,0.0,0.0,0.0,0.0,86.0,4.0,,,,40.555,-84.5626,
"Centralia, IL",2025-10-01,0.0,0.0,0.0,0.0,0.0,0.0,18.0,15.0,,,,38.5224,-89.1232,
"Centralia, WA",2025-10-01,40.0,32.0,4.0,4.0,0.0,8.0,406.0,57.0,,,,46.7223,-122.9696,
"Chambersburg, PA",2025-10-01,48.0,30.0,2.0,0.0,16.0,18.0,968.0,318.0,159285.0,6.077157296669491,1.9964215086166306,39.9315,-77.6556,
"Champaign, IL",2025-10-01,91.0,37.0,0.0,0.0,54.0,54.0,923.0,627.0,242453.0,3.806923403711235,2.586068227656494,40.1142,-88.2737,
"Charleston, IL",2025-10-01,7.0,2.0,0.0,0.0,5.0,5.0,42.0,35.0,,,,39.4842,-88.1781,
"Charleston, SC",2025-10-01,589.0,449.0,6.0,12.0,122.0,140.0,7609.0,1731.0,869940.0,8.74658022392349,1.989792399475826,32.8168,-79.9687,
"Charleston, WV",2025-10-01,5.0,5.0,0.0,0.0,0.0,0.0,124.0,2.0,202091.0,0.6135849691475622,0.009896531760444553,38.3484,-81.6322,
"Charlotte, NC",2025-10-01,1815.0,1050.0,2.0,4.0,759.0,765.0,22708.0,6293.0,2883370.0,7.875506785462843,2.182515598067539,35.2083,-80.8303,Southeast
"Charlottesville, VA",2025-10-01,100.0,79.0,0.0,0.0,21.0,21.0,1419.0,386.0,227336.0,6.241862265545272,1.697927297040504,38.0375,-78.4855,
"Chattanooga, TN",2025-10-01,267.0,205.0,12.0,7.0,43.0,62.0,3029.0,768.0,588050.0,5.150922540600289,1.3060113935889806,35.066,-85.2481,
"Cheyenne, WY",2025-10-01,21.0,21.0,0.0,0.0,0.0,0.0,427.0,131.0,101783.0,4.195199591287347,1.2870518652427223,41.135,-104.7902,
"Chicago, IL",2025-10-01,1598.0,932.0,32.0,72.0,562.0,666.0,17206.0,7484.0,9408576.0,1.8287570828996864,0.7954444965954466,41.8375,-87.6866,Midwest
"Chico, CA",2025-10-01,71.0,56.0,2.0,3.0,10.0,15.0,931.0,249.0,208334.0,4.4687856998857605,1.1951961753722389,39.7578,-121.8161,
"Chillicothe, OH",2025-10-01,3.0,3.0,0.0,0.0,0.0,0.0,26.0,4.0,,,,39.3393,-82.9939,
"Cincinnati, OH",2025-10-01,498.0,346.0,24.0,23.0,105.0,152.0,7171.0,2949.0,2302815.0,3.114014803620786,1.2806065619687208,39.1413,-84.506,Midwest
"Clarksburg, WV",2025-10-01,7.0,7.0,0.0,0.0,0.0,0.0,174.0,94.0,,,,39.2862,-80.3232,
"Clarksdale, MS",2025-10-01,1.0,1.0,0.0,0.0,0.0,0.0,24.0,0.0,,,,34.1933,-90.5693,
"Clarksville, TN",2025-10-01,272.0,146.0,4.0,7.0,115.0,126.0,3059.0,1265.0,345955.0,8.8421904582966,3.6565449263632557,36.5692,-87.3413,
"Clearlake, CA",2025-10-01,9.0,4.0,0.0,0.0,5.0,5.0,102.0,50.0,,,,38.9589,-122.633,
"Cleveland, MS",2025-10-01,0.0,0.0,0.0,0.0,0.0,0.0,14.0,0.0,,,,33.744,-90.7285,
"Cleveland, OH",2025-10-01,451.0,227.0,2.0,11.0,211.0,224.0,3613.0,949.0,2171877.0,1.6635380364541823,0.43694923791724855,41.4764,-81.6805,Midwest
"Cleveland, TN",2025-10-01,66.0,46.0,14.0,6.0,0.0,20.0,1038.0,89.0,132120.0,7.856494096276112,0.6736300333030578,35.1817,-84.8707,
"Clewiston, FL",2025-10-01,42.0,38.0,4.0,0.0,0.0,4.0,605.0,14.0,,,,26.7529,-80.9399,
"Clinton, IA",2025-10-01,9.0,2.0,2.0,0.0,5.0,7.0,103.0,66.0,,,,41.8435,-90.2412,
"Clovis, NM",2025-10-01,5.0,1.0,4.0,0.0,0.0,4.0,68.0,46.0,,,,34.4376,-103.1923,
"Cody, WY",2025-10-01,11.0,11.0,0.0,0.0,0.0,0.0,202.0,19.0,,,,44.5213,-109.0548,
"Coeur dAlene, ID",2025-10-01,132.0,115.0,2.0,0.0,15.0,17.0,1695.0,454.0,,,,,,
"Coldwater, MI",2025-10-01,3.0,3.0,0.0,0.0,0.0,0.0,39.0,0.0,,,,41.9465,-84.9989,
"College Station, TX",2025-10-01,143.0,143.0,0.0,0.0,0.0,0.0,2148.0,426.0,287462.0,7.472291989897795,1.4819350035830823,30.5852,-96.2959,
"Colorado Springs, CO",2025-10-01,265.0,241.0,24.0,0.0,0.0,24.0,4210.0,1407.0,777634.0,5.413857933166502,1.8093344684003014,38.8674,-104.7605,
"Columbia, MO",2025-10-01,72.0,64.0,2.0,0.0,6.0,8.0,1188.0,532.0,219426.0,5.414125946788439,2.4245075788648562,38.9472,-92.3268,
"Columbia, SC",2025-10-01,465.0,408.0,2.0,0.0,55.0,57.0,5870.0,995.0,870193.0,6.745629992426967,1.1434245046788472,34.0378,-80.9036,
"Columbus, GA",2025-10-01,47.0,42.0,0.0,0.0,5.0,5.0,617.0,44.0,324343.0,1.9023071254813577,0.13565885497760088,32.51,-84.8771,
"Columbus, IN",2025-10-01,14.0,14.0,0.0,0.0,0.0,0.0,183.0,8.0,84741.0,2.1595213651007183,0.0944053055781735,39.2093,-85.9183,
"Columbus, MS",2025-10-01,13.0,13.0,0.0,0.0,0.0,0.0,140.0,0.0,,,,33.5088,-88.4096,
"Columbus, NE",2025-10-01,11.0,11.0,0.0,0.0,0.0,0.0,402.0,295.0,,,,41.4366,-97.3565,
"Columbus, OH",2025-10-01,1389.0,494.0,10.0,12.0,873.0,895.0,15902.0,10420.0,2225377.0,7.145755528164441,4.682352697992295,39.9862,-82.9855,Midwest
"Concord, NH",2025-10-01,31.0,27.0,0.0,4.0,0.0,4.0,322.0,59.0,,,,43.2305,-71.5595,
"Connersville, IN",2025-10-01,2.0,2.0,0.0,0.0,0.0,0.0,19.0,0.0,,,,39.6582,-85.141,
"Cookeville, TN",2025-10-01,66.0,66.0,0.0,0.0,0.0,0.0,789.0,72.0,,,,36.1482,-85.5109,
"Coos Bay, OR",2025-10-01,6.0,6.0,0.0,0.0,0.0,0.0,97.0,15.0,,,,43.3789,-124.233,
"Corbin, KY",2025-10-01,2.0,2.0,0.0,0.0,0.0,0.0,72.0,55.0,,,,36.9323,-84.1006,
"Cordele, GA",2025-10-01,3.0,3.0,0.0,0.0,0.0,0.0,24.0,0.0,,,,31.9563,-83.7694,
"Corinth, MS",2025-10-01,9.0,5.0,4.0,0.0,0.0,4.0,26.0,6.0,,,,34.9474,-88.5143,
"Cornelia, GA",2025-10-01,31.0,31.0,0.0,0.0,0.0,0.0,316.0,8.0,,,,34.517,-83.5311,
"Corning, NY",2025-10-01,7.0,7.0,0.0,0.0,0.0,0.0,135.0,5.0,,,,42.147,-77.0561,
"Corpus Christi, TX",2025-10-01,159.0,147.0,2.0,0.0,10.0,12.0,2220.0,175.0,450187.0,4.9312841108250565,0.38872735107855183,27.7254,-97.3767,
"Corsicana, TX",2025-10-01,36.0,36.0,0.0,0.0,0.0,0.0,488.0,15.0,,,,32.0824,-96.4665,
"Cortland, NY",2025-10-01,2.0,2.0,0.0,0.0,0.0,0.0,28.0,6.0,,,,42.6004,-76.1784,
"Corvallis, OR",2025-10-01,99.0,5.0,2.0,0.0,92.0,94.0,400.0,309.0,98899.0,4.044530278364797,3.1243996400368053,44.5698,-123.2779,
"Coshocton, OH",2025-10-01,1.0,1.0,0.0,0.0,0.0,0.0,7.0,0.0,,,,40.2618,-81.848,
"Crawfordsville, IN",2025-10-01,8.0,8.0,0.0,0.0,0.0,0.0,91.0,4.0,,,,40.0428,-86.8976,
"Crescent City, CA",2025-10-01,25.0,1.0,2.0,0.0,22.0,24.0,185.0,168.0,,,,41.7728,-124.1902,
"Crestview, FL",2025-10-01,273.0,249.0,16.0,0.0,8.0,24.0,3452.0,1085.0,310149.0,11.130134225807597,3.4983185501162346,30.7477,-86.5785,
"Crossville, TN",2025-10-01,40.0,14.0,26.0,0.0,0.0,26.0,125.0,26.0,,,,35.9526,-85.0295,
"Cullman, AL",2025-10-01,31.0,31.0,0.0,0.0,0.0,0.0,194.0,4.0,,,,34.1775,-86.8407,
"Cumberland, MD",2025-10-01,6.0,6.0,0.0,0.0,0.0,0.0,77.0,9.0,,,,39.6515,-78.7584,
"Dallas, TX",2025-10-01,4893.0,2943.0,138.0,44.0,1768.0,1950.0,67921.0,26831.0,8344032.0,8.140069453233162,3.215591694758601,32.7935,-96.7667,Southwest
"Dalton, GA",2025-10-01,54.0,41.0,8.0,0.0,5.0,13.0,529.0,114.0,146386.0,3.6137335537551403,0.7787629964614102,34.769,-84.972,
"Danville, IL",2025-10-01,0.0,0.0,0.0,0.0,0.0,0.0,7.0,0.0,,,,40.1426,-87.6111,
"Danville, KY",2025-10-01,12.0,12.0,0.0,0.0,0.0,0.0,192.0,4.0,,,,37.6418,-84.7777,
"Danville, VA",2025-10-01,6.0,6.0,0.0,0.0,0.0,0.0,79.0,2.0,,,,36.5831,-79.4088,
"Daphne, AL",2025-10-01,186.0,184.0,2.0,0.0,0.0,2.0,3157.0,366.0,261608.0,12.067673771444298,1.3990397847160638,30.6263,-87.8816,
"Davenport, IA",2025-10-01,72.0,47.0,4.0,0.0,21.0,25.0,641.0,261.0,381801.0,1.6788850736378376,0.6836021906700087,41.5565,-90.6053,
"Dayton, OH",2025-10-01,248.0,112.0,0.0,7.0,129.0,136.0,2211.0,817.0,821740.0,2.6906320734052134,0.9942317521357119,39.7805,-84.2003,
"DeRidder, LA",2025-10-01,5.0,5.0,0.0,0.0,0.0,0.0,73.0,0.0,,,,30.8468,-93.2931,
"Decatur, AL",2025-10-01,16.0,16.0,0.0,0.0,0.0,0.0,253.0,0.0,159651.0,1.5847066413614697,0.0,34.5731,-86.9905,
"Decatur, IL",2025-10-01,5.0,5.0,0.0,0.0,0.0,0.0,37.0,0.0,100737.0,0.3672930502198795,0.0,39.8557,-88.9342,
"Decatur, IN",2025-10-01,14.0,14.0,0.0,0.0,0.0,0.0,100.0,15.0,,,,40.8286,-84.9277,
"Defiance, OH",2025-10-01,3.0,3.0,0.0,0.0,0.0,0.0,52.0,6.0,,,,41.2813,-84.3657,
"Del Rio, TX",2025-10-01,5.0,5.0,0.0,0.0,0.0,0.0,72.0,0.0,,,,29.3708,-100.8801,
"Deltona, FL",2025-10-01,311.0,256.0,20.0,0.0,35.0,55.0,5181.0,1031.0,739516.0,7.005933610631819,1.3941550960357856,28.905,-81.2137,
"Deming, NM",2025-10-01,0.0,0.0,0.0,0.0,0.0,0.0,3.0,0.0,,,,32.2631,-107.7525,
"Denver, CO",2025-10-01,1408.0,631.0,0.0,0.0,777.0,777.0,16213.0,8263.0,3052498.0,5.311387591408741,2.7069632805656223,39.762,-104.8758,West
"Des Moines, IA",2025-10-01,961.0,385.0,44.0,0.0,532.0,576.0,6176.0,2660.0,753913.0,8.19192665466705,3.5282585656435157,41.5725,-93.6105,
"Detroit Lakes, MN",2025-10-01,26.0,26.0,0.0,0.0,0.0,0.0,161.0,0.0,,,,46.806,-95.8449,
"Detroit, MI",2025-10-01,682.0,465.0,60.0,40.0,117.0,217.0,9167.0,4279.0,4400578.0,2.0831354426623045,0.9723722656432859,42.3834,-83.1024,Midwest
"Dickinson, ND",2025-10-01,8.0,8.0,0.0,0.0,0.0,0.0,101.0,4.0,,,,46.8918,-102.7925,
"Dixon, IL",2025-10-01,2.0,2.0,0.0,0.0,0.0,0.0,28.0,8.0,,,,41.8439,-89.4794,
"Dodge City, KS",2025-10-01,4.0,4.0,0.0,0.0,0.0,0.0,59.0,2.0,,,,37.7611,-100.0182,
"Dothan, AL",2025-10-01,42.0,36.0,0.0,0.0,6.0,6.0,496.0,87.0,154766.0,3.20483827197188,0.562138971091842,31.2336,-85.407,
"Douglas, GA",2025-10-01,11.0,8.0,0.0,3.0,0.0,3.0,106.0,20.0,,,,31.5065,-82.8544,
"Dover, DE",2025-10-01,76.0,69.0,0.0,0.0,7.0,7.0,1277.0,260.0,192690.0,6.627225076547823,1.3493175566972857,39.161,-75.5202,
"DuBois, PA",2025-10-01,6.0,6.0,0.0,0.0,0.0,0.0,80.0,7.0,,,,41.1223,-78.7565,
"Dublin, GA",2025-10-01,3.0,3.0,0.0,0.0,0.0,0.0,39.0,5.0,,,,32.536,-82.928,
"Dubuque, IA",2025-10-01,140.0,20.0,0.0,0.0,120.0,120.0,532.0,375.0,99242.0,5.360633602708531,3.7786421071723666,42.5002,-90.707,
"Duluth, MN",2025-10-01,44.0,42.0,2.0,0.0,0.0,2.0,556.0,131.0,281815.0,1.972925500771783,0.4648439579156539,46.7756,-92.1393,
"Dumas, TX",2025-10-01,2.0,2.0,0.0,0.0,0.0,0.0,36.0,18.0,,,,35.8613,-101.9642,
"Duncan, OK",2025-10-01,3.0,3.0,0.0,0.0,0.0,0.0,36.0,0.0,,,,34.5408,-97.9215,
"Durango, CO",2025-10-01,11.0,11.0,0.0,0.0,0.0,0.0,374.0,208.0,,,,37.2659,-107.8781,
"Durant, OK",2025-10-01,22.0,6.0,2.0,0.0,14.0,16.0,199.0,74.0,,,,33.9949,-96.3923,
"Durham, NC",2025-10-01,294.0,207.0,2.0,0.0,85.0,87.0,4769.0,1738.0,620522.0,7.685464818330374,2.8008676565859068,35.9792,-78.9022,
"Dyersburg, TN",2025-10-01,1.0,1.0,0.0,0.0,0.0,0.0,79.0,0.0,,,,36.0465,-89.3777,
"Eagle Pass, TX",2025-10-01,6.0,4.0,2.0,0.0,0.0,2.0,75.0,18.0,58829.0,1.2748814360264495,0.30597154464634785,28.7125,-100.484,
"East Stroudsburg, PA",2025-10-01,22.0,22.0,0.0,0.0,0.0,0.0,224.0,0.0,,,,41.0023,-75.1779,
"Easton, MD",2025-10-01,3.0,3.0,0.0,0.0,0.0,0.0,210.0,0.0,,,,38.776,-76.0701,
"Eau Claire, WI",2025-10-01,86.0,44.0,26.0,0.0,16.0,42.0,1147.0,834.0,176153.0,6.5113849891855375,4.734520558832378,44.8197,-91.4948,
"Edwards, CO",2025-10-01,60.0,25.0,0.0,3.0,32.0,35.0,468.0,307.0,,,,39.6215,-106.6184,
"Effingham, IL",2025-10-01,1.0,1.0,0.0,0.0,0.0,0.0,40.0,8.0,,,,39.1205,-88.5509,
"El Campo, TX",2025-10-01,11.0,6.0,0.0,0.0,5.0,5.0,175.0,50.0,,,,29.2,-96.2723,
"El Centro, CA",2025-10-01,8.0,8.0,0.0,0.0,0.0,0.0,189.0,39.0,181724.0,1.040038740067355,0.2146111685853272,32.7865,-115.5595,
"El Dorado, AR",2025-10-01,2.0,2.0,0.0,0.0,0.0,0.0,18.0,0.0,,,,33.2184,-92.664,
"El Paso, TX",2025-10-01,162.0,139.0,6.0,4.0,13.0,23.0,2150.0,257.0,879392.0,2.44487100178305,0.2922473709108111,31.8476,-106.43,
"Elizabeth City, NC",2025-10-01,18.0,18.0,0.0,0.0,0.0,0.0,156.0,0.0,,,,36.2942,-76.236,
"Elizabethtown, KY",2025-10-01,36.0,34.0,2.0,0.0,0.0,2.0,517.0,112.0,127954.0,4.040514559919971,0.8753145661722181,37.7031,-85.8773,
"Elk City, OK",2025-10-01,0.0,0.0,0.0,0.0,0.0,0.0,9.0,0.0,,,,35.3862,-99.4301,
"Elkhart, IN",2025-10-01,34.0,34.0,0.0,0.0,0.0,0.0,568.0,264.0,207436.0,2.738193948977034,1.2726816945949593,41.6916,-85.9627,
"Elkins, WV",2025-10-01,0.0,0.0,0.0,0.0,0.0,0.0,0.0,0.0,,,,38.9237,-79.8541,
"Elko, NV",2025-10-01,10.0,10.0,0.0,0.0,0.0,0.0,99.0,0.0,,,,40.8381,-115.7678,
"Ellensburg, WA",2025-10-01,24.0,24.0,0.0,0.0,0.0,0.0,298.0,48.0,,,,46.9999,-120.5475,
"Elmira, NY",2025-10-01,8.0,3.0,0.0,0.0,5.0,5.0,98.0,63.0,81115.0,1.2081612525426864,0.7766750909202983,42.0938,-76.8097,
"Emporia, KS",2025-10-01,5.0,3.0,2.0,0.0,0.0,2.0,68.0,35.0,,,,38.4028,-96.1932,
"Enid, OK",2025-10-01,0.0,0.0,0.0,0.0,0.0,0.0,25.0,14.0,62007.0,0.403180286096731,0.22578096021416938,36.4063,-97.87,
"Enterprise, AL",2025-10-01,22.0,22.0,0.0,0.0,0.0,0.0,182.0,5.0,,,,31.3275,-85.8463,
"Erie, PA",2025-10-01,12.0,12.0,0.0,0.0,0.0,0.0,222.0,58.0,267750.0,0.8291316526610644,0.2166199813258637,42.1167,-80.0733,
"Escanaba, MI",2025-10-01,3.0,3.0,0.0,0.0,0.0,0.0,40.0,2.0,,,,45.7477,-87.09,
"Eufaula, AL",2025-10-01,3.0,3.0,0.0,0.0,0.0,0.0,32.0,2.0,,,,31.9102,-85.1505,
"Eugene, OR",2025-10-01,265.0,58.0,2.0,0.0,205.0,207.0,1365.0,601.0,382396.0,3.5695980083473677,1.5716691597192438,44.0564,-123.1174,
"Eureka, CA",2025-10-01,29.0,25.0,4.0,0.0,0.0,4.0,307.0,147.0,,,,40.7943,-124.1564,
"Evanston, WY",2025-10-01,17.0,17.0,0.0,0.0,0.0,0.0,150.0,22.0,,,,41.2602,-110.9646,
"Evansville, IN",2025-10-01,89.0,59.0,6.0,0.0,24.0,30.0,873.0,215.0,271793.0,3.2120032524752293,0.7910431835992833,37.9881,-87.5341,
"Fairbanks, AK",2025-10-01,2.0,0.0,2.0,0.0,0.0,2.0,16.0,9.0,94951.0,0.16850796726732736,0.09478573158787164,64.8353,-147.6533,
"Fairmont, MN",2025-10-01,2.0,2.0,0.0,0.0,0.0,0.0,16.0,2.0,,,,43.6441,-94.4621,
"Fairmont, WV",2025-10-01,1.0,1.0,0.0,0.0,0.0,0.0,9.0,0.0,,,,39.4768,-80.1491,
"Fallon, NV",2025-10-01,2.0,2.0,0.0,0.0,0.0,0.0,44.0,0.0,,,,39.4737,-118.7779,
"Fargo, ND",2025-10-01,89.0,87.0,2.0,0.0,0.0,2.0,1453.0,613.0,267793.0,5.425832639389379,2.2890814920479623,46.8651,-96.8292,
"Faribault, MN",2025-10-01,6.0,6.0,0.0,0.0,0.0,0.0,103.0,2.0,,,,44.2996,-93.2789,
"Farmington, MO",2025-10-01,9.0,9.0,0.0,0.0,0.0,0.0,260.0,163.0,,,,37.7822,-90.4282,
"Farmington, NM",2025-10-01,5.0,5.0,0.0,0.0,0.0,0.0,88.0,0.0,120817.0,0.7283743181836992,0.0,36.7555,-108.1823,
"Fayetteville, AR",2025-10-01,696.0,340.0,40.0,0.0,316.0,356.0,8901.0,3332.0,605615.0,14.697456304748066,5.501845231706612,36.0714,-94.1661,
"Fayetteville, NC",2025-10-01,123.0,118.0,0.0,0.0,5.0,5.0,2253.0,755.0,393812.0,5.721003930809625,1.9171584410835627,35.085,-78.9772,
"Fayetteville, TN",2025-10-01,16.0,16.0,0.0,0.0,0.0,0.0,152.0,13.0,,,,35.149,-86.5634,
"Fergus Falls, MN",2025-10-01,16.0,9.0,2.0,0.0,5.0,7.0,111.0,43.0,,,,46.2854,-96.0758,
"Findlay, OH",2025-10-01,10.0,8.0,2.0,0.0,0.0,2.0,485.0,408.0,,,,41.0469,-83.6379,
"Fitzgerald, GA",2025-10-01,1.0,1.0,0.0,0.0,0.0,0.0,11.0,2.0,,,,31.7134,-83.2514,
"Flagstaff, AZ",2025-10-01,18.0,18.0,0.0,0.0,0.0,0.0,681.0,331.0,145161.0,4.691342716018766,2.2802267826757876,35.1872,-111.6194,
"Flint, MI",2025-10-01,37.0,30.0,0.0,0.0,7.0,7.0,424.0,62.0,402279.0,1.0539948642608739,0.15412189052871267,43.0236,-83.6921,
"Florence, AL",2025-10-01,18.0,18.0,0.0,0.0,0.0,0.0,399.0,203.0,156287.0,2.5529954506772796,1.2988924222744054,34.8303,-87.6655,
"Florence, SC",2025-10-01,72.0,65.0,2.0,0.0,5.0,7.0,842.0,76.0,200474.0,4.2000458912377665,0.37910152937538033,34.178,-79.7898,
"Fond du Lac, WI",2025-10-01,19.0,19.0,0.0,0.0,0.0,0.0,184.0,18.0,104269.0,1.7646663917367578,0.17263040788729153,43.7718,-88.4397,
"Forest City, NC",2025-10-01,29.0,21.0,8.0,0.0,0.0,8.0,247.0,56.0,,,,35.3339,-81.8702,
"Forrest City, AR",2025-10-01,0.0,0.0,0.0,0.0,0.0,0.0,1.0,0.0,,,,35.0135,-90.7931,
"Fort Collins, CO",2025-10-01,240.0,95.0,0.0,23.0,122.0,145.0,2122.0,1065.0,374574.0,5.6651022227917585,2.843229909176825,40.5477,-105.0656,
"Fort Dodge, IA",2025-10-01,4.0,4.0,0.0,0.0,0.0,0.0,31.0,0.0,,,,42.5098,-94.1751,
"Fort Leonard Wood, MO",2025-10-01,10.0,10.0,0.0,0.0,0.0,0.0,64.0,0.0,,,,37.7562,-92.1274,
"Fort Madison, IA",2025-10-01,6.0,1.0,0.0,0.0,5.0,5.0,46.0,31.0,,,,40.6207,-91.3509,
"Fort Morgan, CO",2025-10-01,5.0,5.0,0.0,0.0,0.0,0.0,129.0,77.0,,,,40.2537,-103.7903,
"Fort Payne, AL",2025-10-01,2.0,2.0,0.0,0.0,0.0,0.0,52.0,5.0,,,,34.4559,-85.6965,
"Fort Smith, AR",2025-10-01,26.0,18.0,8.0,0.0,0.0,8.0,649.0,392.0,232848.0,2.787226001511716,1.6835016835016834,35.3495,-94.3695,
"Fort Wayne, IN",2025-10-01,218.0,216.0,2.0,0.0,0.0,2.0,1663.0,255.0,462978.0,3.591963333030943,0.5507821105970477,41.0888,-85.1436,
"Frankfort, IN",2025-10-01,3.0,3.0,0.0,0.0,0.0,0.0,65.0,2.0,,,,40.281,-86.5212,
"Frankfort, KY",2025-10-01,12.0,12.0,0.0,0.0,0.0,0.0,219.0,10.0,,,,38.1924,-84.8643,
"Franklin, KY",2025-10-01,14.0,12.0,2.0,0.0,0.0,2.0,352.0,205.0,,,,36.7177,-86.5595,
"Fredericksburg, TX",2025-10-01,3.0,3.0,0.0,0.0,0.0,0.0,54.0,0.0,,,,30.266,-98.8751,
"Freeport, IL",2025-10-01,3.0,3.0,0.0,0.0,0.0,0.0,18.0,0.0,,,,42.2891,-89.6346,
"Fremont, NE",2025-10-01,3.0,3.0,0.0,0.0,0.0,0.0,60.0,28.0,,,,41.4395,-96.4873,
"Fremont, OH",2025-10-01,3.0,3.0,0.0,0.0,0.0,0.0,30.0,0.0,,,,41.3535,-83.1147,
"Fresno, CA",2025-10-01,283.0,269.0,10.0,4.0,0.0,14.0,3522.0,311.0,1189557.0,2.960766066695417,0.2614418644924119,36.783,-119.7939,
"Gadsden, AL",2025-10-01,9.0,9.0,0.0,0.0,0.0,0.0,115.0,0.0,103207.0,1.1142655052467372,0.0,34.0086,-86.0157,
"Gaffney, SC",2025-10-01,21.0,19.0,2.0,0.0,0.0,2.0,207.0,27.0,,,,35.0743,-81.6552,
"Gainesville, FL",2025-10-01,225.0,125.0,4.0,0.0,96.0,100.0,2000.0,942.0,359780.0,5.55895269331258,2.6182667185502253,29.6804,-82.3459,
"Gainesville, GA",2025-10-01,130.0,108.0,0.0,3.0,19.0,22.0,1542.0,161.0,221745.0,6.953933572346615,0.7260592121581095,34.2902,-83.8294,
"Gainesville, TX",2025-10-01,3.0,3.0,0.0,0.0,0.0,0.0,131.0,6.0,,,,33.639,-97.1487,
"Galesburg, IL",2025-10-01,0.0,0.0,0.0,0.0,0.0,0.0,2.0,0.0,,,,40.9506,-90.3763,
"Gallipolis, OH",2025-10-01,0.0,0.0,0.0,0.0,0.0,0.0,3.0,0.0,,,,38.8186,-82.1934,
"Gallup, NM",2025-10-01,0.0,0.0,0.0,0.0,0.0,0.0,4.0,0.0,,,,35.5182,-108.7431,
"Garden City, KS",2025-10-01,4.0,4.0,0.0,0.0,0.0,0.0,43.0,6.0,,,,37.9753,-100.8527,
"Gardnerville Ranchos, NV",2025-10-01,36.0,36.0,0.0,0.0,0.0,0.0,328.0,0.0,,,,38.8957,-119.7492,
"Gettysburg, PA",2025-10-01,58.0,58.0,0.0,0.0,0.0,0.0,493.0,0.0,107914.0,4.568452656745186,0.0,39.8304,-77.2339,
"Gillette, WY",2025-10-01,1.0,1.0,0.0,0.0,0.0,0.0,24.0,0.0,,,,44.2752,-105.4982,
"Glasgow, KY",2025-10-01,20.0,18.0,2.0,0.0,0.0,2.0,241.0,62.0,,,,37.0048,-85.9263,
"Glens Falls, NY",2025-10-01,52.0,32.0,0.0,15.0,5.0,20.0,324.0,62.0,125127.0,2.5893692008918943,0.495496575479313,43.3109,-73.6458,
"Gloversville, NY",2025-10-01,7.0,7.0,0.0,0.0,0.0,0.0,103.0,29.0,,,,43.0491,-74.3465,
"Goldsboro, NC",2025-10-01,49.0,42.0,4.0,3.0,0.0,7.0,865.0,9.0,120338.0,7.188086888597119,0.07478934334956538,35.3778,-77.9717,
"Granbury, TX",2025-10-01,3.0,3.0,0.0,0.0,0.0,0.0,230.0,0.0,,,,32.4475,-97.7702,
"Grand Forks, ND",2025-10-01,14.0,9.0,0.0,0.0,5.0,5.0,202.0,36.0,104184.0,1.938877370805498,0.3455425017277125,47.9214,-97.0884,
"Grand Island, NE",2025-10-01,50.0,11.0,36.0,3.0,0.0,39.0,221.0,100.0,77278.0,2.859804860374233,1.294029348585626,40.9218,-98.3586,
"Grand Junction, CO",2025-10-01,60.0,56.0,0.0,4.0,0.0,4.0,739.0,77.0,161260.0,4.582661540369589,0.47748976807639837,39.0877,-108.5673,
"Grand Rapids, MI",2025-10-01,457.0,221.0,6.0,3.0,227.0,236.0,3932.0,1341.0,1178826.0,3.3355219515009,1.13757246616549,42.9619,-85.6562,Midwest
"Grand Rapids, MN",2025-10-01,16.0,16.0,0.0,0.0,0.0,0.0,243.0,132.0,,,,47.238,-93.5327,
"Grants Pass, OR",2025-10-01,87.0,19.0,0.0,0.0,68.0,68.0,306.0,144.0,88276.0,3.4664008337486973,1.6312474511758575,42.4333,-123.3317,
"Great Bend, KS",2025-10-01,2.0,2.0,0.0,0.0,0.0,0.0,10.0,2.0,,,,38.3593,-98.8015,
"Great Falls, MT",2025-10-01,82.0,10.0,4.0,4.0,64.0,72.0,247.0,92.0,84523.0,2.922281509175017,1.0884611289234882,47.5022,-111.2996,
"Greeley, CO",2025-10-01,501.0,227.0,0.0,0.0,274.0,274.0,3324.0,693.0,369745.0,8.98997958052171,1.8742646959390932,40.4152,-104.7706,
"Green Bay, WI",2025-10-01,155.0,79.0,18.0,0.0,58.0,76.0,1932.0,1208.0,334697.0,5.772385172260283,3.6092346211648145,44.5148,-87.9895,
"Greencastle, IN",2025-10-01,14.0,14.0,0.0,0.0,0.0,0.0,104.0,6.0,,,,39.6432,-86.8418,
"Greeneville, TN",2025-10-01,26.0,26.0,0.0,0.0,0.0,0.0,359.0,72.0,,,,36.168,-82.8197,
"Greenfield, MA",2025-10-01,5.0,3.0,2.0,0.0,0.0,2.0,71.0,19.0,,,,,,
"Greensboro, NC",2025-10-01,441.0,174.0,8.0,0.0,259.0,267.0,4232.0,1579.0,800722.0,5.285230079852933,1.9719702968071313,36.0956,-79.8271,
"Greensburg, IN",2025-10-01,10.0,10.0,0.0,0.0,0.0,0.0,77.0,0.0,,,,39.3518,-85.5028,
"Greenville, MS",2025-10-01,0.0,0.0,0.0,0.0,0.0,0.0,5.0,0.0,,,,33.385,-91.0514,
"Greenville, NC",2025-10-01,52.0,48.0,4.0,0.0,0.0,4.0,1264.0,186.0,180783.0,6.991807858039749,1.0288578018950896,35.5943,-77.376,
"Greenville, OH",2025-10-01,9.0,9.0,0.0,0.0,0.0,0.0,63.0,4.0,,,,40.1043,-84.6209,
"Greenville, SC",2025-10-01,637.0,602.0,8.0,0.0,27.0,35.0,8783.0,1493.0,996680.0,8.812256692218163,1.497973271260585,34.8354,-82.3646,
"Greenwood, MS",2025-10-01,0.0,0.0,0.0,0.0,0.0,0.0,34.0,25.0,,,,33.5126,-90.1993,
"Greenwood, SC",2025-10-01,36.0,36.0,0.0,0.0,0.0,0.0,363.0,0.0,,,,34.1947,-82.1542,
"Grenada, MS",2025-10-01,7.0,2.0,0.0,0.0,5.0,5.0,96.0,83.0,,,,33.7816,-89.813,
"Gulfport, MS",2025-10-01,208.0,208.0,0.0,0.0,0.0,0.0,2998.0,261.0,426793.0,7.024482594606753,0.611537677515798,30.4274,-89.0704,
"Guymon, OK",2025-10-01,1.0,1.0,0.0,0.0,0.0,0.0,10.0,0.0,,,,36.6903,-101.4774,
"Hagerstown, MD",2025-10-01,97.0,97.0,0.0,0.0,0.0,0.0,1628.0,202.0,311295.0,5.229765977609662,0.6489021667550073,39.6401,-77.7217,
"Hailey, ID",2025-10-01,15.0,13.0,2.0,0.0,0.0,2.0,154.0,25.0,,,,43.5141,-114.3001,
"Hammond, LA",2025-10-01,143.0,75.0,0.0,0.0,68.0,68.0,1192.0,438.0,139823.0,8.525063830700242,3.1325318438311296,30.5061,-90.4563,
"Hanford, CA",2025-10-01,40.0,27.0,2.0,3.0,8.0,13.0,516.0,141.0,154913.0,3.330901861044586,0.9101882992389276,36.3274,-119.6549,
"Hannibal, MO",2025-10-01,2.0,2.0,0.0,0.0,0.0,0.0,47.0,2.0,,,,39.7098,-91.3939,
"Harrisburg, PA",2025-10-01,127.0,71.0,2.0,0.0,54.0,56.0,1273.0,337.0,615361.0,2.068704386530833,0.5476460159158608,40.2752,-76.8843,
"Harrison, AR",2025-10-01,14.0,1.0,0.0,0.0,13.0,13.0,136.0,122.0,,,,36.2438,-93.1198,
"Harrisonburg, VA",2025-10-01,70.0,26.0,2.0,18.0,24.0,44.0,867.0,300.0,138838.0,6.244688053702876,2.16079171408404,38.4362,-78.8735,
"Hartford, CT",2025-10-01,76.0,45.0,0.0,4.0,27.0,31.0,1522.0,936.0,1169048.0,1.3019140360361592,0.80065147025614,41.7661,-72.6834,Northeast
"Hastings, NE",2025-10-01,6.0,6.0,0.0,0.0,0.0,0.0,272.0,190.0,,,,40.5961,-98.39,
"Hattiesburg, MS",2025-10-01,11.0,11.0,0.0,0.0,0.0,0.0,124.0,10.0,156575.0,0.791952738304327,0.06386715631486509,31.3074,-89.317,
"Hays, KS",2025-10-01,3.0,1.0,2.0,0.0,0.0,2.0,96.0,62.0,,,,38.8821,-99.3221,
"Heber, UT",2025-10-01,159.0,159.0,0.0,0.0,0.0,0.0,1687.0,570.0,,,,40.507,-111.3986,
"Helena, MT",2025-10-01,17.0,11.0,2.0,4.0,0.0,6.0,347.0,220.0,96735.0,3.5871194500439345,2.274254406367912,46.5965,-112.0202,
"Hemlock Farms, PA",2025-10-01,15.0,15.0,0.0,0.0,0.0,0.0,194.0,0.0,,,,41.3157,-75.0515,
"Henderson, KY",2025-10-01,5.0,5.0,0.0,0.0,0.0,0.0,127.0,60.0,,,,37.8397,-87.5798,
"Henderson, NC",2025-10-01,5.0,5.0,0.0,0.0,0.0,0.0,116.0,0.0,,,,36.3256,-78.4151,
"Hereford, TX",2025-10-01,6.0,2.0,4.0,0.0,0.0,4.0,37.0,22.0,,,,34.8225,-102.4001,
"Hermiston, OR",2025-10-01,22.0,18.0,4.0,0.0,0.0,4.0,276.0,28.0,,,,45.8326,-119.2854,
"Hermitage, PA",2025-10-01,8.0,8.0,0.0,0.0,0.0,0.0,85.0,10.0,,,,41.2305,-80.4413,
"Hickory, NC",2025-10-01,201.0,184.0,10.0,0.0,7.0,17.0,2994.0,607.0,373031.0,8.02614259940863,1.627210607161335,35.741,-81.3223,
"Hillsdale, MI",2025-10-01,22.0,22.0,0.0,0.0,0.0,0.0,97.0,7.0,,,,41.9267,-84.6356,
"Hilo, HI",2025-10-01,80.0,74.0,6.0,0.0,0.0,6.0,1148.0,22.0,,,,19.6883,-155.0863,
"Hilton Head Island, SC",2025-10-01,144.0,141.0,0.0,3.0,0.0,3.0,3385.0,1030.0,237393.0,14.259055658759948,4.338796847421786,32.1896,-80.7499,
"Hinesville, GA",2025-10-01,62.0,62.0,0.0,0.0,0.0,0.0,654.0,4.0,89046.0,7.344518563439121,0.04492060283449004,31.8248,-81.6137,
"Hobbs, NM",2025-10-01,13.0,13.0,0.0,0.0,0.0,0.0,166.0,0.0,,,,32.7281,-103.16,
"Holland, MI",2025-10-01,41.0,41.0,0.0,0.0,0.0,0.0,458.0,10.0,,,,42.7677,-86.0984,
"Homosassa Springs, FL",2025-10-01,195.0,191.0,4.0,0.0,0.0,4.0,2136.0,24.0,170174.0,12.551858685815695,0.14103212006534488,28.8119,-82.5392,
"Hood River, OR",2025-10-01,1.0,1.0,0.0,0.0,0.0,0.0,182.0,133.0,,,,45.7092,-121.526,
"Hot Springs, AR",2025-10-01,233.0,9.0,0.0,0.0,224.0,224.0,334.0,228.0,99902.0,3.343276410882665,2.282236591860023,34.4892,-93.0501,
"Houghton, MI",2025-10-01,10.0,10.0,0.0,0.0,0.0,0.0,103.0,6.0,,,,47.1118,-88.5675,
"Houma, LA",2025-10-01,35.0,31.0,4.0,0.0,0.0,4.0,610.0,30.0,199206.0,3.0621567623465156,0.15059787355802534,29.58,-90.7059,
"Houston, TX",2025-10-01,5480.0,3485.0,228.0,8.0,1759.0,1995.0,65484.0,17254.0,7796182.0,8.399496061020638,2.213134583056168,29.786,-95.3885,Southwest
"Hudson, NY",2025-10-01,11.0,11.0,0.0,0.0,0.0,0.0,144.0,0.0,,,,42.2515,-73.7859,
"Huntingdon, PA",2025-10-01,4.0,4.0,0.0,0.0,0.0,0.0,51.0,0.0,,,,40.5,-78.0097,
"Huntington, IN",2025-10-01,9.0,9.0,0.0,0.0,0.0,0.0,68.0,0.0,,,,40.881,-85.5063,
"Huntington, WV",2025-10-01,48.0,19.0,0.0,3.0,26.0,29.0,428.0,198.0,366920.0,1.1664668047530795,0.5396271666848359,38.4109,-82.4345,
"Huntsville, AL",2025-10-01,334.0,334.0,0.0,0.0,0.0,0.0,4072.0,690.0,542297.0,7.508800528123888,1.2723655118873973,34.6981,-86.6412,
"Huntsville, TX",2025-10-01,33.0,33.0,0.0,0.0,0.0,0.0,587.0,102.0,,,,30.7009,-95.5567,
"Huron, SD",2025-10-01,2.0,2.0,0.0,0.0,0.0,0.0,21.0,0.0,,,,44.3623,-98.2094,
"Hutchinson, KS",2025-10-01,5.0,5.0,0.0,0.0,0.0,0.0,37.0,4.0,,,,38.0671,-97.9081,
"Hutchinson, MN",2025-10-01,86.0,5.0,0.0,0.0,81.0,81.0,146.0,83.0,,,,44.8855,-94.3768,
"Idaho Falls, ID",2025-10-01,226.0,94.0,0.0,20.0,112.0,132.0,1859.0,846.0,171233.0,10.856552183282428,4.940636442741762,43.4871,-112.0362,
"Indiana, PA",2025-10-01,6.0,6.0,0.0,0.0,0.0,0.0,37.0,0.0,,,,40.622,-79.1552,
"Indianapolis, IN",2025-10-01,1358.0,910.0,4.0,3.0,441.0,448.0,12681.0,3468.0,2174833.0,5.830792525219177,1.594605194973591,39.7771,-86.1458,Midwest
"Iowa City, IA",2025-10-01,111.0,56.0,2.0,0.0,53.0,55.0,1123.0,587.0,182711.0,6.146318502991062,3.212723919194794,41.6559,-91.5303,
"Iron Mountain, MI",2025-10-01,7.0,7.0,0.0,0.0,0.0,0.0,84.0,15.0,,,,45.8275,-88.0599,
"Ithaca, NY",2025-10-01,74.0,11.0,0.0,0.0,63.0,63.0,402.0,271.0,105602.0,3.806746084354463,2.5662392757712924,42.4442,-76.5032,
"Jackson, MI",2025-10-01,34.0,22.0,0.0,0.0,12.0,12.0,277.0,77.0,160233.0,1.7287325332484569,0.4805501987730368,42.2431,-84.4038,
"Jackson, MS",2025-10-01,153.0,118.0,0.0,3.0,32.0,35.0,1298.0,92.0,606178.0,2.1412852330503584,0.15177060203438594,32.3157,-90.2125,
"Jackson, TN",2025-10-01,36.0,36.0,0.0,0.0,0.0,0.0,411.0,8.0,183680.0,2.2375871080139373,0.04355400696864112,35.6538,-88.8354,
"Jackson, WY",2025-10-01,44.0,44.0,0.0,0.0,0.0,0.0,491.0,125.0,,,,43.472,-110.7746,
"Jacksonville, FL",2025-10-01,1124.0,733.0,6.0,0.0,385.0,391.0,13680.0,3662.0,1760548.0,7.770307881409652,2.0800341711785193,30.3322,-81.6749,Southeast
"Jacksonville, IL",2025-10-01,2.0,0.0,2.0,0.0,0.0,2.0,10.0,6.0,,,,39.7292,-90.2317,
"Jacksonville, NC",2025-10-01,84.0,82.0,2.0,0.0,0.0,2.0,1298.0,50.0,212954.0,6.0952130507057865,0.23479249039698716,34.7289,-77.3941,
"Jacksonville, TX",2025-10-01,0.0,0.0,0.0,0.0,0.0,0.0,26.0,0.0,,,,31.9642,-95.2617,
"Jamestown, ND",2025-10-01,3.0,3.0,0.0,0.0,0.0,0.0,25.0,0.0,,,,46.9063,-98.6937,
"Jamestown, NY",2025-10-01,13.0,13.0,0.0,0.0,0.0,0.0,135.0,0.0,,,,42.0976,-79.2367,
"Janesville, WI",2025-10-01,78.0,62.0,16.0,0.0,0.0,16.0,391.0,66.0,165461.0,2.363094626528306,0.3988855379817601,42.6854,-89.0135,
"Jasper, IN",2025-10-01,24.0,12.0,4.0,8.0,0.0,12.0,272.0,130.0,,,,38.3933,-86.9402,
"Jefferson City, MO",2025-10-01,26.0,23.0,0.0,3.0,0.0,3.0,224.0,8.0,151523.0,1.4783234228466966,0.05279726510166773,38.5676,-92.1759,
"Jefferson, GA",2025-10-01,106.0,106.0,0.0,0.0,0.0,0.0,1778.0,49.0,,,,34.1373,-83.6021,
"Jesup, GA",2025-10-01,7.0,7.0,0.0,0.0,0.0,0.0,94.0,4.0,,,,31.5992,-81.8895,
"Johnson City, TN",2025-10-01,72.0,72.0,0.0,0.0,0.0,0.0,1016.0,160.0,214948.0,4.726724603159834,0.7443660792377691,36.3406,-82.3806,
"Johnstown, PA",2025-10-01,7.0,7.0,0.0,0.0,0.0,0.0,63.0,6.0,130108.0,0.48421311525809324,0.04611553478648508,40.326,-78.9194,
"Jonesboro, AR",2025-10-01,84.0,48.0,6.0,12.0,18.0,36.0,1056.0,429.0,138152.0,7.6437547049626495,3.1052753488910763,35.8212,-90.6791,
"Joplin, MO",2025-10-01,58.0,50.0,0.0,3.0,5.0,8.0,697.0,148.0,207131.0,3.365020204604815,0.7145236589404773,37.0757,-94.5018,
"Juneau, AK",2025-10-01,5.0,3.0,2.0,0.0,0.0,2.0,164.0,132.0,,,,58.4546,-134.1739,
"Kahului, HI",2025-10-01,8.0,8.0,0.0,0.0,0.0,0.0,922.0,324.0,163769.0,5.62988111303116,1.9783963998070455,20.8715,-156.4603,
"Kalamazoo, MI",2025-10-01,40.0,40.0,0.0,0.0,0.0,0.0,455.0,47.0,264780.0,1.7184077347231663,0.17750585391645896,42.2749,-85.5882,
"Kalispell, MT",2025-10-01,156.0,24.0,0.0,0.0,132.0,132.0,803.0,614.0,,,,48.2153,-114.3274,
"Kankakee, IL",2025-10-01,18.0,16.0,2.0,0.0,0.0,2.0,146.0,32.0,106410.0,1.3720514989192747,0.30072361620148486,41.102,-87.8643,
"Kansas City, MO",2025-10-01,727.0,554.0,12.0,0.0,161.0,173.0,8897.0,3700.0,2253579.0,3.947942361905218,1.6418328356804888,39.1238,-94.5541,Midwest
"Kapaa, HI",2025-10-01,5.0,5.0,0.0,0.0,0.0,0.0,137.0,0.0,,,,22.091,-159.3521,
"Kearney, NE",2025-10-01,14.0,14.0,0.0,0.0,0.0,0.0,146.0,6.0,,,,40.7011,-99.0833,
"Keene, NH",2025-10-01,15.0,15.0,0.0,0.0,0.0,0.0,156.0,20.0,,,,42.9494,-72.2998,
"Kendallville, IN",2025-10-01,8.0,8.0,0.0,0.0,0.0,0.0,122.0,0.0,,,,41.4441,-85.2578,
"Kennett, MO",2025-10-01,2.0,2.0,0.0,0.0,0.0,0.0,26.0,0.0,,,,36.2403,-90.0481,
"Kennewick, WA",2025-10-01,175.0,103.0,6.0,0.0,66.0,72.0,2010.0,648.0,319428.0,6.292497839888801,2.0286261692775835,46.1978,-119.1732,
"Kenosha, WI",2025-10-01,322.0,18.0,26.0,0.0,278.0,304.0,885.0,684.0,168754.0,5.244320134633846,4.053237256598361,42.5865,-87.8773,
"Kerrville, TX",2025-10-01,17.0,17.0,0.0,0.0,0.0,0.0,253.0,147.0,,,,30.0398,-99.132,
"Ketchikan, AK",2025-10-01,7.0,4.0,0.0,3.0,0.0,3.0,95.0,61.0,,,,55.3556,-131.6698,
"Key West, FL",2025-10-01,21.0,16.0,0.0,0.0,5.0,5.0,295.0,41.0,,,,24.5642,-81.7775,
"Kill Devil Hills, NC",2025-10-01,33.0,33.0,0.0,0.0,0.0,0.0,345.0,0.0,,,,36.0167,-75.6699,
"Killeen, TX",2025-10-01,248.0,184.0,42.0,0.0,22.0,64.0,3567.0,747.0,509487.0,7.001159990343227,1.4661806876328543,31.0753,-97.7297,
"Kingsland, GA",2025-10-01,24.0,24.0,0.0,0.0,0.0,0.0,430.0,40.0,,,,30.8194,-81.7216,
"Kingsport, TN",2025-10-01,78.0,78.0,0.0,0.0,0.0,0.0,967.0,251.0,313876.0,3.0808344696631793,0.79967885406976,36.5224,-82.5454,
"Kingston, NY",2025-10-01,37.0,20.0,2.0,3.0,12.0,17.0,343.0,118.0,182977.0,1.8745525393901965,0.6448897948922542,41.9295,-73.9968,
"Kingsville, TX",2025-10-01,1.0,1.0,0.0,0.0,0.0,0.0,19.0,0.0,,,,27.5094,-97.861,
"Kinston, NC",2025-10-01,9.0,9.0,0.0,0.0,0.0,0.0,132.0,6.0,,,,35.2747,-77.5939,
"Kirksville, MO",2025-10-01,1.0,1.0,0.0,0.0,0.0,0.0,15.0,0.0,,,,40.1986,-92.5752,
"Kiryas Joel, NY",2025-10-01,134.0,62.0,2.0,7.0,63.0,72.0,2148.0,1353.0,711730.0,3.017998398269006,1.901001784384528,41.3411,-74.1667,
"Klamath Falls, OR",2025-10-01,12.0,12.0,0.0,0.0,0.0,0.0,119.0,4.0,,,,42.2195,-121.7754,
"Knoxville, TN",2025-10-01,584.0,463.0,0.0,28.0,93.0,121.0,7248.0,2373.0,957608.0,7.5688590738590324,2.4780494732708997,35.9692,-83.9496,
"Kokomo, IN",2025-10-01,13.0,13.0,0.0,0.0,0.0,0.0,130.0,0.0,84082.0,1.5461097500059466,0.0,40.464,-86.1277,
"La Crosse, WI",2025-10-01,42.0,40.0,2.0,0.0,0.0,2.0,521.0,189.0,170763.0,3.051012221617095,1.1067971398956449,43.8241,-91.2268,
"La Grande, OR",2025-10-01,4.0,2.0,2.0,0.0,0.0,2.0,49.0,2.0,,,,45.3242,-118.0865,
"LaGrange, GA",2025-10-01,326.0,36.0,0.0,0.0,290.0,290.0,824.0,387.0,,,,33.0274,-85.0384,
"Laconia, NH",2025-10-01,50.0,48.0,2.0,0.0,0.0,2.0,376.0,50.0,,,,43.5725,-71.4775,
"Lafayette, IN",2025-10-01,207.0,49.0,2.0,0.0,156.0,158.0,3792.0,3148.0,229701.0,16.508417464442907,13.704772726283299,40.3991,-86.8593,
"Lafayette, LA",2025-10-01,145.0,145.0,0.0,0.0,0.0,0.0,2099.0,27.0,419704.0,5.001143663153079,0.06433105236071135,30.2082,-92.0325,
"Lake Charles, LA",2025-10-01,54.0,54.0,0.0,0.0,0.0,0.0,710.0,54.0,242975.0,2.9221113283259594,0.22224508694310113,30.201,-93.2111,
"Lake City, FL",2025-10-01,13.0,13.0,0.0,0.0,0.0,0.0,176.0,4.0,,,,30.1901,-82.6471,
"Lake Havasu City, AZ",2025-10-01,176.0,174.0,2.0,0.0,0.0,2.0,2117.0,107.0,226479.0,9.347445016977293,0.47244998432525753,34.5006,-114.3113,
"Lake of the Woods, VA",2025-10-01,30.0,30.0,0.0,0.0,0.0,0.0,366.0,0.0,,,,38.3343,-77.7599,
"Lakeland, FL",2025-10-01,539.0,504.0,10.0,0.0,25.0,35.0,8933.0,2142.0,852878.0,10.473948208301774,2.511496368765521,28.0557,-81.9545,
"Lancaster, PA",2025-10-01,134.0,77.0,0.0,0.0,57.0,57.0,1633.0,569.0,563293.0,2.899024131313544,1.0101314946218043,40.042,-76.3012,
"Lansing, MI",2025-10-01,165.0,57.0,0.0,20.0,88.0,108.0,849.0,359.0,479971.0,1.7688568684358015,0.7479618560288017,42.7142,-84.5601,
"Laramie, WY",2025-10-01,12.0,12.0,0.0,0.0,0.0,0.0,105.0,7.0,,,,41.3099,-105.6085,
"Laredo, TX",2025-10-01,103.0,76.0,0.0,6.0,21.0,27.0,1381.0,323.0,272823.0,5.06188994329657,1.1839177781931876,27.5625,-99.4874,
"Las Cruces, NM",2025-10-01,69.0,58.0,8.0,3.0,0.0,11.0,825.0,100.0,229366.0,3.5968713758795983,0.43598440919752707,32.3265,-106.7893,
"Las Vegas, NM",2025-10-01,0.0,0.0,0.0,0.0,0.0,0.0,0.0,0.0,,,,35.6011,-105.2206,
"Las Vegas, NV",2025-10-01,1886.0,615.0,0.0,15.0,1256.0,1271.0,13612.0,4110.0,2398871.0,5.674335968878693,1.7133059676822973,36.2333,-115.2654,West
"Laurel, MS",2025-10-01,0.0,0.0,0.0,0.0,0.0,0.0,9.0,0.0,,,,31.6956,-89.1449,
"Laurinburg, NC",2025-10-01,5.0,5.0,0.0,0.0,0.0,0.0,52.0,0.0,,,,34.7602,-79.4773,
"Lawrence, KS",2025-10-01,29.0,24.0,0.0,0.0,5.0,5.0,364.0,145.0,121989.0,2.9838755953405633,1.1886317618801696,38.9597,-95.2642,
"Lawrenceburg, TN",2025-10-01,2.0,2.0,0.0,0.0,0.0,0.0,35.0,15.0,,,,35.2497,-87.3325,
"Lawton, OK",2025-10-01,9.0,9.0,0.0,0.0,0.0,0.0,209.0,90.0,126899.0,1.6469790936098787,0.7092254470090387,34.6175,-98.4202,
"Le Mars, IA",2025-10-01,15.0,3.0,2.0,0.0,10.0,12.0,190.0,157.0,,,,42.781,-96.1733,
"Lebanon, MO",2025-10-01,4.0,4.0,0.0,0.0,0.0,0.0,56.0,0.0,,,,37.6717,-92.6603,
"Lebanon, NH",2025-10-01,76.0,53.0,4.0,3.0,16.0,23.0,947.0,417.0,,,,43.6353,-72.2531,
"Lebanon, PA",2025-10-01,24.0,22.0,2.0,0.0,0.0,2.0,525.0,252.0,145319.0,3.612741623600493,1.7341159793282364,40.3412,-76.4228,
"Lewisburg, PA",2025-10-01,2.0,2.0,0.0,0.0,0.0,0.0,53.0,0.0,,,,40.9641,-76.8901,
"Lewisburg, TN",2025-10-01,33.0,25.0,0.0,3.0,5.0,8.0,366.0,69.0,,,,35.451,-86.7901,
"Lewiston, ID",2025-10-01,10.0,10.0,0.0,0.0,0.0,0.0,322.0,160.0,65370.0,4.925806945081842,2.4476059354443938,46.3934,-116.9933,
"Lewiston, ME",2025-10-01,31.0,31.0,0.0,0.0,0.0,0.0,459.0,195.0,115272.0,3.981886321049344,1.691651051426192,44.0915,-70.1681,
"Lewistown, PA",2025-10-01,6.0,6.0,0.0,0.0,0.0,0.0,63.0,0.0,,,,40.5964,-77.573,
"Lexington Park, MD",2025-10-01,15.0,15.0,0.0,0.0,0.0,0.0,444.0,53.0,211382.0,2.100462669479899,0.25073090423971767,38.2528,-76.4424,
"Lexington, KY",2025-10-01,138.0,100.0,0.0,3.0,35.0,38.0,2319.0,800.0,533366.0,4.347858693655013,1.499908130626999,38.0423,-84.4587,
"Lexington, NE",2025-10-01,1.0,1.0,0.0,0.0,0.0,0.0,72.0,39.0,,,,40.7779,-99.7461,
"Liberal, KS",2025-10-01,1.0,1.0,0.0,0.0,0.0,0.0,19.0,0.0,,,,37.0466,-100.9295,
"Lima, OH",2025-10-01,11.0,11.0,0.0,0.0,0.0,0.0,138.0,44.0,100866.0,1.3681518053655344,0.4362223147542284,40.741,-84.112,
"Lincoln, IL",2025-10-01,2.0,2.0,0.0,0.0,0.0,0.0,8.0,0.0,,,,40.1508,-89.372,
"Lincoln, NE",2025-10-01,218.0,103.0,0.0,0.0,115.0,115.0,2493.0,1439.0,350626.0,7.110140149332907,4.104088116682734,40.8099,-96.6784,
"Little Rock, AR",2025-10-01,273.0,165.0,10.0,6.0,92.0,108.0,3109.0,564.0,769258.0,4.0415569288847175,0.7331740456387844,34.7256,-92.3577,
"Lock Haven, PA",2025-10-01,2.0,2.0,0.0,0.0,0.0,0.0,37.0,2.0,,,,41.1365,-77.4521,
"Logan, UT",2025-10-01,92.0,76.0,0.0,0.0,16.0,16.0,1206.0,286.0,161125.0,7.4848719937936385,1.775019394879752,41.7399,-111.8422,
"Logansport, IN",2025-10-01,4.0,4.0,0.0,0.0,0.0,0.0,39.0,0.0,,,,40.7472,-86.352,
"Longview, TX",2025-10-01,12.0,12.0,0.0,0.0,0.0,0.0,262.0,14.0,295490.0,0.8866628312294832,0.04737892991302582,32.5193,-94.7622,
"Longview, WA",2025-10-01,15.0,15.0,0.0,0.0,0.0,0.0,263.0,18.0,113982.0,2.3073818673123827,0.15791967152708322,46.1461,-122.963,
"Los Alamos, NM",2025-10-01,1.0,1.0,0.0,0.0,0.0,0.0,22.0,0.0,,,,35.8927,-106.2862,
"Los Angeles, CA",2025-10-01,2295.0,1017.0,126.0,28.0,1124.0,1278.0,27137.0,14977.0,12927614.0,2.099149928207943,1.158527784013353,34.1141,-118.4068,West
"Louisville, KY",2025-10-01,352.0,300.0,12.0,4.0,36.0,52.0,6474.0,2990.0,,,,38.1663,-85.6485,Southeast
"Lubbock, TX",2025-10-01,178.0,174.0,4.0,0.0,0.0,4.0,2826.0,835.0,367109.0,7.697986156700053,2.2745288184163286,33.5657,-101.8879,
"Ludington, MI",2025-10-01,14.0,14.0,0.0,0.0,0.0,0.0,159.0,97.0,,,,43.9573,-86.4434,
"Lufkin, TX",2025-10-01,12.0,10.0,2.0,0.0,0.0,2.0,116.0,20.0,,,,31.3217,-94.7277,
"Lumberton, NC",2025-10-01,25.0,25.0,0.0,0.0,0.0,0.0,430.0,110.0,,,,34.6312,-79.0186,
"Lynchburg, VA",2025-10-01,98.0,84.0,2.0,0.0,12.0,14.0,1110.0,160.0,266432.0,4.166166226279126,0.6005284650492434,37.4003,-79.1909,
"Macomb, IL",2025-10-01,0.0,0.0,0.0,0.0,0.0,0.0,1.0,0.0,,,,40.4709,-90.6807,
"Macon, GA",2025-10-01,38.0,38.0,0.0,0.0,0.0,0.0,506.0,0.0,237617.0,2.1294772680405867,0.0,32.8065,-83.6974,
"Madison, IN",2025-10-01,6.0,6.0,0.0,0.0,0.0,0.0,71.0,0.0,,,,38.7581,-85.3973,
"Madison, WI",2025-10-01,640.0,149.0,36.0,7.0,448.0,491.0,6224.0,4532.0,707606.0,8.795855320616274,6.4046941376980975,43.0822,-89.393,
"Madisonville, KY",2025-10-01,8.0,8.0,0.0,0.0,0.0,0.0,118.0,17.0,,,,37.3409,-87.5034,
"Magnolia, AR",2025-10-01,1.0,1.0,0.0,0.0,0.0,0.0,18.0,0.0,,,,33.2775,-93.2261,
"Malvern, AR",2025-10-01,1.0,1.0,0.0,0.0,0.0,0.0,6.0,0.0,,,,34.3734,-92.8205,
"Manchester, NH",2025-10-01,58.0,40.0,2.0,3.0,13.0,18.0,762.0,343.0,430462.0,1.7701910970074015,0.7968183021962449,42.9848,-71.4447,
"Manhattan, KS",2025-10-01,30.0,23.0,2.0,0.0,5.0,7.0,431.0,134.0,134892.0,3.195148711561842,0.9933873024345402,39.1886,-96.6048,
"Manitowoc, WI",2025-10-01,8.0,8.0,0.0,0.0,0.0,0.0,137.0,36.0,,,,44.0991,-87.6812,
"Mankato, MN",2025-10-01,29.0,22.0,4.0,3.0,0.0,7.0,371.0,157.0,105193.0,3.526850645955529,1.492494747749375,44.1715,-93.9772,
"Mansfield, OH",2025-10-01,14.0,11.0,0.0,3.0,0.0,3.0,135.0,23.0,124853.0,1.081271575372638,0.18421663876719022,40.7656,-82.5275,
"Marietta, OH",2025-10-01,0.0,0.0,0.0,0.0,0.0,0.0,2.0,0.0,,,,39.4241,-81.4465,
"Marinette, WI",2025-10-01,18.0,18.0,0.0,0.0,0.0,0.0,166.0,6.0,,,,45.0871,-87.6336,
"Marion, IL",2025-10-01,28.0,10.0,0.0,10.0,8.0,18.0,141.0,72.0,,,,37.7345,-88.942,
"Marion, IN",2025-10-01,5.0,5.0,0.0,0.0,0.0,0.0,43.0,0.0,,,,40.5497,-85.6604,
"Marion, IN",2025-10-01,5.0,5.0,0.0,0.0,0.0,0.0,43.0,0.0,,,,39.5884,-85.7587,
"Marion, NC",2025-10-01,12.0,12.0,0.0,0.0,0.0,0.0,169.0,0.0,,,,35.6777,-82.0017,
"Marion, OH",2025-10-01,2.0,2.0,0.0,0.0,0.0,0.0,42.0,3.0,,,,40.5973,-83.1227,
"Marquette, MI",2025-10-01,10.0,8.0,2.0,0.0,0.0,2.0,110.0,14.0,,,,46.544,-87.4082,
"Marshall, MN",2025-10-01,6.0,4.0,2.0,0.0,0.0,2.0,101.0,76.0,,,,44.4488,-95.7897,
"Marshall, MO",2025-10-01,3.0,0.0,0.0,3.0,0.0,3.0,9.0,3.0,,,,39.1147,-93.201,
"Marshalltown, IA",2025-10-01,1.0,1.0,0.0,0.0,0.0,0.0,26.0,10.0,,,,42.0343,-92.9068,
"Martin, TN",2025-10-01,0.0,0.0,0.0,0.0,0.0,0.0,64.0,0.0,,,,36.3385,-88.8513,
"Martinsville, VA",2025-10-01,9.0,4.0,0.0,0.0,5.0,5.0,80.0,35.0,,,,36.6826,-79.8636,
"Maryville, MO",2025-10-01,5.0,3.0,2.0,0.0,0.0,2.0,50.0,6.0,,,,40.3428,-94.8702,
"Mason City, IA",2025-10-01,3.0,3.0,0.0,0.0,0.0,0.0,106.0,72.0,,,,43.1487,-93.1997,
"Massena, NY",2025-10-01,20.0,20.0,0.0,0.0,0.0,0.0,216.0,6.0,,,,,,
"Mayfield, KY",2025-10-01,0.0,0.0,0.0,0.0,0.0,0.0,8.0,0.0,,,,36.7371,-88.6447,
"McAlester, OK",2025-10-01,3.0,3.0,0.0,0.0,0.0,0.0,44.0,0.0,,,,34.9257,-95.7734,
"McAllen, TX",2025-10-01,654.0,396.0,140.0,107.0,11.0,258.0,7322.0,2722.0,914820.0,8.003760302573184,2.9754487221529917,26.2252,-98.2467,
"McComb, MS",2025-10-01,0.0,0.0,0.0,0.0,0.0,0.0,8.0,2.0,,,,31.2442,-90.4716,
"McMinnville, TN",2025-10-01,22.0,22.0,0.0,0.0,0.0,0.0,294.0,47.0,,,,35.6864,-85.7812,
"McPherson, KS",2025-10-01,23.0,21.0,2.0,0.0,0.0,2.0,113.0,22.0,,,,38.3714,-97.6605,
"Meadville, PA",2025-10-01,10.0,10.0,0.0,0.0,0.0,0.0,115.0,0.0,,,,41.6476,-80.1468,
"Medford, OR",2025-10-01,109.0,45.0,4.0,0.0,60.0,64.0,969.0,366.0,221331.0,4.378058202420809,1.6536318906976428,42.3372,-122.854,
"Memphis, TN",2025-10-01,249.0,249.0,0.0,0.0,0.0,0.0,3173.0,80.0,1339345.0,2.3690684625693903,0.05973068925482232,35.1087,-89.9663,Southeast
"Menomonie, WI",2025-10-01,9.0,9.0,0.0,0.0,0.0,0.0,111.0,6.0,,,,44.8893,-91.9084,
"Merced, CA",2025-10-01,67.0,67.0,0.0,0.0,0.0,0.0,672.0,83.0,296774.0,2.264349302836502,0.27967409543962746,37.3057,-120.4779,
"Meridian, MS",2025-10-01,3.0,3.0,0.0,0.0,0.0,0.0,28.0,5.0,,,,32.3846,-88.6896,
"Mexico, MO",2025-10-01,1.0,1.0,0.0,0.0,0.0,0.0,24.0,0.0,,,,39.1625,-91.8712,
"Miami, FL",2025-10-01,1179.0,520.0,46.0,19.0,594.0,659.0,20731.0,15555.0,6457988.0,3.210132939237422,2.4086449216071633,25.784,-80.2101,Southeast
"Miami, OK",2025-10-01,1.0,1.0,0.0,0.0,0.0,0.0,13.0,2.0,,,,36.8878,-94.8711,
"Michigan City, IN",2025-10-01,26.0,17.0,0.0,0.0,9.0,9.0,289.0,88.0,111348.0,2.5954664654955635,0.7903150483169882,41.7092,-86.869,
"Middlesborough, KY",2025-10-01,4.0,4.0,0.0,0.0,0.0,0.0,40.0,0.0,,,,36.6127,-83.7227,
"Midland, MI",2025-10-01,10.0,10.0,0.0,0.0,0.0,0.0,325.0,216.0,84022.0,3.8680345623765207,2.570755278379472,43.6241,-84.2319,
"Midland, TX",2025-10-01,84.0,84.0,0.0,0.0,0.0,0.0,1478.0,4.0,188766.0,7.82979985802528,0.021190256719960162,32.0243,-102.1147,
"Milledgeville, GA",2025-10-01,6.0,6.0,0.0,0.0,0.0,0.0,115.0,36.0,,,,33.0874,-83.2414,
"Milwaukee, WI",2025-10-01,244.0,173.0,26.0,0.0,45.0,71.0,3231.0,1501.0,1574452.0,2.052142586753994,0.9533475774428182,43.0642,-87.9675,Midwest
"Minden, LA",2025-10-01,2.0,2.0,0.0,0.0,0.0,0.0,61.0,26.0,,,,32.6187,-93.2762,
"Mineral Wells, TX",2025-10-01,1.0,1.0,0.0,0.0,0.0,0.0,22.0,2.0,,,,32.8169,-98.0776,
"Minneapolis, MN",2025-10-01,1242.0,775.0,20.0,12.0,435.0,467.0,14510.0,5537.0,3757952.0,3.861145645287646,1.4734089206035628,44.9635,-93.2678,Midwest
"Minot, ND",2025-10-01,18.0,10.0,8.0,0.0,0.0,8.0,110.0,27.0,75938.0,1.4485501330032395,0.3555532144644315,48.2375,-101.278,
"Missoula, MT",2025-10-01,88.0,81.0,0.0,7.0,0.0,7.0,1024.0,563.0,127741.0,8.01622032080538,4.407355508411552,46.8751,-114.0214,
"Mitchell, SD",2025-10-01,6.0,4.0,2.0,0.0,0.0,2.0,82.0,15.0,,,,43.7294,-98.0337,
"Moberly, MO",2025-10-01,2.0,2.0,0.0,0.0,0.0,0.0,34.0,8.0,,,,39.4179,-92.4364,
"Mobile, AL",2025-10-01,84.0,81.0,0.0,3.0,0.0,3.0,1132.0,156.0,412339.0,2.745313928587885,0.37832948132483224,30.6782,-88.1162,
"Modesto, CA",2025-10-01,112.0,112.0,0.0,0.0,0.0,0.0,878.0,113.0,556972.0,1.5763808593609734,0.20288273019110475,37.6375,-121.0028,
"Monroe, LA",2025-10-01,79.0,77.0,2.0,0.0,0.0,2.0,460.0,13.0,221921.0,2.072809693539593,0.05857940438264067,32.5185,-92.0774,
"Monroe, MI",2025-10-01,15.0,13.0,2.0,0.0,0.0,2.0,204.0,29.0,156045.0,1.3073151975391712,0.1858438271011567,41.9155,-83.3849,
"Montgomery, AL",2025-10-01,62.0,62.0,0.0,0.0,0.0,0.0,817.0,54.0,387885.0,2.106294391378888,0.1392165203604161,32.3482,-86.2668,
"Monticello, IN",2025-10-01,2.0,2.0,0.0,0.0,0.0,0.0,43.0,4.0,,,,40.7455,-86.7668,
"Monticello, NY",2025-10-01,41.0,38.0,0.0,3.0,0.0,3.0,596.0,118.0,,,,41.6522,-74.6874,
"Montrose, CO",2025-10-01,72.0,12.0,0.0,0.0,60.0,60.0,279.0,76.0,,,,38.4689,-107.859,
"Morehead City, NC",2025-10-01,32.0,30.0,2.0,0.0,0.0,2.0,536.0,30.0,,,,34.7308,-76.7388,
"Morgan City, LA",2025-10-01,8.0,3.0,0.0,0.0,5.0,5.0,63.0,30.0,,,,29.7041,-91.192,
"Morgantown, WV",2025-10-01,1.0,1.0,0.0,0.0,0.0,0.0,19.0,0.0,142752.0,0.1330979600986326,0.0,39.6383,-79.9464,
"Morristown, TN",2025-10-01,46.0,43.0,0.0,3.0,0.0,3.0,575.0,41.0,126932.0,4.52998455866133,0.3230075946175905,36.2043,-83.3001,
"Moscow, ID",2025-10-01,65.0,13.0,4.0,0.0,48.0,52.0,243.0,111.0,,,,46.7308,-116.9986,
"Moses Lake, WA",2025-10-01,31.0,27.0,4.0,0.0,0.0,4.0,416.0,45.0,,,,47.1279,-119.2759,
"Moultrie, GA",2025-10-01,5.0,3.0,2.0,0.0,0.0,2.0,90.0,24.0,,,,31.1591,-83.7708,
"Mount Airy, NC",2025-10-01,23.0,21.0,2.0,0.0,0.0,2.0,246.0,6.0,,,,36.5083,-80.6155,
"Mount Pleasant, MI",2025-10-01,11.0,9.0,2.0,0.0,0.0,2.0,79.0,10.0,,,,43.5966,-84.7759,
"Mount Pleasant, TX",2025-10-01,7.0,5.0,2.0,0.0,0.0,2.0,117.0,84.0,,,,33.1586,-94.9727,
"Mount Sterling, KY",2025-10-01,4.0,4.0,0.0,0.0,0.0,0.0,52.0,2.0,,,,38.0648,-83.9472,
"Mount Vernon, IL",2025-10-01,0.0,0.0,0.0,0.0,0.0,0.0,11.0,0.0,,,,38.314,-88.9174,
"Mount Vernon, OH",2025-10-01,18.0,18.0,0.0,0.0,0.0,0.0,269.0,116.0,,,,40.3854,-82.4737,
"Mount Vernon, WA",2025-10-01,70.0,15.0,0.0,0.0,55.0,55.0,400.0,238.0,132736.0,3.0135004821600773,1.793032786885246,48.4203,-122.3115,
"Mountain Home, AR",2025-10-01,0.0,0.0,0.0,0.0,0.0,0.0,61.0,11.0,,,,36.3351,-92.384,
"Mountain Home, ID",2025-10-01,15.0,15.0,0.0,0.0,0.0,0.0,167.0,0.0,,,,43.1324,-115.697,
"Muncie, IN",2025-10-01,7.0,7.0,0.0,0.0,0.0,0.0,326.0,217.0,112951.0,2.8862072934281238,1.9211870634168797,40.1989,-85.395,
"Murray, KY",2025-10-01,1.0,1.0,0.0,0.0,0.0,0.0,12.0,0.0,,,,36.6146,-88.3207,
"Murrells Inlet, SC",2025-10-01,37.0,37.0,0.0,0.0,0.0,0.0,380.0,15.0,,,,33.556,-79.0594,
"Muscatine, IA",2025-10-01,6.0,4.0,2.0,0.0,0.0,2.0,101.0,62.0,,,,41.4195,-91.068,
"Muskegon, MI",2025-10-01,37.0,32.0,0.0,0.0,5.0,5.0,472.0,117.0,177428.0,2.6602340104154925,0.6594224135987555,43.2281,-86.2562,
"Muskogee, OK",2025-10-01,1.0,1.0,0.0,0.0,0.0,0.0,54.0,0.0,,,,35.7432,-95.3567,
"Myrtle Beach, SC",2025-10-01,522.0,517.0,0.0,0.0,5.0,5.0,7042.0,104.0,413391.0,17.03472015597824,0.2515778040644329,33.7094,-78.8844,
"Nacogdoches, TX",2025-10-01,2.0,2.0,0.0,0.0,0.0,0.0,31.0,0.0,,,,31.6134,-94.6528,
"Nantucket, MA",2025-10-01,23.0,21.0,2.0,0.0,0.0,2.0,248.0,43.0,,,,,,
"Napa, CA",2025-10-01,31.0,11.0,0.0,0.0,20.0,20.0,425.0,148.0,132727.0,3.202061374098714,1.115070784392023,38.2975,-122.301,
"Naples, FL",2025-10-01,118.0,78.0,0.0,35.0,5.0,40.0,3056.0,821.0,416233.0,7.342041596894048,1.972452929008512,26.1504,-81.7936,
"Nashville, TN",2025-10-01,1445.0,993.0,6.0,14.0,432.0,452.0,19428.0,6103.0,2150553.0,9.033955452388293,2.8378747233851014,36.1715,-86.7842,Southeast
"Natchez, MS",2025-10-01,3.0,3.0,0.0,0.0,0.0,0.0,31.0,0.0,,,,31.5437,-91.3867,
"Natchitoches, LA",2025-10-01,1.0,1.0,0.0,0.0,0.0,0.0,55.0,0.0,,,,31.7315,-93.0975,
"New Bern, NC",2025-10-01,65.0,65.0,0.0,0.0,0.0,0.0,678.0,0.0,,,,35.0955,-77.0723,
"New Castle, IN",2025-10-01,5.0,5.0,0.0,0.0,0.0,0.0,44.0,2.0,,,,39.9191,-85.3697,
"New Haven, CT",2025-10-01,160.0,18.0,2.0,3.0,137.0,142.0,960.0,793.0,576718.0,1.6645917068654004,1.375022107858607,41.3113,-72.9246,
"New Iberia, LA",2025-10-01,11.0,11.0,0.0,0.0,0.0,0.0,97.0,0.0,,,,30.0049,-91.8202,
"New Orleans, LA",2025-10-01,120.0,47.0,28.0,0.0,45.0,73.0,1824.0,822.0,966230.0,1.8877492936464402,0.8507291224656655,30.0687,-89.9288,
"New Philadelphia, OH",2025-10-01,9.0,7.0,2.0,0.0,0.0,2.0,146.0,20.0,,,,40.486,-81.4401,
"New Ulm, MN",2025-10-01,13.0,7.0,0.0,0.0,6.0,6.0,33.0,6.0,,,,44.312,-94.4685,
"New York, NY",2025-10-01,4474.0,1097.0,208.0,96.0,3073.0,3377.0,47233.0,35465.0,19940274.0,2.368723719643973,1.778561317662937,40.6943,-73.9249,Northeast
"Newberry, SC",2025-10-01,20.0,11.0,0.0,3.0,6.0,9.0,159.0,9.0,,,,34.2813,-81.601,
"Newport, OR",2025-10-01,16.0,7.0,0.0,0.0,9.0,9.0,165.0,43.0,,,,44.6242,-124.0513,
"Newport, TN",2025-10-01,0.0,0.0,0.0,0.0,0.0,0.0,10.0,7.0,,,,35.9617,-83.1976,
"Niles, MI",2025-10-01,34.0,34.0,0.0,0.0,0.0,0.0,381.0,118.0,152703.0,2.495039390188798,0.7727418583786828,41.8346,-86.2473,
"Nogales, AZ",2025-10-01,34.0,34.0,0.0,0.0,0.0,0.0,363.0,0.0,,,,31.3624,-110.9336,
"Norfolk, NE",2025-10-01,9.0,7.0,2.0,0.0,0.0,2.0,274.0,198.0,,,,42.0324,-97.4217,
"North Platte, NE",2025-10-01,148.0,3.0,12.0,0.0,133.0,145.0,257.0,209.0,,,,41.1263,-100.7641,
"North Port, FL",2025-10-01,2689.0,1723.0,0.0,32.0,934.0,966.0,16236.0,5470.0,934956.0,17.36552308343922,5.850542699335584,27.0576,-82.1977,
"North Wilkesboro, NC",2025-10-01,13.0,13.0,0.0,0.0,0.0,0.0,157.0,0.0,,,,36.1728,-81.139,
"Norwalk, OH",2025-10-01,16.0,4.0,12.0,0.0,0.0,12.0,57.0,18.0,,,,41.2443,-82.6088,
"Norwich, CT",2025-10-01,59.0,25.0,0.0,0.0,34.0,34.0,329.0,58.0,282602.0,1.164181428298455,0.20523563173650575,41.5495,-72.0882,
"Oak Harbor, WA",2025-10-01,31.0,17.0,0.0,8.0,6.0,14.0,280.0,28.0,,,,48.2964,-122.6333,
"Ocala, FL",2025-10-01,470.0,444.0,26.0,0.0,0.0,26.0,6196.0,579.0,428905.0,14.446089460370011,1.349949289469696,29.178,-82.1511,
"Ocean Pines, MD",2025-10-01,17.0,14.0,0.0,3.0,0.0,3.0,268.0,9.0,,,,38.3851,-75.1487,
"Odessa, TX",2025-10-01,103.0,103.0,0.0,0.0,0.0,0.0,764.0,0.0,170022.0,4.4935361306183905,0.0,31.8801,-102.3448,
"Ogden, UT",2025-10-01,248.0,128.0,0.0,16.0,104.0,120.0,3224.0,1470.0,667681.0,4.8286532041498855,2.201650189237076,41.2279,-111.9682,
"Oil City, PA",2025-10-01,4.0,4.0,0.0,0.0,0.0,0.0,62.0,6.0,,,,41.4281,-79.7036,
"Okeechobee, FL",2025-10-01,7.0,7.0,0.0,0.0,0.0,0.0,81.0,20.0,,,,27.2413,-80.8298,
"Oklahoma City, OK",2025-10-01,674.0,491.0,18.0,15.0,150.0,183.0,8107.0,1920.0,1497821.0,5.412529267515945,1.2818621183706196,35.4676,-97.5136,Southwest
"Olean, NY",2025-10-01,10.0,10.0,0.0,0.0,0.0,0.0,106.0,5.0,,,,42.0819,-78.4321,
"Olympia, WA",2025-10-01,300.0,54.0,2.0,0.0,244.0,246.0,1763.0,1008.0,302912.0,5.820172195225016,3.3276991337418127,47.0417,-122.8959,
"Omaha, NE",2025-10-01,603.0,420.0,2.0,0.0,181.0,183.0,6357.0,2772.0,1001010.0,6.350585908232685,2.7692031048640873,41.2627,-96.0529,
"Oneonta, NY",2025-10-01,10.0,10.0,0.0,0.0,0.0,0.0,126.0,0.0,,,,42.4551,-75.0666,
"Ontario, OR",2025-10-01,20.0,20.0,0.0,0.0,0.0,0.0,233.0,35.0,,,,44.0259,-116.976,
"Opelousas, LA",2025-10-01,8.0,8.0,0.0,0.0,0.0,0.0,148.0,0.0,,,,30.5252,-92.0816,
"Orangeburg, SC",2025-10-01,7.0,7.0,0.0,0.0,0.0,0.0,90.0,0.0,,,,33.4928,-80.8671,
"Orlando, FL",2025-10-01,2471.0,1094.0,16.0,3.0,1358.0,1377.0,27714.0,12597.0,2940513.0,9.424886065798722,4.283946372622736,28.4773,-81.337,Southeast
"Oshkosh, WI",2025-10-01,125.0,27.0,2.0,0.0,96.0,98.0,587.0,290.0,173307.0,3.3870530330569455,1.6733311406925282,44.0227,-88.5619,
"Oskaloosa, IA",2025-10-01,1.0,1.0,0.0,0.0,0.0,0.0,61.0,50.0,,,,41.2922,-92.6404,
"Othello, WA",2025-10-01,12.0,4.0,2.0,0.0,6.0,8.0,75.0,36.0,,,,46.8221,-119.1653,
"Ottawa, IL",2025-10-01,5.0,5.0,0.0,0.0,0.0,0.0,97.0,7.0,,,,41.3555,-88.8261,
"Ottawa, KS",2025-10-01,13.0,10.0,0.0,3.0,0.0,3.0,137.0,35.0,,,,38.5996,-95.2636,
"Ottumwa, IA",2025-10-01,6.0,3.0,0.0,3.0,0.0,3.0,52.0,12.0,,,,41.0195,-92.4186,
"Owatonna, MN",2025-10-01,2.0,2.0,0.0,0.0,0.0,0.0,26.0,0.0,,,,44.0912,-93.2312,
"Owensboro, KY",2025-10-01,15.0,11.0,0.0,4.0,0.0,4.0,299.0,84.0,113583.0,2.63243619203578,0.7395472914080452,37.7575,-87.1172,
"Owosso, MI",2025-10-01,8.0,8.0,0.0,0.0,0.0,0.0,67.0,0.0,,,,42.9955,-84.176,
"Oxford, MS",2025-10-01,49.0,41.0,4.0,4.0,0.0,8.0,534.0,57.0,,,,34.3627,-89.5336,
"Oxnard, CA",2025-10-01,102.0,37.0,0.0,3.0,62.0,65.0,1463.0,1038.0,835427.0,1.7512002844054597,1.2424783972746871,34.1964,-119.1815,
"Ozark, AL",2025-10-01,6.0,6.0,0.0,0.0,0.0,0.0,27.0,0.0,,,,31.4508,-85.6473,
"Paducah, KY",2025-10-01,12.0,10.0,2.0,0.0,0.0,2.0,235.0,150.0,102395.0,2.295033937203965,1.4649152790663607,37.0711,-88.644,
"Palatka, FL",2025-10-01,14.0,14.0,0.0,0.0,0.0,0.0,87.0,0.0,,,,29.6493,-81.6705,
"Palestine, TX",2025-10-01,2.0,2.0,0.0,0.0,0.0,0.0,13.0,0.0,,,,31.7544,-95.6471,
"Palm Bay, FL",2025-10-01,343.0,343.0,0.0,0.0,0.0,0.0,4602.0,1070.0,658447.0,6.989173008609653,1.6250358798809927,27.9631,-80.6593,
"Pampa, TX",2025-10-01,0.0,0.0,0.0,0.0,0.0,0.0,4.0,0.0,,,,35.5479,-100.9651,
"Panama City, FL",2025-10-01,208.0,180.0,4.0,0.0,24.0,28.0,2320.0,431.0,226221.0,10.25545815817276,1.90521658024675,30.1995,-85.6003,
"Paragould, AR",2025-10-01,13.0,13.0,0.0,0.0,0.0,0.0,153.0,34.0,,,,36.0555,-90.5149,
"Paris, TN",2025-10-01,1.0,1.0,0.0,0.0,0.0,0.0,19.0,0.0,,,,36.2933,-88.3065,
"Paris, TX",2025-10-01,10.0,2.0,2.0,0.0,6.0,8.0,65.0,18.0,,,,33.6688,-95.546,
"Parkersburg, WV",2025-10-01,12.0,12.0,0.0,0.0,0.0,0.0,105.0,6.0,87681.0,1.1975228384712764,0.06842987648407295,39.2623,-81.542,
"Payson, AZ",2025-10-01,14.0,14.0,0.0,0.0,0.0,0.0,181.0,0.0,,,,34.2433,-111.3195,
"Pella, IA",2025-10-01,8.0,8.0,0.0,0.0,0.0,0.0,98.0,6.0,,,,41.4052,-92.9189,
"Pensacola, FL",2025-10-01,289.0,253.0,4.0,0.0,32.0,36.0,3274.0,36.0,538928.0,6.075023008639373,0.06679927559896684,30.4413,-87.1911,
"Peoria, IL",2025-10-01,20.0,20.0,0.0,0.0,0.0,0.0,221.0,32.0,364565.0,0.6062019118675682,0.0877758424423628,40.752,-89.6154,
"Peru, IN",2025-10-01,5.0,5.0,0.0,0.0,0.0,0.0,35.0,0.0,,,,40.7593,-86.0756,
"Petoskey, MI",2025-10-01,18.0,18.0,0.0,0.0,0.0,0.0,134.0,0.0,,,,45.3649,-84.9888,
"Philadelphia, PA",2025-10-01,1231.0,762.0,28.0,83.0,358.0,469.0,13514.0,5533.0,6330422.0,2.1347707941113563,0.8740333582816437,40.0077,-75.1339,Northeast
"Phoenix, AZ",2025-10-01,3291.0,1822.0,92.0,35.0,1342.0,1469.0,37417.0,13015.0,5186958.0,7.213669360731281,2.5091778263868725,33.5722,-112.0892,Southwest
"Picayune, MS",2025-10-01,57.0,57.0,0.0,0.0,0.0,0.0,368.0,6.0,,,,30.5322,-89.6724,
"Pierre, SD",2025-10-01,5.0,5.0,0.0,0.0,0.0,0.0,40.0,0.0,,,,44.3748,-100.3205,
"Pikeville, KY",2025-10-01,1.0,1.0,0.0,0.0,0.0,0.0,22.0,13.0,,,,37.4806,-82.5262,
"Pine Bluff, AR",2025-10-01,11.0,11.0,0.0,0.0,0.0,0.0,58.0,10.0,,,,34.2116,-92.0173,
"Pinehurst, NC",2025-10-01,64.0,52.0,2.0,10.0,0.0,12.0,948.0,20.0,108417.0,8.744016159827334,0.18447291476428973,35.1922,-79.4684,
"Pittsburg, KS",2025-10-01,7.0,7.0,0.0,0.0,0.0,0.0,54.0,2.0,,,,37.4129,-94.6985,
"Pittsburgh, PA",2025-10-01,420.0,300.0,2.0,9.0,109.0,120.0,5361.0,1708.0,2429917.0,2.206248196954875,0.7029046671141442,40.4397,-79.9763,Northeast
"Pittsfield, MA",2025-10-01,12.0,12.0,0.0,0.0,0.0,0.0,144.0,18.0,128726.0,1.1186551279461803,0.13983189099327253,42.4517,-73.2605,
"Plainview, TX",2025-10-01,0.0,0.0,0.0,0.0,0.0,0.0,7.0,0.0,,,,34.1911,-101.7235,
"Platteville, WI",2025-10-01,7.0,7.0,0.0,0.0,0.0,0.0,132.0,14.0,,,,42.728,-90.4681,
"Plattsburgh, NY",2025-10-01,12.0,5.0,2.0,0.0,5.0,7.0,170.0,59.0,,,,44.6951,-73.4563,
"Plymouth, IN",2025-10-01,9.0,9.0,0.0,0.0,0.0,0.0,136.0,2.0,,,,41.3483,-86.3187,
"Pocatello, ID",2025-10-01,28.0,23.0,2.0,3.0,0.0,5.0,445.0,177.0,91010.0,4.889572574442369,1.9448412262388748,42.8724,-112.4647,
"Ponca City, OK",2025-10-01,1.0,1.0,0.0,0.0,0.0,0.0,31.0,8.0,,,,36.7235,-97.0677,
"Pontiac, IL",2025-10-01,2.0,2.0,0.0,0.0,0.0,0.0,43.0,2.0,,,,40.8894,-88.6409,
"Poplar Bluff, MO",2025-10-01,1.0,1.0,0.0,0.0,0.0,0.0,30.0,8.0,,,,36.7632,-90.4135,
"Port Angeles, WA",2025-10-01,19.0,15.0,4.0,0.0,0.0,4.0,230.0,42.0,,,,48.1141,-123.4565,
"Port Lavaca, TX",2025-10-01,13.0,13.0,0.0,0.0,0.0,0.0,120.0,0.0,,,,28.6181,-96.6278,
"Port St. Lucie, FL",2025-10-01,354.0,339.0,6.0,9.0,0.0,15.0,5082.0,571.0,556336.0,9.134767478645998,1.0263581720399184,27.2796,-80.3884,
"Port Townsend, WA",2025-10-01,35.0,21.0,14.0,0.0,0.0,14.0,209.0,19.0,,,,48.122,-122.7877,
"Portland, ME",2025-10-01,376.0,177.0,4.0,6.0,189.0,199.0,3189.0,1284.0,571534.0,5.579720541560082,2.246585504974332,43.6773,-70.2715,
"Portland, OR",2025-10-01,666.0,503.0,6.0,9.0,148.0,163.0,8737.0,2911.0,2537904.0,3.4426046060055855,1.1470095007533776,45.5371,-122.65,West
"Portsmouth, OH",2025-10-01,2.0,2.0,0.0,0.0,0.0,0.0,12.0,0.0,,,,38.7538,-82.9445,
"Pottsville, PA",2025-10-01,21.0,16.0,0.0,0.0,5.0,5.0,195.0,35.0,,,,40.6798,-76.2091,
"Prescott Valley, AZ",2025-10-01,110.0,110.0,0.0,0.0,0.0,0.0,1883.0,373.0,252013.0,7.471836770325341,1.480082376702789,34.598,-112.3185,
"Price, UT",2025-10-01,3.0,3.0,0.0,0.0,0.0,0.0,44.0,2.0,,,,39.604,-110.8003,
"Providence, RI",2025-10-01,237.0,137.0,28.0,7.0,65.0,100.0,2511.0,1273.0,1700901.0,1.476276397038981,0.7484268631742823,41.823,-71.4187,Northeast
"Provo, UT",2025-10-01,981.0,632.0,0.0,10.0,339.0,349.0,7177.0,1848.0,760531.0,9.43682769012703,2.429881227721158,40.2457,-111.6457,
"Pueblo, CO",2025-10-01,11.0,11.0,0.0,0.0,0.0,0.0,235.0,0.0,169866.0,1.3834434201076142,0.0,38.2701,-104.6114,
"Pullman, WA",2025-10-01,1.0,1.0,0.0,0.0,0.0,0.0,30.0,2.0,,,,46.7336,-117.168,
"Punta Gorda, FL",2025-10-01,217.0,176.0,18.0,18.0,5.0,41.0,3095.0,539.0,212122.0,14.590660091833945,2.5409905620350552,26.8941,-82.0513,
"Putnam, CT",2025-10-01,10.0,10.0,0.0,0.0,0.0,0.0,156.0,0.0,,,,,,
"Quincy, IL",2025-10-01,3.0,3.0,0.0,0.0,0.0,0.0,67.0,21.0,,,,39.9336,-91.3799,
"Racine, WI",2025-10-01,30.0,19.0,4.0,0.0,7.0,11.0,466.0,238.0,198651.0,2.3458225732566156,1.1980810567276279,42.7274,-87.8135,
"Raleigh, NC",2025-10-01,1159.0,949.0,68.0,0.0,142.0,210.0,17104.0,5445.0,1562009.0,10.950000928291708,3.4858954077729383,35.8324,-78.6429,Southeast
"Rapid City, SD",2025-10-01,83.0,83.0,0.0,0.0,0.0,0.0,1024.0,135.0,156227.0,6.554564831943262,0.8641271995237699,44.0716,-103.2204,
"Raymondville, TX",2025-10-01,9.0,9.0,0.0,0.0,0.0,0.0,44.0,0.0,,,,26.4759,-97.7769,
"Reading, PA",2025-10-01,48.0,29.0,6.0,0.0,13.0,19.0,341.0,84.0,439117.0,0.7765584115395213,0.19129298114170026,40.34,-75.9267,
"Red Bluff, CA",2025-10-01,12.0,12.0,0.0,0.0,0.0,0.0,146.0,6.0,,,,40.1735,-122.2413,
"Red Wing, MN",2025-10-01,4.0,4.0,0.0,0.0,0.0,0.0,79.0,6.0,,,,44.5817,-92.6036,
"Redding, CA",2025-10-01,17.0,17.0,0.0,0.0,0.0,0.0,297.0,5.0,181121.0,1.6397877661894535,0.027605854649654097,40.5698,-122.365,
"Reno, NV",2025-10-01,347.0,173.0,2.0,4.0,168.0,174.0,3458.0,1459.0,575110.0,6.0127627758168005,2.536905983203213,39.5497,-119.8483,
"Rexburg, ID",2025-10-01,132.0,48.0,0.0,84.0,0.0,84.0,865.0,330.0,,,,43.8226,-111.7919,
"Rice Lake, WI",2025-10-01,25.0,21.0,4.0,0.0,0.0,4.0,149.0,19.0,,,,45.4864,-91.7447,
"Richmond, IN",2025-10-01,1.0,1.0,0.0,0.0,0.0,0.0,272.0,224.0,,,,39.8318,-84.8905,
"Richmond, KY",2025-10-01,36.0,27.0,0.0,0.0,9.0,9.0,699.0,325.0,,,,37.7307,-84.2925,
"Richmond, VA",2025-10-01,1221.0,367.0,0.0,0.0,854.0,854.0,9941.0,5307.0,1370165.0,7.255330562377524,3.873256140683786,37.5295,-77.4756,Southeast
"Rifle, CO",2025-10-01,25.0,25.0,0.0,0.0,0.0,0.0,199.0,11.0,,,,39.5362,-107.7729,
"Rio Grande City, TX",2025-10-01,0.0,0.0,0.0,0.0,0.0,0.0,0.0,0.0,,,,26.3808,-98.8215,
"Riverside, CA",2025-10-01,863.0,597.0,54.0,45.0,167.0,266.0,14461.0,4653.0,4744214.0,3.0481340007006428,0.9807736328926141,33.9381,-117.3949,West
"Riverton, WY",2025-10-01,7.0,3.0,4.0,0.0,0.0,4.0,26.0,6.0,,,,43.0421,-108.4144,
"Roanoke Rapids, NC",2025-10-01,5.0,5.0,0.0,0.0,0.0,0.0,89.0,2.0,,,,36.4452,-77.649,
"Roanoke, VA",2025-10-01,46.0,44.0,2.0,0.0,0.0,2.0,691.0,137.0,315749.0,2.188447152643397,0.4338889434329166,37.2785,-79.9581,
"Rochelle, IL",2025-10-01,6.0,6.0,0.0,0.0,0.0,0.0,94.0,45.0,,,,41.9197,-89.0629,
"Rochester, MN",2025-10-01,49.0,35.0,4.0,0.0,10.0,14.0,827.0,321.0,230742.0,3.584089589238197,1.3911641573705698,44.0154,-92.478,
"Rochester, NY",2025-10-01,147.0,88.0,6.0,7.0,46.0,59.0,1492.0,431.0,1057218.0,1.4112510381018863,0.40767372481361464,43.168,-77.6162,
"Rock Springs, WY",2025-10-01,3.0,3.0,0.0,0.0,0.0,0.0,35.0,0.0,,,,41.5947,-109.2209,
"Rockford, IL",2025-10-01,44.0,44.0,0.0,0.0,0.0,0.0,374.0,40.0,337103.0,1.1094531938309657,0.11865809559689472,42.2596,-89.064,
"Rockingham, NC",2025-10-01,4.0,4.0,0.0,0.0,0.0,0.0,53.0,0.0,,,,34.9386,-79.7608,
"Rocky Mount, NC",2025-10-01,40.0,40.0,0.0,0.0,0.0,0.0,534.0,0.0,147114.0,3.6298380847506015,0.0,35.9685,-77.804,
"Rolla, MO",2025-10-01,8.0,6.0,2.0,0.0,0.0,2.0,78.0,42.0,,,,37.9459,-91.7607,
"Rome, GA",2025-10-01,27.0,27.0,0.0,0.0,0.0,0.0,294.0,0.0,101390.0,2.899694249926028,0.0,34.2662,-85.1863,
"Roseburg, OR",2025-10-01,16.0,16.0,0.0,0.0,0.0,0.0,179.0,22.0,,,,43.2231,-123.352,
"Roswell, NM",2025-10-01,6.0,6.0,0.0,0.0,0.0,0.0,73.0,0.0,,,,33.373,-104.5294,
"Ruidoso, NM",2025-10-01,5.0,5.0,0.0,0.0,0.0,0.0,105.0,0.0,,,,33.3646,-105.6434,
"Russellville, AL",2025-10-01,1.0,1.0,0.0,0.0,0.0,0.0,16.0,0.0,,,,34.5055,-87.7283,
"Russellville, AR",2025-10-01,2.0,0.0,2.0,0.0,0.0,2.0,65.0,21.0,,,,35.2762,-93.1383,
"Ruston, LA",2025-10-01,10.0,10.0,0.0,0.0,0.0,0.0,188.0,2.0,,,,32.5328,-92.6363,
"Rutland, VT",2025-10-01,11.0,11.0,0.0,0.0,0.0,0.0,100.0,24.0,,,,43.6092,-72.9783,
"Sacramento, CA",2025-10-01,1136.0,555.0,48.0,3.0,530.0,581.0,10739.0,2869.0,2463127.0,4.359905112485064,1.1647795667864467,38.5677,-121.4685,West
"Safford, AZ",2025-10-01,41.0,41.0,0.0,0.0,0.0,0.0,211.0,22.0,,,,32.8335,-109.6964,
"Saginaw, MI",2025-10-01,14.0,14.0,0.0,0.0,0.0,0.0,171.0,34.0,187714.0,0.9109602906549324,0.18112660749864154,43.4199,-83.9501,
"Salem, OH",2025-10-01,4.0,2.0,2.0,0.0,0.0,2.0,48.0,14.0,,,,40.9049,-80.8492,
"Salem, OR",2025-10-01,244.0,61.0,12.0,4.0,167.0,183.0,1483.0,560.0,443416.0,3.3444891478882135,1.2629224024392443,44.9233,-123.0244,
"Salina, KS",2025-10-01,2.0,2.0,0.0,0.0,0.0,0.0,119.0,0.0,,,,38.8136,-97.6143,
"Salinas, CA",2025-10-01,95.0,74.0,2.0,8.0,11.0,21.0,779.0,196.0,436251.0,1.7856692592108672,0.44928263774753524,36.6883,-121.6317,
"Salisbury, MD",2025-10-01,32.0,12.0,0.0,0.0,20.0,20.0,242.0,37.0,131570.0,1.839325074105039,0.2812191229003572,38.3756,-75.5865,
"Salt Lake City, UT",2025-10-01,542.0,320.0,4.0,0.0,218.0,222.0,6508.0,3517.0,1300762.0,5.003221188810866,2.7037997727485887,40.7776,-111.9311,West
"San Angelo, TX",2025-10-01,24.0,24.0,0.0,0.0,0.0,0.0,341.0,2.0,121629.0,2.8036076922444484,0.016443446875334007,31.4424,-100.4504,
"San Antonio, TX",2025-10-01,582.0,550.0,0.0,0.0,32.0,32.0,11329.0,2285.0,2763006.0,4.100244443913621,0.8269978422051925,29.4632,-98.5238,Southwest
"San Diego, CA",2025-10-01,935.0,332.0,78.0,25.0,500.0,603.0,11873.0,8420.0,3298799.0,3.5991886744236314,2.552444086469045,32.8313,-117.1222,West
"San Francisco, CA",2025-10-01,790.0,277.0,6.0,3.0,504.0,513.0,6506.0,3853.0,4648486.0,1.3995954811953828,0.828872024138612,37.7558,-122.4449,West
"San Jose, CA",2025-10-01,680.0,167.0,4.0,0.0,509.0,513.0,5173.0,3045.0,1995484.0,2.592353534280405,1.5259455851312265,37.3012,-121.848,West
"San Luis Obispo, CA",2025-10-01,84.0,66.0,0.0,4.0,14.0,18.0,783.0,173.0,281843.0,2.778142441004389,0.6138169122525661,35.2669,-120.669,
"Sandpoint, ID",2025-10-01,111.0,19.0,2.0,0.0,90.0,92.0,208.0,121.0,,,,48.2822,-116.5614,
"Sandusky, OH",2025-10-01,28.0,25.0,0.0,3.0,0.0,3.0,289.0,20.0,113533.0,2.5455154008085756,0.17616023535007444,41.4468,-82.7024,
"Sanford, NC",2025-10-01,49.0,49.0,0.0,0.0,0.0,0.0,694.0,0.0,,,,35.4875,-79.177,
"Santa Cruz, CA",2025-10-01,156.0,9.0,2.0,0.0,145.0,147.0,514.0,357.0,262406.0,1.9587966738565432,1.3604871839820736,36.9789,-122.0346,
"Santa Fe, NM",2025-10-01,17.0,17.0,0.0,0.0,0.0,0.0,304.0,51.0,157765.0,1.9269166164865463,0.32326561658162456,35.6619,-105.9819,
"Santa Maria, CA",2025-10-01,43.0,36.0,2.0,0.0,5.0,7.0,751.0,333.0,444500.0,1.689538807649044,0.749156355455568,34.9333,-120.4431,
"Santa Rosa, CA",2025-10-01,126.0,120.0,0.0,0.0,6.0,6.0,1591.0,825.0,485375.0,3.2778779294360034,1.6997167138810199,38.4458,-122.7067,
"Sault Ste. Marie, MI",2025-10-01,2.0,2.0,0.0,0.0,0.0,0.0,97.0,25.0,,,,46.4817,-84.3723,
"Savannah, GA",2025-10-01,1092.0,221.0,2.0,12.0,857.0,871.0,5380.0,2246.0,431589.0,12.465563302123083,5.204025125756218,32.0286,-81.1821,
"Sayre, PA",2025-10-01,12.0,12.0,0.0,0.0,0.0,0.0,73.0,0.0,,,,41.9856,-76.5207,
"Scottsbluff, NE",2025-10-01,4.0,4.0,0.0,0.0,0.0,0.0,33.0,0.0,,,,41.8684,-103.6616,
"Scottsboro, AL",2025-10-01,4.0,4.0,0.0,0.0,0.0,0.0,49.0,0.0,,,,34.6438,-86.0491,
"Scranton, PA",2025-10-01,59.0,49.0,10.0,0.0,0.0,10.0,612.0,68.0,574009.0,1.0661853734000686,0.11846504148889651,41.4044,-75.6649,
"Seaford, DE",2025-10-01,241.0,229.0,12.0,0.0,0.0,12.0,4029.0,640.0,,,,38.6538,-75.611,
"Searcy, AR",2025-10-01,22.0,22.0,0.0,0.0,0.0,0.0,260.0,4.0,,,,35.2418,-91.7351,
"Seattle, WA",2025-10-01,1783.0,443.0,72.0,25.0,1243.0,1340.0,15679.0,9794.0,4145494.0,3.782178915226991,2.362565233480015,47.6211,-122.3244,West
"Sebastian, FL",2025-10-01,87.0,15.0,0.0,0.0,72.0,72.0,260.0,79.0,172139.0,1.5104072871342347,0.4589314449369405,27.7822,-80.4819,
"Sebring, FL",2025-10-01,71.0,69.0,2.0,0.0,0.0,2.0,792.0,68.0,109778.0,7.214560294412359,0.619431944469748,27.477,-81.453,
"Sedalia, MO",2025-10-01,9.0,2.0,2.0,0.0,5.0,7.0,119.0,96.0,,,,38.7059,-93.234,
"Selinsgrove, PA",2025-10-01,5.0,5.0,0.0,0.0,0.0,0.0,63.0,4.0,,,,40.8003,-76.8646,
"Selma, AL",2025-10-01,0.0,0.0,0.0,0.0,0.0,0.0,6.0,0.0,,,,32.4166,-87.0336,
"Seneca Falls, NY",2025-10-01,9.0,5.0,4.0,0.0,0.0,4.0,62.0,4.0,,,,,,
"Seneca, SC",2025-10-01,61.0,56.0,0.0,0.0,5.0,5.0,763.0,25.0,,,,34.6818,-82.96,
"Sevierville, TN",2025-10-01,103.0,84.0,4.0,8.0,7.0,19.0,1428.0,322.0,,,,35.8872,-83.5678,
"Seymour, IN",2025-10-01,14.0,14.0,0.0,0.0,0.0,0.0,146.0,8.0,,,,38.9476,-85.8911,
"Shawano, WI",2025-10-01,13.0,13.0,0.0,0.0,0.0,0.0,108.0,0.0,,,,44.7748,-88.5843,
"Shawnee, OK",2025-10-01,26.0,26.0,0.0,0.0,0.0,0.0,208.0,75.0,,,,35.3531,-96.9647,
"Sheboygan, WI",2025-10-01,174.0,15.0,2.0,0.0,157.0,159.0,394.0,234.0,118331.0,3.3296431197234875,1.977503781764711,43.7403,-87.7316,
"Shelby, NC",2025-10-01,44.0,31.0,2.0,6.0,5.0,13.0,566.0,173.0,,,,35.2904,-81.5451,
"Shelbyville, TN",2025-10-01,44.0,44.0,0.0,0.0,0.0,0.0,402.0,2.0,,,,35.4987,-86.4517,
"Shelton, WA",2025-10-01,15.0,15.0,0.0,0.0,0.0,0.0,215.0,4.0,,,,47.2186,-123.1121,
"Sheridan, WY",2025-10-01,22.0,17.0,2.0,3.0,0.0,5.0,271.0,27.0,,,,44.7961,-106.9642,
"Sherman, TX",2025-10-01,127.0,121.0,6.0,0.0,0.0,6.0,1984.0,730.0,150532.0,13.17992187707597,4.849467222916058,33.6273,-96.6221,
"Show Low, AZ",2025-10-01,41.0,34.0,2.0,0.0,5.0,7.0,471.0,36.0,,,,34.2671,-110.0384,
"Shreveport, LA",2025-10-01,135.0,135.0,0.0,0.0,0.0,0.0,1054.0,70.0,383269.0,2.7500267436187116,0.18263934729915543,32.4653,-93.7955,
"Sidney, OH",2025-10-01,36.0,9.0,0.0,0.0,27.0,27.0,492.0,396.0,,,,40.2891,-84.1667,
"Sierra Vista, AZ",2025-10-01,28.0,28.0,0.0,0.0,0.0,0.0,424.0,16.0,125773.0,3.371152791139593,0.12721331287319218,31.563,-110.3153,
"Sikeston, MO",2025-10-01,7.0,7.0,0.0,0.0,0.0,0.0,114.0,34.0,,,,36.8854,-89.5877,
"Sioux City, IA",2025-10-01,26.0,22.0,4.0,0.0,0.0,4.0,591.0,343.0,145994.0,4.048111566228749,2.3494116196556023,42.4959,-96.3901,
"Sioux Falls, SD",2025-10-01,221.0,138.0,2.0,4.0,77.0,83.0,2295.0,1085.0,308266.0,7.444869041671803,3.5196875425768654,43.5396,-96.7311,
"Slidell, LA",2025-10-01,112.0,112.0,0.0,0.0,0.0,0.0,1047.0,8.0,277615.0,3.7714100462871243,0.028816886695603623,30.2887,-89.7828,
"Snyder, TX",2025-10-01,0.0,0.0,0.0,0.0,0.0,0.0,1.0,0.0,,,,32.7133,-100.9116,
"Somerset, KY",2025-10-01,25.0,1.0,0.0,0.0,24.0,24.0,124.0,103.0,,,,37.0834,-84.6109,
"Somerset, PA",2025-10-01,10.0,10.0,0.0,0.0,0.0,0.0,64.0,0.0,,,,40.0049,-79.0778,
"Sonora, CA",2025-10-01,5.0,5.0,0.0,0.0,0.0,0.0,85.0,0.0,,,,37.9819,-120.3828,
"South Bend, IN",2025-10-01,69.0,55.0,10.0,4.0,0.0,14.0,638.0,117.0,325294.0,1.9613026984819886,0.3596746327937189,41.6767,-86.2696,
"Sparta, WI",2025-10-01,16.0,14.0,2.0,0.0,0.0,2.0,127.0,24.0,,,,43.9377,-90.8131,
"Spartanburg, SC",2025-10-01,355.0,355.0,0.0,0.0,0.0,0.0,3579.0,20.0,395934.0,9.039385352104137,0.050513469416619945,34.9442,-81.9251,
"Spearfish, SD",2025-10-01,17.0,17.0,0.0,0.0,0.0,0.0,251.0,52.0,,,,44.4909,-103.8155,
"Spencer, IA",2025-10-01,4.0,0.0,0.0,4.0,0.0,4.0,29.0,14.0,,,,43.1468,-95.1534,
"Spirit Lake, IA",2025-10-01,13.0,13.0,0.0,0.0,0.0,0.0,194.0,41.0,,,,43.4176,-95.1109,
"Spokane, WA",2025-10-01,268.0,158.0,10.0,0.0,100.0,110.0,2988.0,1373.0,604962.0,4.939153203011099,2.2695640387330114,47.6671,-117.433,
"Springfield, IL",2025-10-01,16.0,14.0,2.0,0.0,0.0,2.0,249.0,82.0,206308.0,1.2069333229928068,0.39746398588518134,39.7709,-89.654,
"Springfield, MA",2025-10-01,34.0,21.0,2.0,0.0,11.0,13.0,319.0,83.0,464151.0,0.6872763389500399,0.1788211164039289,42.1155,-72.5395,
"Springfield, MO",2025-10-01,182.0,137.0,22.0,0.0,23.0,45.0,1644.0,112.0,496975.0,3.308013481563459,0.2253634488656371,37.1943,-93.2916,
"Springfield, OH",2025-10-01,27.0,27.0,0.0,0.0,0.0,0.0,250.0,38.0,134985.0,1.8520576360336334,0.2815127606771123,39.93,-83.7959,
"St. Cloud, MN",2025-10-01,44.0,41.0,0.0,3.0,0.0,3.0,629.0,171.0,205878.0,3.0552074529575766,0.8305889895957801,45.534,-94.1718,
"St. George, UT",2025-10-01,210.0,161.0,0.0,0.0,49.0,49.0,2584.0,316.0,207943.0,12.42648225715701,1.5196472110145567,37.0758,-113.5752,
"St. Joseph, MO",2025-10-01,5.0,5.0,0.0,0.0,0.0,0.0,75.0,2.0,119124.0,0.6295960511735671,0.016789228031295123,39.7598,-94.821,
"St. Louis, MO",2025-10-01,511.0,372.0,16.0,12.0,111.0,139.0,6294.0,2047.0,2811927.0,2.2383226876088886,0.7279705340856999,38.6359,-90.2451,Midwest
"St. Marys, PA",2025-10-01,6.0,6.0,0.0,0.0,0.0,0.0,50.0,0.0,,,,41.4574,-78.5342,
"Starkville, MS",2025-10-01,4.0,4.0,0.0,0.0,0.0,0.0,62.0,0.0,,,,33.4608,-88.8297,
"State College, PA",2025-10-01,15.0,10.0,0.0,0.0,5.0,5.0,298.0,49.0,159805.0,1.8647726917180314,0.3066236976314884,40.7909,-77.8567,
"Statesboro, GA",2025-10-01,95.0,87.0,8.0,0.0,0.0,8.0,1307.0,364.0,,,,32.4375,-81.7751,
"Staunton, VA",2025-10-01,101.0,42.0,6.0,0.0,53.0,59.0,907.0,382.0,128481.0,7.059409562503405,2.973202263369681,38.1593,-79.0611,
"Steamboat Springs, CO",2025-10-01,24.0,24.0,0.0,0.0,0.0,0.0,275.0,66.0,,,,40.4777,-106.8243,
"Stephenville, TX",2025-10-01,5.0,5.0,0.0,0.0,0.0,0.0,28.0,20.0,,,,32.2147,-98.2205,
"Sterling, CO",2025-10-01,0.0,0.0,0.0,0.0,0.0,0.0,8.0,0.0,,,,40.6205,-103.1925,
"Sterling, IL",2025-10-01,4.0,4.0,0.0,0.0,0.0,0.0,24.0,4.0,,,,41.7996,-89.6956,
"Stevens Point, WI",2025-10-01,34.0,18.0,16.0,0.0,0.0,16.0,336.0,210.0,,,,44.5241,-89.5507,
"Stillwater, OK",2025-10-01,16.0,16.0,0.0,0.0,0.0,0.0,216.0,53.0,,,,36.1317,-97.0742,
"Stockton, CA",2025-10-01,183.0,183.0,0.0,0.0,0.0,0.0,2860.0,0.0,816108.0,3.5044381380895664,0.0,37.9765,-121.3109,
"Storm Lake, IA",2025-10-01,1.0,1.0,0.0,0.0,0.0,0.0,17.0,2.0,,,,42.6431,-95.196,
"Sturgis, MI",2025-10-01,22.0,12.0,0.0,0.0,10.0,10.0,183.0,70.0,,,,41.7991,-85.4184,
"Sulphur Springs, TX",2025-10-01,4.0,4.0,0.0,0.0,0.0,0.0,66.0,0.0,,,,33.1421,-95.6122,
"Summerville, GA",2025-10-01,0.0,0.0,0.0,0.0,0.0,0.0,2.0,0.0,,,,34.4788,-85.3491,
"Sumter, SC",2025-10-01,26.0,24.0,2.0,0.0,0.0,2.0,368.0,40.0,104776.0,3.5122547148201875,0.3817668168282813,33.9392,-80.393,
"Sunbury, PA",2025-10-01,4.0,4.0,0.0,0.0,0.0,0.0,77.0,4.0,,,,40.8616,-76.7871,
"Susanville, CA",2025-10-01,0.0,0.0,0.0,0.0,0.0,0.0,15.0,8.0,,,,40.4206,-120.6132,
"Sweetwater, TX",2025-10-01,1.0,1.0,0.0,0.0,0.0,0.0,14.0,0.0,,,,32.4692,-100.4092,
"Syracuse, NY",2025-10-01,79.0,52.0,0.0,4.0,23.0,27.0,1161.0,636.0,655189.0,1.7720077718032505,0.9707122677578531,43.0407,-76.1437,
"Tahlequah, OK",2025-10-01,0.0,0.0,0.0,0.0,0.0,0.0,39.0,12.0,,,,35.9112,-94.977,
"Talladega, AL",2025-10-01,44.0,28.0,0.0,0.0,16.0,16.0,196.0,58.0,,,,33.4333,-86.0986,
"Tallahassee, FL",2025-10-01,211.0,109.0,2.0,0.0,100.0,102.0,2425.0,1086.0,397675.0,6.0979443012510215,2.7308732004777774,30.4551,-84.2527,
"Tampa, FL",2025-10-01,2427.0,1287.0,12.0,0.0,1128.0,1140.0,22436.0,8713.0,3424560.0,6.551498586679749,2.5442684607657626,27.9945,-82.4447,Southeast
"Taos, NM",2025-10-01,9.0,9.0,0.0,0.0,0.0,0.0,114.0,0.0,,,,36.3871,-105.5803,
"Taylorville, IL",2025-10-01,7.0,7.0,0.0,0.0,0.0,0.0,47.0,0.0,,,,39.5328,-89.2804,
"Terre Haute, IN",2025-10-01,16.0,16.0,0.0,0.0,0.0,0.0,312.0,4.0,168874.0,1.8475312955221053,0.023686298660539812,39.466,-87.3751,
"Texarkana, TX",2025-10-01,15.0,6.0,6.0,3.0,0.0,9.0,201.0,115.0,145576.0,1.3807220970489642,0.7899653789086113,33.45,-94.0847,
"The Dalles, OR",2025-10-01,2.0,2.0,0.0,0.0,0.0,0.0,41.0,2.0,,,,45.6053,-121.1818,
"Thomaston, GA",2025-10-01,6.0,6.0,0.0,0.0,0.0,0.0,130.0,6.0,,,,32.8907,-84.3272,
"Thomasville, GA",2025-10-01,14.0,14.0,0.0,0.0,0.0,0.0,277.0,72.0,,,,30.8394,-83.9782,
"Tiffin, OH",2025-10-01,7.0,7.0,0.0,0.0,0.0,0.0,45.0,0.0,,,,41.1165,-83.1805,
"Tifton, GA",2025-10-01,13.0,8.0,0.0,0.0,5.0,5.0,189.0,66.0,,,,31.4624,-83.5203,
"Toccoa, GA",2025-10-01,5.0,5.0,0.0,0.0,0.0,0.0,34.0,0.0,,,,34.581,-83.3263,
"Toledo, OH",2025-10-01,36.0,36.0,0.0,0.0,0.0,0.0,537.0,39.0,601396.0,0.8929224670599738,0.06484911771943944,41.6638,-83.5827,
"Topeka, KS",2025-10-01,32.0,32.0,0.0,0.0,0.0,0.0,638.0,318.0,232648.0,2.7423403596850178,1.3668718407207456,39.0346,-95.6955,
"Torrington, CT",2025-10-01,8.0,8.0,0.0,0.0,0.0,0.0,112.0,6.0,,,,41.8349,-73.1282,
"Town of Pecos, TX",2025-10-01,2.0,2.0,0.0,0.0,0.0,0.0,23.0,0.0,,,,,,
"Traverse City, MI",2025-10-01,88.0,86.0,2.0,0.0,0.0,2.0,1040.0,271.0,156634.0,6.639682316738384,1.7301479883039441,44.7546,-85.6038,
"Trenton, NJ",2025-10-01,67.0,49.0,2.0,11.0,5.0,18.0,1626.0,475.0,392138.0,4.146499446623383,1.211308263927495,40.2237,-74.7641,
"Troy, AL",2025-10-01,1.0,1.0,0.0,0.0,0.0,0.0,24.0,0.0,,,,31.8021,-85.9664,
"Truckee, CA",2025-10-01,14.0,12.0,2.0,0.0,0.0,2.0,184.0,4.0,,,,39.3455,-120.1848,
"Tucson, AZ",2025-10-01,371.0,291.0,6.0,0.0,74.0,80.0,4295.0,680.0,1080149.0,3.976303269271184,0.6295427760429348,32.1541,-110.8787,
"Tullahoma, TN",2025-10-01,52.0,45.0,0.0,0.0,7.0,7.0,561.0,93.0,,,,35.3721,-86.2172,
"Tulsa, OK",2025-10-01,467.0,321.0,2.0,4.0,140.0,146.0,4853.0,1124.0,1059803.0,4.579152918042316,1.0605744652543916,36.1283,-95.9042,
"Tupelo, MS",2025-10-01,17.0,9.0,2.0,6.0,0.0,8.0,169.0,54.0,,,,34.2692,-88.7318,
"Tuscaloosa, AL",2025-10-01,52.0,41.0,2.0,4.0,5.0,11.0,604.0,118.0,281963.0,2.1421250305891197,0.41849462518131814,33.2348,-87.5268,
"Twin Falls, ID",2025-10-01,72.0,64.0,8.0,0.0,0.0,8.0,649.0,39.0,122565.0,5.29514951250357,0.3181985069146983,42.5645,-114.4613,
"Tyler, TX",2025-10-01,62.0,57.0,0.0,0.0,5.0,5.0,538.0,54.0,249091.0,2.1598532263309393,0.21678824204808686,32.3184,-95.3062,
"Ukiah, CA",2025-10-01,1.0,1.0,0.0,0.0,0.0,0.0,10.0,0.0,,,,39.1464,-123.2105,
"Union City, TN",2025-10-01,1.0,1.0,0.0,0.0,0.0,0.0,27.0,0.0,,,,36.4267,-89.0474,
"Urban Honolulu, HI",2025-10-01,165.0,52.0,12.0,0.0,101.0,113.0,1429.0,809.0,998747.0,1.430792783357547,0.8100149487307596,,,
"Urbana, OH",2025-10-01,7.0,7.0,0.0,0.0,0.0,0.0,37.0,0.0,,,,40.1085,-83.7541,
"Utica, NY",2025-10-01,31.0,21.0,0.0,0.0,10.0,10.0,275.0,79.0,287932.0,0.9550866176736174,0.27437033744078465,43.0962,-75.2261,
"Uvalde, TX",2025-10-01,1.0,1.0,0.0,0.0,0.0,0.0,10.0,0.0,,,,29.2152,-99.7782,
"Valdosta, GA",2025-10-01,69.0,67.0,2.0,0.0,0.0,2.0,899.0,9.0,152588.0,5.891682176842216,0.058982357721445985,30.8502,-83.2788,
"Vallejo, CA",2025-10-01,72.0,69.0,0.0,3.0,0.0,3.0,853.0,166.0,455101.0,1.8743092192722055,0.3647541974199134,38.1125,-122.2342,
"Van Wert, OH",2025-10-01,2.0,2.0,0.0,0.0,0.0,0.0,32.0,0.0,,,,40.8651,-84.5879,
"Vermillion, SD",2025-10-01,1.0,1.0,0.0,0.0,0.0,0.0,30.0,15.0,,,,42.7811,-96.9256,
"Vernal, UT",2025-10-01,4.0,4.0,0.0,0.0,0.0,0.0,162.0,68.0,,,,40.4517,-109.5378,
"Vernon, TX",2025-10-01,0.0,0.0,0.0,0.0,0.0,0.0,4.0,0.0,,,,34.1479,-99.3,
"Vicksburg, MS",2025-10-01,1.0,1.0,0.0,0.0,0.0,0.0,7.0,0.0,,,,32.3173,-90.8868,
"Victoria, TX",2025-10-01,2.0,2.0,0.0,0.0,0.0,0.0,192.0,143.0,99170.0,1.9360693758193002,1.4419683371987497,28.8287,-96.9849,
"Vidalia, GA",2025-10-01,7.0,5.0,2.0,0.0,0.0,2.0,57.0,24.0,,,,32.2125,-82.4019,
"Vincennes, IN",2025-10-01,8.0,8.0,0.0,0.0,0.0,0.0,43.0,0.0,,,,38.6759,-87.5102,
"Vineland, NJ",2025-10-01,19.0,12.0,2.0,0.0,5.0,7.0,201.0,41.0,155678.0,1.2911265560965581,0.26336412338288007,39.4653,-74.9981,
"Vineyard Haven, MA",2025-10-01,15.0,12.0,0.0,3.0,0.0,3.0,89.0,7.0,,,,41.4572,-70.607,
"Virginia Beach, VA",2025-10-01,258.0,226.0,0.0,0.0,32.0,32.0,4576.0,1323.0,1794278.0,2.5503294361297413,0.7373439344404824,36.7335,-76.0435,Southeast
"Visalia, CA",2025-10-01,201.0,77.0,4.0,0.0,120.0,124.0,1691.0,185.0,483546.0,3.497081973586794,0.3825902809660301,36.3276,-119.3269,
"Wabash, IN",2025-10-01,21.0,21.0,0.0,0.0,0.0,0.0,83.0,0.0,,,,40.8034,-85.8301,
"Waco, TX",2025-10-01,61.0,46.0,10.0,0.0,5.0,15.0,1481.0,673.0,307123.0,4.822172224157748,2.191304461079112,31.5599,-97.1882,
"Wahpeton, ND",2025-10-01,3.0,3.0,0.0,0.0,0.0,0.0,37.0,0.0,,,,46.2722,-96.6118,
"Walla Walla, WA",2025-10-01,29.0,29.0,0.0,0.0,0.0,0.0,165.0,26.0,62068.0,2.6583746858284463,0.41889540503963396,46.0671,-118.3368,
"Wapakoneta, OH",2025-10-01,12.0,8.0,4.0,0.0,0.0,4.0,122.0,9.0,,,,40.5664,-84.1916,
"Warner Robins, GA",2025-10-01,227.0,114.0,0.0,0.0,113.0,113.0,1462.0,209.0,204110.0,7.162804370192544,1.0239576698838861,32.5961,-83.6527,
"Warren, PA",2025-10-01,7.0,2.0,0.0,0.0,5.0,5.0,58.0,30.0,,,,41.8434,-79.1444,
"Warrensburg, MO",2025-10-01,6.0,4.0,2.0,0.0,0.0,2.0,116.0,80.0,,,,38.7627,-93.726,
"Warsaw, IN",2025-10-01,46.0,34.0,0.0,0.0,12.0,12.0,301.0,16.0,,,,41.2448,-85.8465,
"Washington Court House, OH",2025-10-01,13.0,13.0,0.0,0.0,0.0,0.0,82.0,2.0,,,,39.5381,-83.4281,
"Washington, DC",2025-10-01,1064.0,600.0,2.0,0.0,462.0,464.0,17763.0,7215.0,6436489.0,2.759734383139628,1.1209527430249628,38.9047,-77.0163,Northeast
"Washington, IN",2025-10-01,2.0,2.0,0.0,0.0,0.0,0.0,112.0,77.0,,,,38.6586,-87.1591,
"Washington, NC",2025-10-01,9.0,9.0,0.0,0.0,0.0,0.0,130.0,0.0,,,,35.5586,-77.0545,
"Waterbury, CT",2025-10-01,36.0,33.0,0.0,3.0,0.0,3.0,622.0,342.0,462220.0,1.3456795465362816,0.7399074034009779,41.5582,-73.0361,
"Waterloo, IA",2025-10-01,34.0,24.0,6.0,4.0,0.0,10.0,429.0,216.0,170081.0,2.522327596850912,1.2699831256871725,42.4918,-92.3522,
"Watertown, NY",2025-10-01,15.0,15.0,0.0,0.0,0.0,0.0,199.0,0.0,113140.0,1.7588828000707089,0.0,43.9734,-75.9094,
"Watertown, SD",2025-10-01,13.0,13.0,0.0,0.0,0.0,0.0,172.0,78.0,,,,44.9094,-97.1532,
"Watertown, WI",2025-10-01,19.0,15.0,4.0,0.0,0.0,4.0,375.0,199.0,,,,43.1893,-88.7285,
"Wausau, WI",2025-10-01,43.0,30.0,0.0,0.0,13.0,13.0,427.0,163.0,139091.0,3.069932634030958,1.1718946588923798,44.962,-89.6459,
"Waycross, GA",2025-10-01,9.0,7.0,2.0,0.0,0.0,2.0,116.0,8.0,,,,31.2108,-82.3579,
"Waynesville, NC",2025-10-01,28.0,26.0,2.0,0.0,0.0,2.0,322.0,14.0,,,,35.4854,-82.9996,
"Weatherford, OK",2025-10-01,1.0,1.0,0.0,0.0,0.0,0.0,29.0,9.0,,,,35.538,-98.6853,
"Weirton, WV",2025-10-01,3.0,3.0,0.0,0.0,0.0,0.0,18.0,0.0,113239.0,0.15895583677001737,0.0,40.406,-80.5671,
"Wenatchee, WA",2025-10-01,54.0,54.0,0.0,0.0,0.0,0.0,1113.0,552.0,127023.0,8.762192673767743,4.345669681868638,47.436,-120.3295,
"West Plains, MO",2025-10-01,1.0,1.0,0.0,0.0,0.0,0.0,42.0,17.0,,,,36.7377,-91.868,
"Wheeling, WV",2025-10-01,0.0,0.0,0.0,0.0,0.0,0.0,10.0,2.0,135136.0,0.07399952640303102,0.014799905280606204,40.0752,-80.6951,
"Whitewater, WI",2025-10-01,23.0,23.0,0.0,0.0,0.0,0.0,594.0,222.0,,,,42.8372,-88.7341,
"Wichita Falls, TX",2025-10-01,13.0,13.0,0.0,0.0,0.0,0.0,219.0,38.0,149869.0,1.4612761811982464,0.253554771166819,33.9072,-98.5291,
"Wichita, KS",2025-10-01,259.0,149.0,104.0,6.0,0.0,110.0,2854.0,1409.0,661217.0,4.316283459136713,2.1309191989921614,37.6895,-97.3443,
"Wildwood, FL",2025-10-01,331.0,285.0,20.0,0.0,26.0,46.0,3513.0,342.0,154693.0,22.709495581571243,2.210830483603007,28.7752,-82.0075,
"Williamsport, PA",2025-10-01,5.0,5.0,0.0,0.0,0.0,0.0,68.0,2.0,113236.0,0.6005157370447561,0.017662227560139885,41.2399,-77.037,
"Williston, ND",2025-10-01,18.0,18.0,0.0,0.0,0.0,0.0,135.0,0.0,,,,48.1814,-103.6364,
"Willmar, MN",2025-10-01,9.0,9.0,0.0,0.0,0.0,0.0,75.0,20.0,,,,45.1216,-95.0569,
"Wilmington, NC",2025-10-01,609.0,496.0,2.0,3.0,108.0,113.0,8078.0,1568.0,480522.0,16.81088482941468,3.2631180258135943,34.2099,-77.8866,
"Wilmington, OH",2025-10-01,5.0,5.0,0.0,0.0,0.0,0.0,84.0,0.0,,,,39.4362,-83.8141,
"Wilson, NC",2025-10-01,17.0,13.0,4.0,0.0,0.0,4.0,486.0,126.0,,,,35.7311,-77.9284,
"Winchester, TN",2025-10-01,23.0,23.0,0.0,0.0,0.0,0.0,362.0,11.0,,,,35.1898,-86.1075,
"Winchester, VA",2025-10-01,87.0,87.0,0.0,0.0,0.0,0.0,900.0,4.0,149702.0,6.011943728206703,0.026719749903140907,39.1735,-78.1746,
"Winnemucca, NV",2025-10-01,4.0,4.0,0.0,0.0,0.0,0.0,29.0,4.0,,,,40.9645,-117.7247,
"Winona, MN",2025-10-01,16.0,2.0,0.0,0.0,14.0,14.0,42.0,19.0,,,,44.0505,-91.6684,
"Winston, NC",2025-10-01,374.0,361.0,0.0,0.0,13.0,13.0,4523.0,239.0,705187.0,6.41390156086258,0.33891719501352124,,,
"Wisconsin Rapids, WI",2025-10-01,14.0,12.0,2.0,0.0,0.0,2.0,156.0,24.0,,,,44.3927,-89.8265,
"Woodward, OK",2025-10-01,0.0,0.0,0.0,0.0,0.0,0.0,2.0,0.0,,,,36.4247,-99.4058,
"Wooster, OH",2025-10-01,24.0,24.0,0.0,0.0,0.0,0.0,229.0,6.0,,,,40.8172,-81.9336,
"Worcester, MA",2025-10-01,151.0,75.0,6.0,11.0,59.0,76.0,1897.0,1087.0,881248.0,2.1526289988743237,1.2334779766876067,42.2705,-71.8079,
"Worthington, MN",2025-10-01,6.0,2.0,4.0,0.0,0.0,4.0,100.0,82.0,,,,43.6281,-95.599,
"Yakima, WA",2025-10-01,70.0,54.0,2.0,9.0,5.0,16.0,681.0,120.0,258523.0,2.6341950232667886,0.4641753344963504,46.5923,-120.5496,
"Yankton, SD",2025-10-01,1.0,1.0,0.0,0.0,0.0,0.0,88.0,53.0,,,,42.8901,-97.3927,
"York, PA",2025-10-01,95.0,95.0,0.0,0.0,0.0,0.0,1578.0,534.0,471240.0,3.348612172141584,1.1331805449452508,39.9651,-76.7315,
"Youngstown, OH",2025-10-01,26.0,26.0,0.0,0.0,0.0,0.0,290.0,10.0,426086.0,0.6806137728064288,0.023469440441600993,41.0993,-80.6463,
"Yuba City, CA",2025-10-01,50.0,50.0,0.0,0.0,0.0,0.0,602.0,23.0,186014.0,3.236315546141688,0.12364660724461599,39.1357,-121.6383,
"Yuma, AZ",2025-10-01,84.0,84.0,0.0,0.0,0.0,0.0,1067.0,281.0,220310.0,4.843175525396033,1.275475466388271,32.5995,-114.5491,
"Zanesville, OH",2025-10-01,11.0,4.0,2.0,0.0,5.0,7.0,150.0,117.0,,,,39.9565,-82.0132,
