name,date,affordability_index,lat,lng,one_year_change,one_year_date,population
"Abilene, TX",2026-08-01,0.3578102514586102,32.4543,-99.7384,0.09015745470333425,2025-08-01,184278.0
"Akron, OH",2026-08-01,0.2046141492824559,41.0798,-81.5219,0.004963863408339597,2025-08-01,702209.0
"Albany, GA",2026-08-01,0.2193312420432596,31.5776,-84.1762,-0.0042837785511253,2025-08-01,145451.0
"Albany, NY",2026-08-01,0.2192394873915925,42.6664,-73.7987,0.003101037551190483,2025-08-01,913485.0
"Albany, OR",2026-08-01,0.2235894414383994,44.6272,-123.0965,-0.00427404575345991,2025-08-01,132474.0
"Albuquerque, NM",2026-08-01,0.2195624388376486,35.1054,-106.6465,-0.003814155881123521,2025-08-01,926303.0
"Alexandria, LA",2026-08-01,0.2166936077471933,31.2923,-92.4702,-0.004902459604635201,2025-08-01,148008.0
"Allentown, PA",2026-08-01,0.2487385568806071,40.5961,-75.4756,0.00012688848724448643,2025-08-01,886418.0
"Altoona, PA",2026-08-01,0.1749937022590747,40.5082,-78.4007,0.007492450975093906,2025-08-01,120269.0
"Amarillo, TX",2026-08-01,0.2085636807390636,35.1984,-101.8316,0.005240757641283678,2025-08-01,274650.0
"Ames, IA",2026-08-01,0.1709072248552088,42.0256,-93.6217,-0.0005258287528273065,2025-08-01,129227.0
"Anchorage, AK",2026-08-01,0.196108379475663,61.1508,-149.1091,0.0024798678427215004,2025-08-01,407213.0
"Ann Arbor, MI",2026-08-01,0.2473176179569615,42.2759,-83.731,-0.0036525822197209235,2025-08-01,373875.0
"Anniston, AL",2026-08-01,0.2115814062299231,33.6712,-85.8135,0.0011497972563033199,2025-08-01,116427.0
"Appleton, WI",2026-08-01,0.1701884479142057,44.278,-88.3892,0.0023033710665320006,2025-08-01,248992.0
"Asheville, NC",2026-08-01,0.2432033518139911,35.5707,-82.5537,-0.005730672726425884,2025-08-01,422333.0
"Athens, GA",2026-08-01,0.2825022255092126,33.9508,-83.3689,-0.0008189677265881823,2025-08-01,223689.0
"Atlanta, GA",2026-08-01,0.2247528415328443,33.7628,-84.422,-0.002302404102939304,2025-08-01,6411149.0
"Atlantic City, NJ",2026-08-01,0.2932335702742979,39.3797,-74.4527,0.010309348740696833,2025-08-01,372989.0
"Auburn, AL",2026-08-01,0.2659200236777951,32.6087,-85.4903,0.004615114981354307,2025-08-01,206006.0
"Augusta, GA",2026-08-01,0.2349884498200597,33.3645,-82.0708,-0.0015975370288457968,2025-08-01,636760.0
"Austin, TX",2026-08-01,0.1867117141394619,30.3005,-97.7522,-0.0075033271116916045,2025-08-01,2550637.0
"Bakersfield, CA",2026-08-01,0.2825000103347049,35.3529,-119.0359,-0.003288444193632889,2025-08-01,922529.0
"Baltimore, MD",2026-08-01,0.2213656515211484,39.3051,-76.6144,-0.0009005273448257078,2025-08-01,2859024.0
"Bangor, ME",2026-08-01,0.2643005852124902,44.8323,-68.7906,0.0019111323689744997,2025-08-01,156840.0
"Barnstable Town, MA",2026-08-01,0.3588691386057204,,,0.0023401585524222,2025-08-01,232570.0
"Baton Rouge, LA",2026-08-01,0.228718217038155,30.442,-91.1311,0.00015047331306872191,2025-08-01,882652.0
"Battle Creek, MI",2026-08-01,0.1917922386871951,42.2985,-85.2296,0.005231862135635618,2025-08-01,133785.0
"Bay City, MI",2026-08-01,0.1912942864168763,43.5902,-83.8887,-0.003370207774981898,2025-08-01,102651.0
"Beaumont, TX",2026-08-01,0.2213172493931888,30.0849,-94.1451,-0.00023265988534848514,2025-08-01,398733.0
"Beckley, WV",2026-08-01,0.2292911141724227,37.7877,-81.1841,-0.010616077818751402,2025-08-01,110979.0
"Bellingham, WA",2026-08-01,0.2552183594077225,48.7548,-122.469,-0.0046297153798498525,2025-08-01,234954.0
"Bend, OR",2026-08-01,0.2577982993002697,44.0563,-121.3095,0.0007255639950836112,2025-08-01,264407.0
"Billings, MT",2026-08-01,0.2065447150372454,45.7891,-108.5526,0.000889153057089892,2025-08-01,192531.0
"Binghamton, NY",2026-08-01,0.2291983556958234,42.1014,-75.9093,0.0033389304048916935,2025-08-01,243971.0
"Birmingham, AL",2026-08-01,0.2161382005403135,33.5279,-86.7971,-0.0035023949498849127,2025-08-01,1192583.0
"Bismarck, ND",2026-08-01,0.1733838255725156,46.8143,-100.7694,0.0014295289545491197,2025-08-01,139183.0
"Blacksburg, VA",2026-08-01,0.2808635248509513,37.23,-80.4279,0.00970027480210156,2025-08-01,182041.0
"Bloomington, IL",2026-08-01,0.1812370150736407,40.4757,-88.9703,0.000915129253058311,2025-08-01,172069.0
"Bloomington, IN",2026-08-01,0.2429720882195147,39.1637,-86.5257,-0.00023040218054751205,2025-08-01,162553.0
"Bloomsburg, PA",2026-08-01,0.2019981649005195,41.0027,-76.4561,0.011582560812767706,2025-08-01,
"Boise City, ID",2026-08-01,0.2389596344031632,,,0.005556103521216799,2025-08-01,845877.0
"Boston, MA",2026-08-01,0.2990276900814302,42.3188,-71.0852,-0.0011030787449344825,2025-08-01,5025517.0
"Boulder, CO",2026-08-01,0.2453508760102943,40.0248,-105.2524,-0.005382181510003331,2025-08-01,330262.0
"Bowling Green, KY",2026-08-01,0.2114310341063762,36.9716,-86.4378,-0.0017330971236813875,2025-08-01,195159.0
"Bozeman, MT",2026-08-01,0.2293713323736497,45.6833,-111.0558,-0.0030672609379864824,2025-08-01,126984.0
"Bremerton, WA",2026-08-01,0.209727788909853,47.5436,-122.7121,0.00019538414783829006,2025-08-01,281420.0
"Bridgeport, CT",2026-08-01,0.2792175133031308,41.1918,-73.1954,-0.00040550591273386116,2025-08-01,972679.0
"Brownsville, TX",2026-08-01,0.3059509862003484,25.9975,-97.458,0.0016328438971006665,2025-08-01,431874.0
"Brunswick, GA",2026-08-01,0.2627462208196843,31.1449,-81.4746,-0.003664692221616195,2025-08-01,117135.0
"Buffalo, NY",2026-08-01,0.2255390963610722,42.9018,-78.8487,0.0004755071442194836,2025-08-01,1160172.0
"Burlington, NC",2026-08-01,0.224582732176711,36.076,-79.4685,-0.00178237298715192,2025-08-01,183040.0
"Burlington, VT",2026-08-01,0.2707000393518924,44.4876,-73.2316,-0.00518994691538599,2025-08-01,229445.0
"California, MD",2026-08-01,0.2123396181115748,38.2969,-76.4949,-0.006387376577730197,2025-08-01,
"Canton, OH",2026-08-01,0.1822443317034084,40.8078,-81.3676,0.003657928927301407,2025-08-01,400551.0
"Cape Coral, FL",2026-08-01,0.2443257592112904,26.6443,-81.9957,-0.012038811348384582,2025-08-01,860959.0
"Cape Girardeau, MO",2026-08-01,0.1663571630099536,37.3109,-89.5597,3.375715140960245e-05,2025-08-01,98862.0
"Carbondale, IL",2026-08-01,0.1760760359047848,37.7221,-89.2237,0.0013634453118059053,2025-08-01,
"Carson City, NV",2026-08-01,0.3415256970726349,39.1511,-119.7476,0.005396641013308223,2025-08-01,58148.0
"Casper, WY",2026-08-01,0.2227780868540335,42.842,-106.3208,-0.00540998220342831,2025-08-01,80410.0
"Cedar Rapids, IA",2026-08-01,0.191035479601429,41.9662,-91.6783,0.017642833925462287,2025-08-01,278677.0
"Chambersburg, PA",2026-08-01,0.2062403487904316,39.9315,-77.6556,-0.0003656446491286103,2025-08-01,159285.0
"Champaign, IL",2026-08-01,0.2322840870041451,40.1142,-88.2737,0.00431410461574,2025-08-01,242453.0
"Charleston, SC",2026-08-01,0.2541696971425347,32.8168,-79.9687,0.0015902018975825771,2025-08-01,869940.0
"Charleston, WV",2026-08-01,0.226209516364547,38.3484,-81.6322,0.002449090867383208,2025-08-01,202091.0
"Charlotte, NC",2026-08-01,0.2274373705874019,35.2083,-80.8303,-0.005484236951044608,2025-08-01,2883370.0
"Charlottesville, VA",2026-08-01,0.2356320297600326,38.0375,-78.4855,-0.0052945855494076766,2025-08-01,227336.0
"Chattanooga, TN",2026-08-01,0.2292455499029051,35.066,-85.2481,-0.004197333777612389,2025-08-01,588050.0
"Cheyenne, WY",2026-08-01,0.2022740782261806,41.135,-104.7902,0.0023813235650257947,2025-08-01,101783.0
"Chicago, IL",2026-08-01,0.2792917388001157,41.8375,-87.6866,0.005482559616393823,2025-08-01,9408576.0
"Chico, CA",2026-08-01,0.2640540584277773,39.7578,-121.8161,-0.0015923577448895831,2025-08-01,208334.0
"Cincinnati, OH",2026-08-01,0.213893295238909,39.1413,-84.506,-0.0007548079372242111,2025-08-01,2302815.0
"Clarksville, TN",2026-08-01,0.210722501707398,36.5692,-87.3413,-0.0026471698194378834,2025-08-01,345955.0
"Cleveland, OH",2026-08-01,0.2360549594186302,41.4764,-81.6805,0.002996132895259407,2025-08-01,2171877.0
"Cleveland, TN",2026-08-01,0.218219919921773,35.1817,-84.8707,-0.0036390309234073104,2025-08-01,132120.0
"Coeur d'Alene, ID",2026-08-01,0.2430782373015307,47.704,-116.7936,-0.00011738218022441793,2025-08-01,188323.0
"College Station, TX",2026-08-01,0.2598827150791838,30.5852,-96.2959,-0.0047341809208646946,2025-08-01,287462.0
"Colorado Springs, CO",2026-08-01,0.2214263222173362,38.8674,-104.7605,-0.0034668480284840986,2025-08-01,777634.0
"Columbia, MO",2026-08-01,0.1948176876988335,38.9472,-92.3268,0.0017879544260929192,2025-08-01,219426.0
"Columbia, SC",2026-08-01,0.2469835896000813,34.0378,-80.9036,-0.0030439664019053236,2025-08-01,870193.0
"Columbus, GA",2026-08-01,0.2461304398982755,32.51,-84.8771,0.002743184079352784,2025-08-01,324343.0
"Columbus, IN",2026-08-01,0.1942660697322971,39.2093,-85.9183,-0.0027563312384785155,2025-08-01,84741.0
"Columbus, OH",2026-08-01,0.2042378383324401,39.9862,-82.9855,-0.002010972465589289,2025-08-01,2225377.0
"Corpus Christi, TX",2026-08-01,0.2324407676635962,27.7254,-97.3767,0.000589464338929202,2025-08-01,450187.0
"Corvallis, OR",2026-08-01,0.2473233100322223,44.5698,-123.2779,-0.0015076188277391989,2025-08-01,98899.0
"Crestview, FL",2026-08-01,0.2748975127882394,30.7477,-86.5785,-0.0026328667480343126,2025-08-01,310149.0
"Cumberland, MD",2026-08-01,0.1906296524522425,39.6515,-78.7584,-0.0007493080952521991,2025-08-01,
"Dallas, TX",2026-08-01,0.2004321822787425,32.7935,-96.7667,-0.005712137441798021,2025-08-01,8344032.0
"Dalton, GA",2026-08-01,0.2533891640905522,34.769,-84.972,0.002633639917797581,2025-08-01,146386.0
"Danville, IL",2026-08-01,0.2089915961341343,40.1426,-87.6111,-0.0003336004095283174,2025-08-01,
"Daphne, AL",2026-08-01,0.2229176233143701,30.6263,-87.8816,0.0006801838206560995,2025-08-01,261608.0
"Davenport, IA",2026-08-01,0.1548039455997751,41.5565,-90.6053,0.0026383785555967876,2025-08-01,381801.0
"Dayton, OH",2026-08-01,0.20944158828648,39.7805,-84.2003,-0.0010305338367421202,2025-08-01,821740.0
"Decatur, AL",2026-08-01,0.1844683022505936,34.5731,-86.9905,-0.0031332971862624015,2025-08-01,159651.0
"Decatur, IL",2026-08-01,0.1865218996861168,39.8557,-88.9342,-0.002334774242744808,2025-08-01,100737.0
"Deltona, FL",2026-08-01,0.2696752599473254,28.905,-81.2137,-0.006055378086384788,2025-08-01,739516.0
"Denver, CO",2026-08-01,0.2003620931035207,39.762,-104.8758,-0.00829462289155608,2025-08-01,3052498.0
"Des Moines, IA",2026-08-01,0.1722193342330043,41.5725,-93.6105,-0.0014996542264713864,2025-08-01,753913.0
"Detroit, MI",2026-08-01,0.2248545922154834,42.3834,-83.1024,0.0012011490419198134,2025-08-01,4400578.0
"Dothan, AL",2026-08-01,0.2375352315733313,31.2336,-85.407,-0.004577119553881098,2025-08-01,154766.0
"Dover, DE",2026-08-01,0.237291911539279,39.161,-75.5202,-0.0027606068416149987,2025-08-01,192690.0
"Dubuque, IA",2026-08-01,0.1487447243055775,42.5002,-90.707,0.0008057263309280138,2025-08-01,99242.0
"Duluth, MN",2026-08-01,0.2186129685375439,46.7756,-92.1393,0.00013109617735329593,2025-08-01,281815.0
"Durham, NC",2026-08-01,0.2246572929615879,35.9792,-78.9022,-0.0049358518602687085,2025-08-01,620522.0
"Eagle Pass, TX",2026-08-01,0.251050286538152,28.7125,-100.484,,2025-08-01,58829.0
"East Stroudsburg, PA",2026-08-01,0.3083296864494837,41.0023,-75.1779,0.01184237988129283,2025-08-01,
"Eau Claire, WI",2026-08-01,0.1756346428309501,44.8197,-91.4948,-0.0033168583370135063,2025-08-01,176153.0
"El Centro, CA",2026-08-01,0.3104438935894215,32.7865,-115.5595,0.015788543080503592,2025-08-01,181724.0
"El Paso, TX",2026-08-01,0.2871331641315005,31.8476,-106.43,-0.0016229922114737172,2025-08-01,879392.0
"Elizabethtown, KY",2026-08-01,0.2037512429995256,37.7031,-85.8773,-0.006631703767888603,2025-08-01,127954.0
"Elkhart, IN",2026-08-01,0.1830444358520555,41.6916,-85.9627,0.00791020964883929,2025-08-01,207436.0
"Elmira, NY",2026-08-01,0.1873391728086116,42.0938,-76.8097,0.0016819982456048044,2025-08-01,81115.0
"Enid, OK",2026-08-01,0.2072689051400911,36.4063,-97.87,-0.00034449478755457785,2025-08-01,62007.0
"Erie, PA",2026-08-01,0.197387731296672,42.1167,-80.0733,-0.0005288849145538843,2025-08-01,267750.0
"Eugene, OR",2026-08-01,0.2659869377353662,44.0564,-123.1174,-0.0005497238845770247,2025-08-01,382396.0
"Evansville, IN",2026-08-01,0.1893335978677368,37.9881,-87.5341,0.00391050117561989,2025-08-01,271793.0
"Fairbanks, AK",2026-08-01,0.2211120994019625,64.8353,-147.6533,0.003529253087515588,2025-08-01,94951.0
"Fargo, ND",2026-08-01,0.1611759953145479,46.8651,-96.8292,1.059173573730865e-05,2025-08-01,267793.0
"Farmington, NM",2026-08-01,0.2029285039105707,36.7555,-108.1823,0.006298848410522501,2025-08-01,120817.0
"Fayetteville, AR",2026-08-01,0.2179281984221836,36.0714,-94.1661,-0.0025990640119281927,2025-08-01,605615.0
"Fayetteville, NC",2026-08-01,0.2703096449306377,35.085,-78.9772,-0.0014084857678597906,2025-08-01,393812.0
"Flagstaff, AZ",2026-08-01,0.3273351786443867,35.1872,-111.6194,-0.008358326242370095,2025-08-01,145161.0
"Flint, MI",2026-08-01,0.1859100116933631,43.0236,-83.6921,0.005002836995210008,2025-08-01,402279.0
"Florence, AL",2026-08-01,0.1896695736045384,34.8303,-87.6655,-0.0025580310166742892,2025-08-01,156287.0
"Florence, SC",2026-08-01,0.2740426378449944,34.178,-79.7898,-0.002421434922875887,2025-08-01,200474.0
"Fond du Lac, WI",2026-08-01,0.1770575153429093,43.7718,-88.4397,0.00834292258772762,2025-08-01,104269.0
"Fort Collins, CO",2026-08-01,0.2360182443595967,40.5477,-105.0656,-0.004624938942346307,2025-08-01,374574.0
"Fort Smith, AR",2026-08-01,0.1948385875885577,35.3495,-94.3695,0.0016170367302495992,2025-08-01,232848.0
"Fort Wayne, IN",2026-08-01,0.2050562948695586,41.0888,-85.1436,0.006235350935941492,2025-08-01,462978.0
"Fresno, CA",2026-08-01,0.3080654735117469,36.783,-119.7939,0.0020506764003517253,2025-08-01,1189557.0
"Gadsden, AL",2026-08-01,0.1953301954320962,34.0086,-86.0157,-0.004368259081251685,2025-08-01,103207.0
"Gainesville, FL",2026-08-01,0.300577038974716,29.6804,-82.3459,-0.004325634474399598,2025-08-01,359780.0
"Gainesville, GA",2026-08-01,0.2106538754023484,34.2902,-83.8294,-0.004663580865391509,2025-08-01,221745.0
"Gettysburg, PA",2026-08-01,0.1620434609484416,39.8304,-77.2339,-0.0037930609945164007,2025-08-01,107914.0
"Glens Falls, NY",2026-08-01,0.2334832450922908,43.3109,-73.6458,0.009902803748643385,2025-08-01,125127.0
"Goldsboro, NC",2026-08-01,0.2775004278829406,35.3778,-77.9717,0.003438087641034593,2025-08-01,120338.0
"Grand Forks, ND",2026-08-01,0.1876715618183665,47.9214,-97.0884,0.006083256636074702,2025-08-01,104184.0
"Grand Island, NE",2026-08-01,0.2125492458255341,40.9218,-98.3586,-0.002812334569732289,2025-08-01,77278.0
"Grand Junction, CO",2026-08-01,0.2539639629040301,39.0877,-108.5673,-0.0009605534211830635,2025-08-01,161260.0
"Grand Rapids, MI",2026-08-01,0.2251031350098699,42.9619,-85.6562,6.361639839880251e-05,2025-08-01,1178826.0
"Grants Pass, OR",2026-08-01,0.3070981807825381,42.4333,-123.3317,-0.006920384903264021,2025-08-01,88276.0
"Great Falls, MT",2026-08-01,0.2521762248786279,47.5022,-111.2996,0.003809182286908297,2025-08-01,84523.0
"Greeley, CO",2026-08-01,0.1894892616764422,40.4152,-104.7706,-0.005695283271186097,2025-08-01,369745.0
"Green Bay, WI",2026-08-01,0.1586977412671824,44.5148,-87.9895,-0.0013670608089763059,2025-08-01,334697.0
"Greensboro, NC",2026-08-01,0.2369393527589359,36.0956,-79.8271,-0.002387407727257984,2025-08-01,800722.0
"Greenville, NC",2026-08-01,0.2864598541670468,35.5943,-77.376,0.0019333389018479918,2025-08-01,180783.0
"Greenville, SC",2026-08-01,0.2297861482786905,34.8354,-82.3646,-0.0014486330436679906,2025-08-01,996680.0
"Gulfport, MS",2026-08-01,0.2455625471773835,30.4274,-89.0704,0.00033451782320589873,2025-08-01,426793.0
"Hagerstown, MD",2026-08-01,0.2222993989912215,39.6401,-77.7217,-0.0006602477165884857,2025-08-01,311295.0
"Hammond, LA",2026-08-01,0.2781629962204089,30.5061,-90.4563,0.00040082983909212055,2025-08-01,139823.0
"Hanford, CA",2026-08-01,0.2988624701359557,36.3274,-119.6549,-0.003110305549563097,2025-08-01,154913.0
"Harrisburg, PA",2026-08-01,0.2041987404383321,40.2752,-76.8843,0.0006236912461033972,2025-08-01,615361.0
"Harrisonburg, VA",2026-08-01,0.2631052716237506,38.4362,-78.8735,0.006637513147996599,2025-08-01,138838.0
"Hartford, CT",2026-08-01,0.2406707534283375,41.7661,-72.6834,-0.0009785635313772079,2025-08-01,1169048.0
"Hattiesburg, MS",2026-08-01,0.2438404690335174,31.3074,-89.317,0.00036856336906559983,2025-08-01,156575.0
"Helena, MT",2026-08-01,0.1834624984884389,46.5965,-112.0202,-0.0013932186470833885,2025-08-01,96735.0
"Hickory, NC",2026-08-01,0.2781878134007896,35.741,-81.3223,0.0008634036775764797,2025-08-01,373031.0
"Hilton Head Island, SC",2026-08-01,0.249047500570587,32.1896,-80.7499,-0.008831800847731386,2025-08-01,237393.0
"Hinesville, GA",2026-08-01,0.2924478844362272,31.8248,-81.6137,0.005162363265907799,2025-08-01,89046.0
"Homosassa Springs, FL",2026-08-01,0.3245473130551401,28.8119,-82.5392,-0.0052084107703992966,2025-08-01,170174.0
"Hot Springs, AR",2026-08-01,0.2355347974271627,34.4892,-93.0501,0.0017293873239516144,2025-08-01,99902.0
"Houma, LA",2026-08-01,0.2352733006856509,29.58,-90.7059,0.001263412199941194,2025-08-01,199206.0
"Houston, TX",2026-08-01,0.2277908674356178,29.786,-95.3885,-0.0069587961308608115,2025-08-01,7796182.0
"Huntington, WV",2026-08-01,0.200501001378926,38.4109,-82.4345,0.0038096085346733255,2025-08-01,366920.0
"Huntsville, AL",2026-08-01,0.1788553760879971,34.6981,-86.6412,-0.0011179923060627983,2025-08-01,542297.0
"Idaho Falls, ID",2026-08-01,0.1838137260722992,43.4871,-112.0362,-0.001718936390089687,2025-08-01,171233.0
"Indianapolis, IN",2026-08-01,0.221932800760274,39.7771,-86.1458,-0.0009012974163093157,2025-08-01,2174833.0
"Iowa City, IA",2026-08-01,0.2041027635679556,41.6559,-91.5303,0.008863427750942704,2025-08-01,182711.0
"Ithaca, NY",2026-08-01,0.294860813105439,42.4442,-76.5032,0.004981263092784294,2025-08-01,105602.0
"Jackson, MI",2026-08-01,0.186583985934462,42.2431,-84.4038,0.0072576285459506895,2025-08-01,160233.0
"Jackson, MS",2026-08-01,0.2560940356700634,32.3157,-90.2125,0.0027698775468170678,2025-08-01,606178.0
"Jackson, TN",2026-08-01,0.2543649781611857,35.6538,-88.8354,0.0021236416545376002,2025-08-01,183680.0
"Jacksonville, FL",2026-08-01,0.2345483985156783,30.3322,-81.6749,-0.003968756803772205,2025-08-01,1760548.0
"Jacksonville, NC",2026-08-01,0.2394807038570308,34.7289,-77.3941,0.0029214731724860887,2025-08-01,212954.0
"Janesville, WI",2026-08-01,0.1993832765702676,42.6854,-89.0135,0.006623290552396799,2025-08-01,165461.0
"Jefferson City, MO",2026-08-01,0.1695303052098031,38.5676,-92.1759,0.005778421376296999,2025-08-01,151523.0
"Johnson City, TN",2026-08-01,0.2902463206322179,36.3406,-82.3806,-0.0036301351106662327,2025-08-01,214948.0
"Johnstown, PA",2026-08-01,0.1561484669528277,40.326,-78.9194,0.0035335621155545838,2025-08-01,130108.0
"Jonesboro, AR",2026-08-01,0.2845824750147465,35.8212,-90.6791,0.0012773634148084967,2025-08-01,138152.0
"Joplin, MO",2026-08-01,0.2297744064826519,37.0757,-94.5018,0.003750250692618917,2025-08-01,207131.0
"Kahului, HI",2026-08-01,0.3695049255879417,20.8715,-156.4603,-0.001021967931643608,2025-08-01,163769.0
"Kalamazoo, MI",2026-08-01,0.2007258006634481,42.2749,-85.5882,0.00303351574679922,2025-08-01,264780.0
"Kankakee, IL",2026-08-01,0.2044448630889638,41.102,-87.8643,0.004259752929921312,2025-08-01,106410.0
"Kansas City, MO",2026-08-01,0.2060382182718532,39.1238,-94.5541,0.0012646827138312888,2025-08-01,2253579.0
"Kennewick, WA",2026-08-01,0.2143093697366553,46.1978,-119.1732,-0.0049471988191306104,2025-08-01,319428.0
"Killeen, TX",2026-08-01,0.2212197809386274,31.0753,-97.7297,-0.008376099338948895,2025-08-01,509487.0
"Kingsport, TN",2026-08-01,0.2345865678732999,36.5224,-82.5454,0.004449908569116701,2025-08-01,313876.0
"Kingston, NY",2026-08-01,0.2549274004510918,41.9295,-73.9968,0.0041463637090317085,2025-08-01,182977.0
"Knoxville, TN",2026-08-01,0.2641916148318098,35.9692,-83.9496,-0.005713568298425398,2025-08-01,957608.0
"Kokomo, IN",2026-08-01,0.172209959591216,40.464,-86.1277,0.002091450426399577,2025-08-01,84082.0
"La Crosse, WI",2026-08-01,0.171301070326337,43.8241,-91.2268,-0.0003353015379636004,2025-08-01,170763.0
"Lafayette, IN",2026-08-01,0.2334105645374166,40.3991,-86.8593,-0.0028422914821562006,2025-08-01,229701.0
"Lafayette, LA",2026-08-01,0.2534077067100456,30.2082,-92.0325,-0.007044674615896418,2025-08-01,419704.0
"Lake Charles, LA",2026-08-01,0.2279487963618927,30.201,-93.2111,0.0295269532073468,2025-08-01,242975.0
"Lake Havasu City, AZ",2026-08-01,0.2829831099501836,34.5006,-114.3113,-0.0060999618476805795,2025-08-01,226479.0
"Lakeland, FL",2026-08-01,0.3138153327806297,28.0557,-81.9545,-0.006177286032612306,2025-08-01,852878.0
"Lancaster, PA",2026-08-01,0.2036122494058148,40.042,-76.3012,0.0017786947664119035,2025-08-01,563293.0
"Lansing, MI",2026-08-01,0.2001374496468052,42.7142,-84.5601,0.0020662126646130985,2025-08-01,479971.0
"Laredo, TX",2026-08-01,0.2436242481944436,27.5625,-99.4874,-0.004540840791498413,2025-08-01,272823.0
"Las Cruces, NM",2026-08-01,0.262397186212412,32.3265,-106.7893,-0.0041463278530436964,2025-08-01,229366.0
"Las Vegas, NV",2026-08-01,0.2441115362995494,36.2333,-115.2654,-0.006709833468538873,2025-08-01,2398871.0
"Lawrence, KS",2026-08-01,0.2094562203062632,38.9597,-95.2642,0.00748133148715982,2025-08-01,121989.0
"Lawton, OK",2026-08-01,0.2017961270357496,34.6175,-98.4202,0.004267613819195881,2025-08-01,126899.0
"Lebanon, PA",2026-08-01,0.222933651683491,40.3412,-76.4228,-0.004568709879903404,2025-08-01,145319.0
"Lewiston, ID",2026-08-01,0.1831343678552151,46.3934,-116.9933,,2025-08-01,65370.0
"Lewiston, ME",2026-08-01,0.2537361975393702,44.0915,-70.1681,-0.001587564829071908,2025-08-01,115272.0
"Lexington, KY",2026-08-01,0.2423170166855782,38.0423,-84.4587,0.000472548063580297,2025-08-01,533366.0
"Lima, OH",2026-08-01,0.1973709648430763,40.741,-84.112,0.006685497059521123,2025-08-01,100866.0
"Lincoln, NE",2026-08-01,0.1972425149512496,40.8099,-96.6784,-0.001237084662150112,2025-08-01,350626.0
"Little Rock, AR",2026-08-01,0.2049957038706074,34.7256,-92.3577,-0.0007974345360642066,2025-08-01,769258.0
"Logan, UT",2026-08-01,0.2038253205474208,41.7399,-111.8422,-0.00022295086241949646,2025-08-01,161125.0
"Longview, TX",2026-08-01,0.2082942425460016,32.5193,-94.7622,-0.003491715740430612,2025-08-01,295490.0
"Longview, WA",2026-08-01,0.1971216240870828,46.1461,-122.963,-0.00474979801527789,2025-08-01,113982.0
"Los Angeles, CA",2026-08-01,0.3411117823674414,34.1141,-118.4068,-0.005637537224404188,2025-08-01,12927614.0
"Louisville, KY",2026-08-01,0.2052697208271359,38.1663,-85.6485,-0.002613818233604598,2025-08-01,
"Lubbock, TX",2026-08-01,0.2381851481869429,33.5657,-101.8879,-0.003297216617411003,2025-08-01,367109.0
"Lynchburg, VA",2026-08-01,0.2299816360213633,37.4003,-79.1909,0.002608814884496602,2025-08-01,266432.0
"Macon, GA",2026-08-01,0.2505607650765396,32.8065,-83.6974,0.0007587487576920238,2025-08-01,237617.0
"Madera, CA",2026-08-01,0.3545120850454181,36.963,-120.0778,0.002518352374437205,2025-08-01,
"Madison, WI",2026-08-01,0.2056110716986239,43.0822,-89.393,-0.0007779080995532206,2025-08-01,707606.0
"Manchester, NH",2026-08-01,0.2310670662195786,42.9848,-71.4447,-0.00013462901537730776,2025-08-01,430462.0
"Manhattan, KS",2026-08-01,0.204971433154836,39.1886,-96.6048,0.002432336451387823,2025-08-01,134892.0
"Mankato, MN",2026-08-01,0.1816665167674518,44.1715,-93.9772,-0.0005786467878546031,2025-08-01,105193.0
"Mansfield, OH",2026-08-01,0.1535126224307151,40.7656,-82.5275,0.00315379039304009,2025-08-01,124853.0
"McAllen, TX",2026-08-01,0.2190513649977946,26.2252,-98.2467,-0.006000685662085892,2025-08-01,914820.0
"Medford, OR",2026-08-01,0.2738569852433498,42.3372,-122.854,0.0016368242201844074,2025-08-01,221331.0
"Memphis, TN",2026-08-01,0.235342775811096,35.1087,-89.9663,-0.004366498855621598,2025-08-01,1339345.0
"Merced, CA",2026-08-01,0.3595294649163236,37.3057,-120.4779,-0.00495485143573271,2025-08-01,296774.0
"Miami, FL",2026-08-01,0.3710920203448288,25.784,-80.2101,-0.006401565131927689,2025-08-01,6457988.0
"Michigan City, IN",2026-08-01,0.1903018578318391,41.7092,-86.869,0.0039337859378107964,2025-08-01,111348.0
"Midland, MI",2026-08-01,0.2025134137102346,43.6241,-84.2319,0.004413849871596209,2025-08-01,84022.0
"Midland, TX",2026-08-01,0.203874330475229,32.0243,-102.1147,-0.011800551558543704,2025-08-01,188766.0
"Milwaukee, WI",2026-08-01,0.2229449214961787,43.0642,-87.9675,0.003426232233469606,2025-08-01,1574452.0
"Minneapolis, MN",2026-08-01,0.1981844043448429,44.9635,-93.2678,0.0008086661905715997,2025-08-01,3757952.0
"Minot, ND",2026-08-01,0.1903050242861125,48.2375,-101.278,0.0062008612019201215,2025-08-01,75938.0
"Missoula, MT",2026-08-01,0.230159133853,46.8751,-114.0214,0.00034653590381539257,2025-08-01,127741.0
"Mobile, AL",2026-08-01,0.2436233975533756,30.6782,-88.1162,0.0012262032975554893,2025-08-01,412339.0
"Modesto, CA",2026-08-01,0.2970610908058873,37.6375,-121.0028,-0.008390435761944814,2025-08-01,556972.0
"Monroe, LA",2026-08-01,0.2375471997532101,32.5185,-92.0774,0.018035809212445103,2025-08-01,221921.0
"Monroe, MI",2026-08-01,0.1826858695759403,41.9155,-83.3849,0.0008604296173174986,2025-08-01,156045.0
"Montgomery, AL",2026-08-01,0.2373705344720869,32.3482,-86.2668,-0.00010865680454180682,2025-08-01,387885.0
"Morgantown, WV",2026-08-01,0.240226337063676,39.6383,-79.9464,0.003576425178656306,2025-08-01,142752.0
"Morristown, TN",2026-08-01,0.27553912021981,36.2043,-83.3001,-0.004045877038067414,2025-08-01,126932.0
"Mount Vernon, WA",2026-08-01,0.2715819675728689,48.4203,-122.3115,0.0037878476338317757,2025-08-01,132736.0
"Muncie, IN",2026-08-01,0.2079041918465416,40.1989,-85.395,0.006079219496368804,2025-08-01,112951.0
"Muskegon, MI",2026-08-01,0.2468738307676684,43.2281,-86.2562,0.014749284934051976,2025-08-01,177428.0
"Myrtle Beach, SC",2026-08-01,0.2815256034922977,33.7094,-78.8844,-0.003148642787754674,2025-08-01,413391.0
"Napa, CA",2026-08-01,0.2536621869469589,38.2975,-122.301,-0.0050188531322125085,2025-08-01,132727.0
"Naples, FL",2026-08-01,0.3035255753858105,26.1504,-81.7936,-0.004943151410143898,2025-08-01,416233.0
"Nashville, TN",2026-08-01,0.2301408950199077,36.1715,-86.7842,-0.005858744363099494,2025-08-01,2150553.0
"New Bern, NC",2026-08-01,0.2787021047841423,35.0955,-77.0723,0.0033692082450950123,2025-08-01,
"New Haven, CT",2026-08-01,0.2670223344391247,41.3113,-72.9246,-0.001116639176066303,2025-08-01,576718.0
"New Orleans, LA",2026-08-01,0.2886133361548071,30.0687,-89.9288,-0.005660622171835605,2025-08-01,966230.0
"New York, NY",2026-08-01,0.4086849124238587,40.6943,-73.9249,0.005264386956377265,2025-08-01,19940274.0
"Niles, MI",2026-08-01,0.2141698057310808,41.8346,-86.2473,0.005890891107215607,2025-08-01,152703.0
"North Port, FL",2026-08-01,0.2911020067662694,27.0576,-82.1977,-0.013969868915407191,2025-08-01,934956.0
"Norwich, CT",2026-08-01,0.2471498957818027,41.5495,-72.0882,0.003525418663886476,2025-08-01,282602.0
"Ocala, FL",2026-08-01,0.2726138473778823,29.178,-82.1511,-0.009541672523946387,2025-08-01,428905.0
"Ocean City, NJ",2026-08-01,0.2659464077979142,39.2681,-74.602,0.016660762499283888,2025-08-01,
"Odessa, TX",2026-08-01,0.2172073751559061,31.8801,-102.3448,-0.015003279936485786,2025-08-01,170022.0
"Ogden, UT",2026-08-01,0.1900140183517264,41.2279,-111.9682,-0.004245507506809798,2025-08-01,667681.0
"Oklahoma City, OK",2026-08-01,0.212381686289366,35.4676,-97.5136,-0.0011357034978297098,2025-08-01,1497821.0
"Olympia, WA",2026-08-01,0.2373980923626006,47.0417,-122.8959,-0.0030968452730354146,2025-08-01,302912.0
"Omaha, NE",2026-08-01,0.1882677433063997,41.2627,-96.0529,-0.001316614014525208,2025-08-01,1001010.0
"Orlando, FL",2026-08-01,0.2706289893400588,28.4773,-81.337,-0.006581089856555311,2025-08-01,2940513.0
"Oshkosh, WI",2026-08-01,0.1871261326429717,44.0227,-88.5619,-0.00019795670836908474,2025-08-01,173307.0
"Owensboro, KY",2026-08-01,0.1963918326252579,37.7575,-87.1172,0.0038535813316381007,2025-08-01,113583.0
"Oxnard, CA",2026-08-01,0.2885260171136479,34.1964,-119.1815,-0.0055740520382582814,2025-08-01,835427.0
"Paducah, KY",2026-08-01,0.1922261372817902,37.0711,-88.644,0.00567142191949338,2025-08-01,102395.0
"Palm Bay, FL",2026-08-01,0.2792360377702294,27.9631,-80.6593,-0.005119535844596512,2025-08-01,658447.0
"Panama City, FL",2026-08-01,0.2475924304287075,30.1995,-85.6003,-0.005153211135250024,2025-08-01,226221.0
"Parkersburg, WV",2026-08-01,0.1963104707398063,39.2623,-81.542,0.002691495922597875,2025-08-01,87681.0
"Pensacola, FL",2026-08-01,0.2704900078538794,30.4413,-87.1911,-0.0013470190824191874,2025-08-01,538928.0
"Peoria, IL",2026-08-01,0.178582238111896,40.752,-89.6154,0.00551506278155639,2025-08-01,364565.0
"Philadelphia, PA",2026-08-01,0.2373381755719683,40.0077,-75.1339,0.0008554628743350778,2025-08-01,6330422.0
"Phoenix, AZ",2026-08-01,0.2151161434922482,33.5722,-112.0892,-0.005908142920130199,2025-08-01,5186958.0
"Pine Bluff, AR",2026-08-01,0.2109433632136965,34.2116,-92.0173,,2025-08-01,
"Pinehurst, NC",2026-08-01,0.2636507577808915,35.1922,-79.4684,-0.007617633949858038,2025-08-01,108417.0
"Pittsburgh, PA",2026-08-01,0.2157022132545771,40.4397,-79.9763,0.00047376734127690945,2025-08-01,2429917.0
"Pittsfield, MA",2026-08-01,0.2552305619424913,42.4517,-73.2605,0.0037509965754717878,2025-08-01,128726.0
"Pocatello, ID",2026-08-01,0.1732088096013755,42.8724,-112.4647,-0.0035939691683448127,2025-08-01,91010.0
"Port St. Lucie, FL",2026-08-01,0.3176716488814933,27.2796,-80.3884,-0.002271505212253,2025-08-01,556336.0
"Portland, ME",2026-08-01,0.2863273140618666,43.6773,-70.2715,-0.0019368236814119033,2025-08-01,571534.0
"Portland, OR",2026-08-01,0.2037981480388976,45.5371,-122.65,-0.005690591405080214,2025-08-01,2537904.0
"Prescott Valley, AZ",2026-08-01,0.2758735140543089,34.598,-112.3185,-0.006342539321552709,2025-08-01,252013.0
"Providence, RI",2026-08-01,0.3004501430858645,41.823,-71.4187,0.0021306372359150005,2025-08-01,1700901.0
"Provo, UT",2026-08-01,0.2059264861307939,40.2457,-111.6457,-0.0022711796246975002,2025-08-01,760531.0
"Pueblo, CO",2026-08-01,0.2544139887664712,38.2701,-104.6114,-0.005697397945832627,2025-08-01,169866.0
"Punta Gorda, FL",2026-08-01,0.2874977117474142,26.8941,-82.0513,-0.012171626643724398,2025-08-01,212122.0
"Racine, WI",2026-08-01,0.2060106015982598,42.7274,-87.8135,0.0038283987717552814,2025-08-01,198651.0
"Raleigh, NC",2026-08-01,0.1841762340986172,35.8324,-78.6429,-0.004459445459725597,2025-08-01,1562009.0
"Rapid City, SD",2026-08-01,0.2106345084246978,44.0716,-103.2204,0.0014282886516173154,2025-08-01,156227.0
"Reading, PA",2026-08-01,0.2177975058498634,40.34,-75.9267,0.0003638614985795041,2025-08-01,439117.0
"Redding, CA",2026-08-01,0.2690958065179106,40.5698,-122.365,0.0018993762875981757,2025-08-01,181121.0
"Reno, NV",2026-08-01,0.2539625731835535,39.5497,-119.8483,0.007363145874442978,2025-08-01,575110.0
"Richmond, VA",2026-08-01,0.2383211677440334,37.5295,-77.4756,-0.0007832352794590047,2025-08-01,1370165.0
"Riverside, CA",2026-08-01,0.3134617340649278,33.9381,-117.3949,-0.0018403588215902267,2025-08-01,4744214.0
"Roanoke, VA",2026-08-01,0.2182743860943209,37.2785,-79.9581,0.0010672389160155948,2025-08-01,315749.0
"Rochester, MN",2026-08-01,0.2065527075980561,44.0154,-92.478,-0.0015276042449773042,2025-08-01,230742.0
"Rochester, NY",2026-08-01,0.227847588461612,43.168,-77.6162,-0.0004889593627113165,2025-08-01,1057218.0
"Rockford, IL",2026-08-01,0.2032834858097782,42.2596,-89.064,0.0068470410005430915,2025-08-01,337103.0
"Rocky Mount, NC",2026-08-01,0.2488769025177551,35.9685,-77.804,-0.003255361291744391,2025-08-01,147114.0
"Rome, GA",2026-08-01,0.2185055027573882,34.2662,-85.1863,-0.004630488398385896,2025-08-01,101390.0
"Sacramento, CA",2026-08-01,0.2601074200997689,38.5677,-121.4685,-0.003465738444809685,2025-08-01,2463127.0
"Saginaw, MI",2026-08-01,0.2056888247330267,43.4199,-83.9501,0.010142596001576493,2025-08-01,187714.0
"Salem, OR",2026-08-01,0.215145057723117,44.9233,-123.0244,-0.006453452825222583,2025-08-01,443416.0
"Salinas, CA",2026-08-01,0.343243247809421,36.6883,-121.6317,0.007088600273269519,2025-08-01,436251.0
"Salisbury, MD",2026-08-01,0.3227537899043532,38.3756,-75.5865,0.0019089988439144334,2025-08-01,131570.0
"Salt Lake City, UT",2026-08-01,0.1843110098086236,40.7776,-111.9311,-0.004926153702775382,2025-08-01,1300762.0
"San Angelo, TX",2026-08-01,0.2096105020660683,31.4424,-100.4504,0.004531854788729389,2025-08-01,121629.0
"San Antonio, TX",2026-08-01,0.2038707100977319,29.4632,-98.5238,-0.010411519822773524,2025-08-01,2763006.0
"San Diego, CA",2026-08-01,0.3073548496505563,32.8313,-117.1222,-0.003575060168601263,2025-08-01,3298799.0
"San Francisco, CA",2026-08-01,0.2785938991709076,37.7558,-122.4449,0.016548076393116118,2025-08-01,4648486.0
"San Jose, CA",2026-08-01,0.2546691342438156,37.3012,-121.848,0.009380626154955995,2025-08-01,1995484.0
"San Luis Obispo, CA",2026-08-01,0.3155916139218488,35.2669,-120.669,-0.004247342077674965,2025-08-01,281843.0
"Sandusky, OH",2026-08-01,0.2778865434435961,41.4468,-82.7024,0.026176533038193783,2025-08-01,113533.0
"Santa Cruz, CA",2026-08-01,0.368757765722384,36.9789,-122.0346,0.002169303433566805,2025-08-01,262406.0
"Santa Fe, NM",2026-08-01,0.2325606778111207,35.6619,-105.9819,-0.004685010191869704,2025-08-01,157765.0
"Santa Maria, CA",2026-08-01,0.3821126219142968,34.9333,-120.4431,3.8319860307001186e-05,2025-08-01,444500.0
"Santa Rosa, CA",2026-08-01,0.2799636108809409,38.4458,-122.7067,0.00010540614060111642,2025-08-01,485375.0
"Savannah, GA",2026-08-01,0.2510745010292659,32.0286,-81.1821,-0.009461371191533341,2025-08-01,431589.0
"Scranton, PA",2026-08-01,0.2151840718265588,41.4044,-75.6649,7.422142534879717e-05,2025-08-01,574009.0
"Seattle, WA",2026-08-01,0.2291595634544363,47.6211,-122.3244,-0.0035180049597677843,2025-08-01,4145494.0
"Sebastian, FL",2026-08-01,0.2990294267409267,27.7822,-80.4819,-0.0032491145337303906,2025-08-01,172139.0
"Sebring, FL",2026-08-01,0.2929967537865701,27.477,-81.453,-0.005363713122913116,2025-08-01,109778.0
"Sheboygan, WI",2026-08-01,0.1786359100441431,43.7403,-87.7316,-0.0020736086923466013,2025-08-01,118331.0
"Sherman, TX",2026-08-01,0.2087126215386772,33.6273,-96.6221,-0.015365707005901008,2025-08-01,150532.0
"Shreveport, LA",2026-08-01,0.2668450720984376,32.4653,-93.7955,0.0043465369995711045,2025-08-01,383269.0
"Sierra Vista, AZ",2026-08-01,0.240057929833276,31.563,-110.3153,-0.004454412788453904,2025-08-01,125773.0
"Sioux City, IA",2026-08-01,0.1818103744073318,42.4959,-96.3901,-0.0016273995940553898,2025-08-01,145994.0
"Sioux Falls, SD",2026-08-01,0.1771652818845071,43.5396,-96.7311,0.0018711058766225919,2025-08-01,308266.0
"South Bend, IN",2026-08-01,0.2355630409549798,41.6767,-86.2696,0.0012082198649689957,2025-08-01,325294.0
"Spartanburg, SC",2026-08-01,0.2427085653425041,34.9442,-81.9251,-0.003523065925410712,2025-08-01,395934.0
"Spokane, WA",2026-08-01,0.1995590272088369,47.6671,-117.433,-0.000425160246047801,2025-08-01,604962.0
"Springfield, IL",2026-08-01,0.166518945861146,39.7709,-89.654,0.0002880811351175794,2025-08-01,206308.0
"Springfield, MA",2026-08-01,0.2999829783245435,42.1155,-72.5395,0.0011894068502580901,2025-08-01,464151.0
"Springfield, MO",2026-08-01,0.2082004777551473,37.1943,-93.2916,0.0017914144032749046,2025-08-01,496975.0
"Springfield, OH",2026-08-01,0.2041284413926957,39.93,-83.7959,0.007340006785268416,2025-08-01,134985.0
"St. Cloud, MN",2026-08-01,0.1876796004752915,45.534,-94.1718,0.0027218831314730074,2025-08-01,205878.0
"St. George, UT",2026-08-01,0.2399939530626555,37.0758,-113.5752,-0.00292681705609929,2025-08-01,207943.0
"St. Joseph, MO",2026-08-01,0.1809073761920673,39.7598,-94.821,-0.004825803544594415,2025-08-01,119124.0
"St. Louis, MO",2026-08-01,0.199093956264795,38.6359,-90.2451,0.0026460159830309082,2025-08-01,2811927.0
"State College, PA",2026-08-01,0.2568157421050653,40.7909,-77.8567,0.004946701088234695,2025-08-01,159805.0
"Staunton, VA",2026-08-01,0.2337082762531886,38.1593,-79.0611,0.0020166639149022114,2025-08-01,128481.0
"Stockton, CA",2026-08-01,0.295393624075083,37.9765,-121.3109,-0.005571695536945087,2025-08-01,816108.0
"Sumter, SC",2026-08-01,0.3041789182177017,33.9392,-80.393,0.00325920684437242,2025-08-01,104776.0
"Syracuse, NY",2026-08-01,0.2366459795548242,43.0407,-76.1437,0.0034223718724263053,2025-08-01,655189.0
"Tallahassee, FL",2026-08-01,0.2591088542589198,30.4551,-84.2527,-0.004211014556191217,2025-08-01,397675.0
"Tampa, FL",2026-08-01,0.2868582737775417,27.9945,-82.4447,-0.010288873379175889,2025-08-01,3424560.0
"Terre Haute, IN",2026-08-01,0.1888114926355794,39.466,-87.3751,0.004030168311079385,2025-08-01,168874.0
"Texarkana, TX",2026-08-01,0.2394827779151794,33.45,-94.0847,0.0003175941330144094,2025-08-01,145576.0
"The Villages, FL",2026-08-01,0.2557776552148678,28.9034,-81.9887,-0.004977585527235429,2025-08-01,
"Toledo, OH",2026-08-01,0.2190917877103231,41.6638,-83.5827,0.0070160195921319946,2025-08-01,601396.0
"Topeka, KS",2026-08-01,0.1887769840345295,39.0346,-95.6955,0.0034509374768403878,2025-08-01,232648.0
"Traverse City, MI",2026-08-01,0.2571134199971138,44.7546,-85.6038,0.0008288424181365772,2025-08-01,156634.0
"Trenton, NJ",2026-08-01,0.279795234027096,40.2237,-74.7641,-0.0017912764520913171,2025-08-01,392138.0
"Tucson, AZ",2026-08-01,0.2300771542435259,32.1541,-110.8787,-0.0047915973948503,2025-08-01,1080149.0
"Tulsa, OK",2026-08-01,0.2187061708829611,36.1283,-95.9042,0.00022445524022721153,2025-08-01,1059803.0
"Tuscaloosa, AL",2026-08-01,0.2604308826562154,33.2348,-87.5268,0.0028608740308677105,2025-08-01,281963.0
"Twin Falls, ID",2026-08-01,0.2277355108542753,42.5645,-114.4613,-0.0007616841704411181,2025-08-01,122565.0
"Tyler, TX",2026-08-01,0.2082451959577194,32.3184,-95.3062,-0.0032995813795737017,2025-08-01,249091.0
United States,2026-08-01,0.2684219018119521,,,-0.0020378309475209133,2025-08-01,
"Urban Honolulu, HI",2026-08-01,0.3208037015541782,,,0.004531282297188799,2025-08-01,998747.0
"Utica, NY",2026-08-01,0.2192632488669025,43.0962,-75.2261,0.006379038131390374,2025-08-01,287932.0
"Valdosta, GA",2026-08-01,0.2584839378176296,30.8502,-83.2788,0.0008511445068419277,2025-08-01,152588.0
"Vallejo, CA",2026-08-01,0.2940715000153463,38.1125,-122.2342,-0.005378904322385691,2025-08-01,455101.0
"Victoria, TX",2026-08-01,0.2082593922285003,28.8287,-96.9849,-0.00013797534180981508,2025-08-01,99170.0
"Vineland, NJ",2026-08-01,0.2826761594553073,39.4653,-74.9981,0.006174600604388958,2025-08-01,155678.0
"Virginia Beach, VA",2026-08-01,0.2547897588038568,36.7335,-76.0435,0.006666520241030205,2025-08-01,1794278.0
"Visalia, CA",2026-08-01,0.2902087563925802,36.3276,-119.3269,0.0036164643833375143,2025-08-01,483546.0
"Waco, TX",2026-08-01,0.2368101141732458,31.5599,-97.1882,-0.0033636860941474167,2025-08-01,307123.0
"Walla Walla, WA",2026-08-01,0.2324660684273993,46.0671,-118.3368,-0.0020426838421110927,2025-08-01,62068.0
"Warner Robins, GA",2026-08-01,0.2199890053609531,32.5961,-83.6527,-0.0017230204782900105,2025-08-01,204110.0
"Washington, DC",2026-08-01,0.2186793551114834,38.9047,-77.0163,-0.005900205780267592,2025-08-01,6436489.0
"Waterloo, IA",2026-08-01,0.15203303848625,42.4918,-92.3522,0.0011871644366250877,2025-08-01,170081.0
"Watertown, NY",2026-08-01,0.2328631568893265,43.9734,-75.9094,0.01286295702372639,2025-08-01,113140.0
"Wausau, WI",2026-08-01,0.1426775647229388,44.962,-89.6459,0.007143400446446707,2025-08-01,139091.0
"Weirton, WV",2026-08-01,0.1449772882752203,40.406,-80.5671,0.006066594108945694,2025-08-01,113239.0
"Wenatchee, WA",2026-08-01,0.2563653687070764,47.436,-120.3295,-0.003628835540691322,2025-08-01,127023.0
"Wheeling, WV",2026-08-01,0.1818006523237587,40.0752,-80.6951,-0.0012737032202397025,2025-08-01,135136.0
"Wichita Falls, TX",2026-08-01,0.2145790430231524,33.9072,-98.5291,0.003946572725704506,2025-08-01,149869.0
"Wichita, KS",2026-08-01,0.1880776625149588,37.6895,-97.3443,0.0033968071163865965,2025-08-01,661217.0
"Williamsport, PA",2026-08-01,0.2060899186114502,41.2399,-77.037,0.0070016656459857,2025-08-01,113236.0
"Wilmington, NC",2026-08-01,0.2461007658186953,34.2099,-77.8866,0.0007211907737378065,2025-08-01,480522.0
"Winchester, VA",2026-08-01,0.2631577311057112,39.1735,-78.1746,0.0002092046228347466,2025-08-01,149702.0
"Winston, NC",2026-08-01,0.2668216103211825,,,-0.001314809972078168,2025-08-01,705187.0
"Worcester, MA",2026-08-01,0.2486171603474693,42.2705,-71.8079,-0.0038798701784481804,2025-08-01,881248.0
"Yakima, WA",2026-08-01,0.2074615101099158,46.5923,-120.5496,-0.00015596812350041067,2025-08-01,258523.0
"York, PA",2026-08-01,0.1968265298459176,39.9651,-76.7315,-8.127697137438883e-05,2025-08-01,471240.0
"Youngstown, OH",2026-08-01,0.1993970476838354,41.0993,-80.6463,0.0032332125344738116,2025-08-01,426086.0
"Yuba City, CA",2026-08-01,0.2735096508682029,39.1357,-121.6383,-0.0024689043102764097,2025-08-01,186014.0
"Yuma, AZ",2026-08-01,0.2456294705987657,32.5995,-114.5491,0.0005698232707130879,2025-08-01,220310.0
